event_id,delivery_state,failure_reason,safe_to_replay,recommended_action
evt_69b785d3b765,expired,endpoint_deleted,False,contact_customer_endpoint_deleted
evt_c5fb5e0d5e84,delivered,none,False,none
evt_db8477863a6c,delivered,none,False,none
evt_d9f122c2e5db,expired,endpoint_deleted,False,contact_customer_endpoint_deleted
evt_5c5b35a05bc8,expired,invalid_signature,True,verify_signature_config
evt_87625eccbec0,delivered,none,False,none
evt_77b836f110bb,expired,endpoint_deleted,False,contact_customer_endpoint_deleted
evt_f1a55715b97b,delivered,none,False,none
evt_a75cf8074088,expired,payload_too_large,False,reduce_payload_size
evt_bb3bc6b50bdc,expired,endpoint_deleted,False,contact_customer_endpoint_deleted
evt_7db61483191e,expired,payload_too_large,False,reduce_payload_size
evt_25ab06afed3d,delivered,none,False,none
evt_16381c9f33c3,delivered,none,False,none
evt_ebe992eb60f5,expired,payload_too_large,False,reduce_payload_size
evt_ea06cf939d54,expired,payload_too_large,False,reduce_payload_size
evt_4f85315bae7d,expired,payload_too_large,False,reduce_payload_size
evt_a2be6d03e309,delivered,none,False,none
evt_394bed7c9ae0,expired,malformed_response,True,investigate
evt_6b21d6b45a81,expired,payload_too_large,False,reduce_payload_size
evt_105f1909d04b,expired,payload_too_large,False,reduce_payload_size
evt_8ebe2c28c713,expired,payload_too_large,False,reduce_payload_size
evt_7e16132df535,expired,payload_too_large,False,reduce_payload_size
evt_447cbb524e5e,delivered,none,False,none
evt_186a032e9eac,delivered,none,False,none
evt_1a1d5cd58294,delivered,none,False,none
evt_e4b138a230cb,delivered,none,False,none
evt_7cb88db393f0,expired,payload_too_large,False,reduce_payload_size
evt_863f0ed75392,delivered,none,False,none
evt_4b57dffe4882,expired,endpoint_deleted,False,contact_customer_endpoint_deleted
evt_83804691d804,delivered,none,False,none
evt_98e706eee91a,expired,payload_too_large,False,reduce_payload_size
evt_51bc90fa70e8,expired,endpoint_deleted,False,contact_customer_endpoint_deleted
evt_b3209ec1ee64,expired,payload_too_large,False,reduce_payload_size
evt_8e26ca8619da,expired,payload_too_large,False,reduce_payload_size
evt_d2abd1321c22,delivered,none,False,none
evt_a87303626a1c,expired,payload_too_large,False,reduce_payload_size
evt_041d9d5b2e1c,expired,payload_too_large,False,reduce_payload_size
evt_fbd25951f338,delivered,none,False,none
evt_9960dc8b082d,expired,payload_too_large,False,reduce_payload_size
evt_dbebc0dc86cd,expired,payload_too_large,False,reduce_payload_size
evt_3d94ff9e903c,delivered,none,False,none
evt_d811ce4405e0,delivered,none,False,none
evt_6891fe0c09da,expired,payload_too_large,False,reduce_payload_size
evt_b887a9f620b1,delivered,none,False,none
evt_4d5bd7f50309,delivered,none,False,none
evt_c4d28b8f0d0e,expired,payload_too_large,False,reduce_payload_size
evt_76f32c045977,expired,payload_too_large,False,reduce_payload_size
evt_d9897ffb8279,delivered,none,False,none
evt_4141aed968b5,delivered,none,False,none
evt_b0891b5c0790,delivered,none,False,none
evt_de99de2a353d,delivered,none,False,none
evt_fdb7b5b20ecb,delivered,none,False,none
evt_dc5793471ce6,expired,payload_too_large,False,reduce_payload_size
evt_0404bb972aa1,delivered,none,False,none
evt_e3465a7ee407,expired,payload_too_large,False,reduce_payload_size
evt_e7cab3912c5a,delivered,none,False,none
evt_73df5d361217,expired,endpoint_deleted,False,contact_customer_endpoint_deleted
evt_7070ff1df9f4,expired,payload_too_large,False,reduce_payload_size
evt_b99ef7d6fdfd,delivered,none,False,none
evt_7b04b7a33441,expired,payload_too_large,False,reduce_payload_size
evt_46730ae96e75,delivered,none,False,none
evt_354fea34851b,delivered,none,False,none
evt_500a36322548,delivered,none,False,none
evt_90adc3b66e9e,expired,timeout,True,investigate
evt_b8adbca12f6f,delivered,none,False,none
evt_1a97fbfadc8c,delivered,none,False,none
evt_e06ffa5eac94,expired,endpoint_deleted,False,contact_customer_endpoint_deleted
evt_d1fd43b5850e,expired,endpoint_deleted,False,contact_customer_endpoint_deleted
evt_7c75eca32d6e,delivered,none,False,none
evt_beceea8f87d3,delivered,none,False,none
evt_824db4156f60,expired,payload_too_large,False,reduce_payload_size
evt_4c81466af93c,delivered,none,False,none
evt_736e8fb0edfa,expired,endpoint_deleted,False,contact_customer_endpoint_deleted
evt_9dd96053d5a5,duplicate,duplicate_event,False,fix_retry_logic
evt_e7e69733f361,expired,payload_too_large,False,reduce_payload_size
evt_188a101538bc,expired,endpoint_deleted,False,contact_customer_endpoint_deleted
evt_934ba0cd55a8,expired,endpoint_deleted,False,contact_customer_endpoint_deleted
evt_38099c415ff8,expired,payload_too_large,False,reduce_payload_size
evt_6f7a6b2ec4be,expired,payload_too_large,False,reduce_payload_size
evt_efb88099ff30,delivered,none,False,none
evt_23c5b64ef170,expired,payload_too_large,False,reduce_payload_size
evt_d78b5e16459b,expired,endpoint_deleted,False,contact_customer_endpoint_deleted
evt_b21fc9811e53,delivered,none,False,none
evt_647919f61a6e,expired,endpoint_deleted,False,contact_customer_endpoint_deleted
evt_5edf6577f529,delivered,none,False,none
evt_b3fb90fc24e3,delivered,none,False,none
evt_6a9820a8f3dc,duplicate,duplicate_event,False,fix_retry_logic
evt_78b8c6b7b236,delivered,none,False,none
evt_2077d7160aeb,delivered,none,False,none
evt_6728c66988a0,expired,payload_too_large,False,reduce_payload_size
evt_b6f86646af9a,delivered,none,False,none
evt_073e47045114,delivered,none,False,none
evt_8f40d00740c1,expired,endpoint_deleted,False,contact_customer_endpoint_deleted
evt_c217b0ff3438,expired,payload_too_large,False,reduce_payload_size
evt_ccd585d3f1b6,expired,payload_too_large,False,reduce_payload_size
evt_97bef5160ecf,delivered,none,False,none
evt_228b3eaadfd8,delivered,none,False,none
evt_42b0dc4e94ff,expired,endpoint_deleted,False,contact_customer_endpoint_deleted
evt_da08e31f5443,expired,payload_too_large,False,reduce_payload_size
evt_f1b25c1ced65,expired,payload_too_large,False,reduce_payload_size
evt_d20a2ab363a2,expired,payload_too_large,False,reduce_payload_size
evt_b6e2664cf9ae,delivered,none,False,none
evt_e32dc237e6af,expired,payload_too_large,False,reduce_payload_size
evt_ab188d96fb0a,expired,payload_too_large,False,reduce_payload_size
evt_54dbb89a0aa0,expired,payload_too_large,False,reduce_payload_size
evt_57b474c73ec2,expired,endpoint_deleted,False,contact_customer_endpoint_deleted
evt_63061fe81dd3,expired,endpoint_deleted,False,contact_customer_endpoint_deleted
evt_68daa270c790,delivered,none,False,none
evt_83944b07aa70,expired,payload_too_large,False,reduce_payload_size
evt_de4532ef37f6,delivered,none,False,none
evt_f8f75b3b8b96,expired,payload_too_large,False,reduce_payload_size
evt_90aaaccf1c5c,expired,payload_too_large,False,reduce_payload_size
evt_c74e6a1408e5,expired,replay_without_fix,False,investigate
evt_fbd6e3e11d60,delivered,none,False,none
evt_7562b46ee65a,expired,payload_too_large,False,reduce_payload_size
evt_4bf8d2eb5836,expired,endpoint_deleted,False,contact_customer_endpoint_deleted
evt_9e00f32b8939,expired,invalid_signature,True,verify_signature_config
evt_8a8aebe6339d,expired,payload_too_large,False,reduce_payload_size
evt_aabd1d0fffcd,expired,malformed_response,True,investigate
evt_3c6498443865,delivered,none,False,none
evt_a101815e301c,expired,payload_too_large,False,reduce_payload_size
evt_26ca26f0d847,delivered,none,False,none
evt_60e7b092ef7f,expired,payload_too_large,False,reduce_payload_size
evt_890ad9cca16c,expired,payload_too_large,False,reduce_payload_size
evt_59e390d2c842,delivered,none,False,none
evt_152d6a5984fa,expired,payload_too_large,False,reduce_payload_size
evt_9ecccb98ca76,expired,payload_too_large,False,reduce_payload_size
evt_6e12250da70a,expired,payload_too_large,False,reduce_payload_size
evt_e8b647b28755,expired,malformed_response,True,investigate
evt_070210cf7696,expired,endpoint_deleted,False,contact_customer_endpoint_deleted
evt_17d10289e1f4,expired,payload_too_large,False,reduce_payload_size
evt_41d756b6386e,delivered,none,False,none
evt_a277d9523e97,delivered,none,False,none
evt_6fdbbcb42799,expired,payload_too_large,False,reduce_payload_size
evt_ab68a0e7d1d6,expired,payload_too_large,False,reduce_payload_size
evt_1b7081c83c99,expired,payload_too_large,False,reduce_payload_size
evt_e8b599049d62,delivered,none,False,none
evt_e954426e9ffa,expired,endpoint_deleted,False,contact_customer_endpoint_deleted
evt_bf0872336f15,expired,endpoint_deleted,False,contact_customer_endpoint_deleted
evt_cccb12f1a235,expired,payload_too_large,False,reduce_payload_size
evt_8a98f6ad50aa,expired,payload_too_large,False,reduce_payload_size
evt_5b8ef34c2829,expired,invalid_signature,True,verify_signature_config
evt_9e4cf33444d5,expired,payload_too_large,False,reduce_payload_size
evt_f0e97a825a87,expired,payload_too_large,False,reduce_payload_size
evt_9165114b149e,expired,payload_too_large,False,reduce_payload_size
evt_5b5ac569bb61,delivered,none,False,none
evt_b5b87b997c80,delivered,none,False,none
evt_11dce6b31683,expired,payload_too_large,False,reduce_payload_size
evt_b11f61887b54,delivered,none,False,none
evt_576dc2b89e4c,delivered,none,False,none
evt_01ff1e10173a,delivered,none,False,none
evt_a2d08faa70cb,expired,malformed_response,True,investigate
evt_106e915084a0,expired,rate_limited,True,apply_exponential_backoff
evt_60b7048397cc,delivered,none,False,none
evt_ce724293238c,expired,payload_too_large,False,reduce_payload_size
evt_cf3f0b013ac9,expired,payload_too_large,False,reduce_payload_size
evt_435e41fe31b7,expired,payload_too_large,False,reduce_payload_size
evt_43092ef6ba3b,delivered,none,False,none
evt_70217fdf9500,expired,payload_too_large,False,reduce_payload_size
evt_a4716f0b94c8,expired,endpoint_deleted,False,contact_customer_endpoint_deleted
evt_4ef54576144d,recovered,none,False,none
evt_3394df848a62,delivered,none,False,none
evt_dec6794744cf,delivered,none,False,none
evt_350701139143,expired,endpoint_deleted,False,contact_customer_endpoint_deleted
evt_55805803ff2e,delivered,none,False,none
evt_88b8922adb8a,delivered,none,False,none
evt_52255dc3220e,delivered,none,False,none
evt_bfe555f8b14a,expired,payload_too_large,False,reduce_payload_size
evt_a77b2e7c1eed,delivered,none,False,none
evt_d7aa5f4afd45,expired,payload_too_large,False,reduce_payload_size
evt_c1b1a5321628,expired,endpoint_deleted,False,contact_customer_endpoint_deleted
evt_a418c8298a99,expired,payload_too_large,False,reduce_payload_size
evt_9dc77cc5fd60,expired,malformed_response,True,investigate
evt_16579f9370c5,expired,invalid_signature,True,verify_signature_config
evt_fa0180ca0fd7,expired,endpoint_deleted,False,contact_customer_endpoint_deleted
evt_31f7e71c9735,expired,payload_too_large,False,reduce_payload_size
evt_10885f204e84,delivered,none,False,none
evt_92b4552fd1a9,delivered,none,False,none
evt_0556f5720442,expired,payload_too_large,False,reduce_payload_size
evt_429972c87c95,expired,payload_too_large,False,reduce_payload_size
evt_a6da3629d643,expired,payload_too_large,False,reduce_payload_size
evt_f5e56109d30c,expired,payload_too_large,False,reduce_payload_size
evt_799dc4604263,expired,invalid_signature,True,verify_signature_config
evt_e11c8f4c79a5,delivered,none,False,none
evt_fa9a784e3b26,delivered,none,False,none
evt_a511731c0c9a,expired,endpoint_deleted,False,contact_customer_endpoint_deleted
evt_221eefe20824,delivered,none,False,none
evt_d12fea6c185a,expired,payload_too_large,False,reduce_payload_size
evt_f8b0b763e84a,expired,payload_too_large,False,reduce_payload_size
evt_729ac088379e,delivered,none,False,none
evt_51c15f3f61a0,expired,endpoint_deleted,False,contact_customer_endpoint_deleted
evt_70fd6129a017,expired,payload_too_large,False,reduce_payload_size
evt_ac718cc42124,delivered,none,False,none
evt_11d162e3911d,expired,payload_too_large,False,reduce_payload_size
evt_0cbd63f167db,expired,payload_too_large,False,reduce_payload_size
evt_7293223fb707,expired,payload_too_large,False,reduce_payload_size
evt_f5d7e36f5be3,delivered,none,False,none
evt_65d63f08acd3,delivered,none,False,none
evt_45e7b0c5bdb2,delivered,none,False,none
evt_18f7988a43ce,expired,endpoint_deleted,False,contact_customer_endpoint_deleted
evt_9d8fcb7229a9,delivered,none,False,none
evt_ba1494ad3078,expired,payload_too_large,False,reduce_payload_size
evt_96126e12f92f,delivered,none,False,none
evt_7de948716a5a,expired,timeout,True,investigate
evt_2691878172d7,delivered,none,False,none
evt_490214239cc7,expired,endpoint_deleted,False,contact_customer_endpoint_deleted
evt_46321ada0313,expired,payload_too_large,False,reduce_payload_size
evt_addbdaa26fc2,expired,endpoint_deleted,False,contact_customer_endpoint_deleted
evt_eb9fa114c7a5,delivered,none,False,none
evt_d44798a13b63,expired,payload_too_large,False,reduce_payload_size
evt_1679f69a2e8b,expired,payload_too_large,False,reduce_payload_size
evt_4f4425f448cd,expired,customer_endpoint_down,True,wait_and_retry
evt_3863e2619fab,expired,endpoint_deleted,False,contact_customer_endpoint_deleted
evt_46c2bbf329f6,expired,payload_too_large,False,reduce_payload_size
evt_fc8e27f8178b,expired,malformed_response,True,investigate
evt_eafb04a39d76,expired,payload_too_large,False,reduce_payload_size
evt_329367b176b4,expired,payload_too_large,False,reduce_payload_size
evt_baab14b91fb9,expired,payload_too_large,False,reduce_payload_size
evt_a1dd2e8916bb,delivered,none,False,none
evt_50d7fb512baf,expired,payload_too_large,False,reduce_payload_size
evt_417021cf752a,delivered,none,False,none
evt_7c0f48e0db08,expired,payload_too_large,False,reduce_payload_size
evt_86ddf8bc3935,delivered,none,False,none
evt_cbee6e2195ed,delivered,none,False,none
evt_4b90770575af,expired,payload_too_large,False,reduce_payload_size
evt_653ace29ed5a,delivered,none,False,none
evt_3c85bf9c3fed,recovered,none,False,none
evt_b6fc1b7d7209,recovered,none,False,none
evt_5dc79d8b913a,expired,endpoint_deleted,False,contact_customer_endpoint_deleted
evt_b5d692122802,expired,payload_too_large,False,reduce_payload_size
evt_85164d76ed0f,delivered,none,False,none
evt_ce125b0e96a1,delivered,none,False,none
evt_7df5143f99fe,expired,endpoint_deleted,False,contact_customer_endpoint_deleted
evt_8f6ac9da96c8,expired,payload_too_large,False,reduce_payload_size
evt_334a83d839da,expired,endpoint_deleted,False,contact_customer_endpoint_deleted
evt_07be6ab581ee,delivered,none,False,none
evt_e0bd9ed13c31,expired,payload_too_large,False,reduce_payload_size
evt_2f05a254f05b,delivered,none,False,none
evt_fbeed03be290,expired,rate_limited,True,apply_exponential_backoff
evt_77d3e461a54c,expired,payload_too_large,False,reduce_payload_size
evt_9ee71ad819c6,delivered,none,False,none
evt_0f14f7d3fe3f,delivered,none,False,none
evt_c9f476d90eab,delivered,none,False,none
evt_9580901aa746,delivered,none,False,none
evt_5d42d0885264,expired,replay_without_fix,False,investigate
evt_5b1a9e683ef9,expired,payload_too_large,False,reduce_payload_size
evt_a4b8da1430d4,delivered,none,False,none
evt_57720f5659f6,expired,endpoint_deleted,False,contact_customer_endpoint_deleted
evt_f6d0bb1291f1,expired,rate_limited,True,apply_exponential_backoff
evt_eda1ade8f1c8,expired,endpoint_deleted,False,contact_customer_endpoint_deleted
evt_eb03d6ef3f71,expired,payload_too_large,False,reduce_payload_size
evt_643b8d18075d,delivered,none,False,none
evt_f4af45ef3968,expired,payload_too_large,False,reduce_payload_size
evt_1606183d7699,expired,payload_too_large,False,reduce_payload_size
evt_55b6f016098f,delivered,none,False,none
evt_307b68e24646,expired,payload_too_large,False,reduce_payload_size
evt_eb97db895d33,expired,endpoint_deleted,False,contact_customer_endpoint_deleted
evt_17efbc2b1380,delivered,none,False,none
evt_403030511dfe,expired,payload_too_large,False,reduce_payload_size
evt_92e0751550bd,expired,payload_too_large,False,reduce_payload_size
evt_35cf36582131,delivered,none,False,none
evt_1a9962c66f46,expired,endpoint_deleted,False,contact_customer_endpoint_deleted
evt_d0474c6996a7,delivered,none,False,none
evt_26bcaa4537a3,expired,payload_too_large,False,reduce_payload_size
evt_860960e19730,delivered,none,False,none
evt_403a4c6231a1,expired,payload_too_large,False,reduce_payload_size
evt_4e6b16c6eece,expired,payload_too_large,False,reduce_payload_size
evt_8fe4b75f7073,duplicate,duplicate_event,False,fix_retry_logic
evt_a2558bc2e743,delivered,none,False,none
evt_645bd089e01e,delivered,none,False,none
evt_108e8a12975e,expired,timeout,True,investigate
evt_9f6c1426771c,delivered,none,False,none
evt_9030ecad5f02,expired,endpoint_deleted,False,contact_customer_endpoint_deleted
evt_f0de473d29d2,delivered,none,False,none
evt_85b37e2897e9,expired,endpoint_deleted,False,contact_customer_endpoint_deleted
evt_1a092fc1b38a,delivered,none,False,none
evt_f2d1483e8ca2,delivered,none,False,none
evt_d3ee16bf2610,expired,endpoint_deleted,False,contact_customer_endpoint_deleted
evt_add2a83ca866,delivered,none,False,none
evt_772f5f507858,expired,payload_too_large,False,reduce_payload_size
evt_bb120907eedb,expired,payload_too_large,False,reduce_payload_size
evt_96bf82fc29e3,delivered,none,False,none
evt_9e96dac64d92,delivered,none,False,none
evt_8c7bf9179b84,expired,endpoint_deleted,False,contact_customer_endpoint_deleted
evt_e3448900251f,delivered,none,False,none
evt_77de61c19622,expired,payload_too_large,False,reduce_payload_size
evt_a22993a79460,delivered,none,False,none
evt_fce769b74c63,expired,payload_too_large,False,reduce_payload_size
evt_cdaadbdfb646,expired,payload_too_large,False,reduce_payload_size
evt_aabdd9000c06,expired,payload_too_large,False,reduce_payload_size
evt_f3e42142f37b,expired,payload_too_large,False,reduce_payload_size
evt_368feac47905,delivered,none,False,none
evt_e85a9da9055b,delivered,none,False,none
evt_629b12a1d54a,expired,endpoint_deleted,False,contact_customer_endpoint_deleted
evt_b34f85168359,delivered,none,False,none
evt_f5bce142574e,delivered,none,False,none
evt_dc097d35125a,delivered,none,False,none
evt_577eb5789225,delivered,none,False,none
evt_21427a77b6ec,delivered,none,False,none
evt_dab21a7188db,delivered,none,False,none
evt_82d8dd6c1cfd,expired,endpoint_deleted,False,contact_customer_endpoint_deleted
evt_093e04fee7f9,expired,payload_too_large,False,reduce_payload_size
evt_a369df63f7ec,expired,payload_too_large,False,reduce_payload_size
evt_e2dbb70da2d2,expired,payload_too_large,False,reduce_payload_size
evt_2f7a63daa8f1,expired,endpoint_deleted,False,contact_customer_endpoint_deleted
evt_65af42bc581d,delivered,none,False,none
evt_a8f522411856,expired,payload_too_large,False,reduce_payload_size
evt_83945e1e017a,delivered,none,False,none
evt_943a86ec9e3a,delivered,none,False,none
evt_8109a120e1f3,expired,payload_too_large,False,reduce_payload_size
evt_38dd94cbb8ee,delivered,none,False,none
evt_fce3bef3e233,delivered,none,False,none
evt_969e6a179c24,delivered,none,False,none
evt_bf060be97600,delivered,none,False,none
evt_21e448f83d88,delivered,none,False,none
evt_0a00be91018f,delivered,none,False,none
evt_cc67ecb848de,delivered,none,False,none
evt_4f0533eed0ca,expired,endpoint_deleted,False,contact_customer_endpoint_deleted
evt_503ad294ef4e,expired,endpoint_deleted,False,contact_customer_endpoint_deleted
evt_c0aa7f657cb2,delivered,none,False,none
evt_5d679f648743,expired,payload_too_large,False,reduce_payload_size
evt_61299b567868,expired,endpoint_deleted,False,contact_customer_endpoint_deleted
evt_338530f4c576,expired,payload_too_large,False,reduce_payload_size
evt_7f2227a2dd68,delivered,none,False,none
evt_23ba2549aa34,expired,endpoint_deleted,False,contact_customer_endpoint_deleted
evt_f19060a536b9,delivered,none,False,none
evt_4d54caab4018,expired,endpoint_deleted,False,contact_customer_endpoint_deleted
evt_811f4e225246,expired,endpoint_deleted,False,contact_customer_endpoint_deleted
evt_7d054fbaa60d,delivered,none,False,none
evt_0f81202f0b1b,delivered,none,False,none
evt_8752c1602839,expired,payload_too_large,False,reduce_payload_size
evt_3df134bb02d6,expired,payload_too_large,False,reduce_payload_size
evt_f931ae423004,expired,payload_too_large,False,reduce_payload_size
evt_01e895d93689,expired,payload_too_large,False,reduce_payload_size
evt_ef7a55bca284,expired,payload_too_large,False,reduce_payload_size
evt_b880b9b8e723,delivered,none,False,none
evt_c27b634c8e93,expired,payload_too_large,False,reduce_payload_size
evt_e80f422e2edd,expired,payload_too_large,False,reduce_payload_size
evt_62dc64df50f3,expired,payload_too_large,False,reduce_payload_size
evt_f392e4bbddb4,delivered,none,False,none
evt_1d647bf59c25,expired,payload_too_large,False,reduce_payload_size
evt_ec15160f769d,delivered,none,False,none
evt_b3d1254ab35c,delivered,none,False,none
evt_602cd7f62560,expired,payload_too_large,False,reduce_payload_size
evt_ec6f6d9391e7,delivered,none,False,none
evt_ce2726e88a07,delivered,none,False,none
evt_a995ed21173f,expired,payload_too_large,False,reduce_payload_size
evt_55312d9794ba,expired,payload_too_large,False,reduce_payload_size
evt_9fe1f7093794,delivered,none,False,none
evt_d7188f978707,expired,payload_too_large,False,reduce_payload_size
evt_aefcf710d1c1,expired,payload_too_large,False,reduce_payload_size
evt_19c79ce2ad2b,expired,endpoint_deleted,False,contact_customer_endpoint_deleted
evt_dd072f15e3dd,expired,payload_too_large,False,reduce_payload_size
evt_dd3285f936e2,expired,payload_too_large,False,reduce_payload_size
evt_77383178a28d,expired,payload_too_large,False,reduce_payload_size
evt_d5183f7767c7,expired,payload_too_large,False,reduce_payload_size
evt_c6398341d89f,delivered,none,False,none
evt_4e33fbe3d2ea,expired,endpoint_deleted,False,contact_customer_endpoint_deleted
evt_d643764d9c2d,expired,replay_without_fix,False,investigate
evt_775019326914,expired,payload_too_large,False,reduce_payload_size
evt_45f6d36b31bb,delivered,none,False,none
evt_9bbbb5491c7c,expired,payload_too_large,False,reduce_payload_size
evt_d10a69837699,expired,payload_too_large,False,reduce_payload_size
evt_67479a99a3ce,expired,payload_too_large,False,reduce_payload_size
evt_ffa87d7d9749,delivered,none,False,none
evt_46fdecbe968c,delivered,none,False,none
evt_f17b1e65ee61,expired,replay_without_fix,False,investigate
evt_3a4965904705,duplicate,duplicate_event,False,fix_retry_logic
evt_4ad753133e61,expired,payload_too_large,False,reduce_payload_size
evt_776844fee83a,delivered,none,False,none
evt_490432da2e5b,expired,replay_without_fix,False,investigate
evt_5ee5af12e149,expired,payload_too_large,False,reduce_payload_size
evt_1cb93036c0c2,expired,endpoint_deleted,False,contact_customer_endpoint_deleted
evt_196bc429c340,delivered,none,False,none
evt_7e33aaab9854,delivered,none,False,none
evt_e397c6d62dc4,delivered,none,False,none
evt_eb047def90f3,expired,payload_too_large,False,reduce_payload_size
evt_b92b0ce0edc6,delivered,none,False,none
evt_a18a936fd9f8,delivered,none,False,none
evt_f1b851fa7ab2,delivered,none,False,none
evt_6539fa31b116,expired,payload_too_large,False,reduce_payload_size
evt_82ac05c7275b,expired,payload_too_large,False,reduce_payload_size
evt_5f765025b626,expired,payload_too_large,False,reduce_payload_size
evt_4917bb377a84,duplicate,duplicate_event,False,fix_retry_logic
evt_9b67e1475dea,expired,payload_too_large,False,reduce_payload_size
evt_261a7ced06da,delivered,none,False,none
evt_c94b613b4379,delivered,none,False,none
evt_7beb8dfc127a,delivered,none,False,none
evt_7f34b8d3e882,delivered,none,False,none
evt_f8ecdf18192d,expired,endpoint_deleted,False,contact_customer_endpoint_deleted
evt_f8f3c85c307f,delivered,none,False,none
evt_6206c5dfd206,delivered,none,False,none
evt_f5d285619090,expired,payload_too_large,False,reduce_payload_size
evt_9715eac842e1,duplicate,duplicate_event,False,fix_retry_logic
evt_594663c43f06,expired,payload_too_large,False,reduce_payload_size
evt_4c37b9884225,delivered,none,False,none
evt_2963eeba79c7,expired,endpoint_deleted,False,contact_customer_endpoint_deleted
evt_2193dfb2d215,delivered,none,False,none
evt_efd2c5d7702f,delivered,none,False,none
evt_d9d82c581e75,delivered,none,False,none
evt_d4c8dc8f420c,delivered,none,False,none
evt_790481eb7ab4,expired,payload_too_large,False,reduce_payload_size
evt_514088ce7e76,delivered,none,False,none
evt_077639d8dc67,delivered,none,False,none
evt_d06a9cc0ddd7,expired,payload_too_large,False,reduce_payload_size
evt_97b44dbc83c0,delivered,none,False,none
evt_c58c8bb0f82e,delivered,none,False,none
evt_5ff57b9aa6e1,delivered,none,False,none
evt_fb9ecaa54b1b,delivered,none,False,none
evt_157bbb5c5250,delivered,none,False,none
evt_61a73c616a03,expired,payload_too_large,False,reduce_payload_size
evt_8a6b69c7d3a5,delivered,none,False,none
evt_241652f85c82,expired,payload_too_large,False,reduce_payload_size
evt_f8433d9414bb,delivered,none,False,none
evt_1ef740852970,expired,payload_too_large,False,reduce_payload_size
evt_023207301a86,expired,invalid_signature,True,verify_signature_config
evt_f652b01ae32d,delivered,none,False,none
evt_acc2eb241d59,expired,payload_too_large,False,reduce_payload_size
evt_86201922b97b,delivered,none,False,none
evt_da86a34d00eb,expired,payload_too_large,False,reduce_payload_size
evt_d30d88d7afe6,expired,payload_too_large,False,reduce_payload_size
evt_3ca6d686deb8,expired,endpoint_deleted,False,contact_customer_endpoint_deleted
evt_ff8a8cd20841,delivered,none,False,none
evt_152355c44f64,expired,endpoint_deleted,False,contact_customer_endpoint_deleted
evt_d19130b103be,delivered,none,False,none
evt_8423bd7b3487,delivered,none,False,none
evt_326c29281b43,delivered,none,False,none
evt_084af76c80d2,expired,payload_too_large,False,reduce_payload_size
evt_41431f36d9ca,expired,payload_too_large,False,reduce_payload_size
evt_f4dcda5be0f8,delivered,none,False,none
evt_2ce8359f5cee,expired,payload_too_large,False,reduce_payload_size
evt_f8a2cef2a18c,delivered,none,False,none
evt_3fd9aa179dc7,expired,payload_too_large,False,reduce_payload_size
evt_59f012643c45,delivered,none,False,none
evt_c781988d4678,delivered,none,False,none
evt_7ada1d491bd7,expired,endpoint_deleted,False,contact_customer_endpoint_deleted
evt_4be7fbea8ae8,delivered,none,False,none
evt_d11a8ffd998e,expired,rate_limited,True,apply_exponential_backoff
evt_fca7b3fe904c,expired,payload_too_large,False,reduce_payload_size
evt_74e6cecb0fad,delivered,none,False,none
evt_222f86181bf3,delivered,none,False,none
evt_cbd196d9ca96,expired,payload_too_large,False,reduce_payload_size
evt_8d66dc7afe7f,expired,payload_too_large,False,reduce_payload_size
evt_cbedf8837f7f,expired,payload_too_large,False,reduce_payload_size
evt_ef10a7fbff90,delivered,none,False,none
evt_aa0e8346209a,expired,endpoint_deleted,False,contact_customer_endpoint_deleted
evt_80266a06cafa,expired,endpoint_deleted,False,contact_customer_endpoint_deleted
evt_0f4515830a18,expired,payload_too_large,False,reduce_payload_size
evt_728f5a0489b4,delivered,none,False,none
evt_1601774d95e7,expired,endpoint_deleted,False,contact_customer_endpoint_deleted
evt_abc6dfd88402,expired,payload_too_large,False,reduce_payload_size
evt_e45ef7d7cc03,expired,payload_too_large,False,reduce_payload_size
evt_d385c20accc0,delivered,none,False,none
evt_3411ada8b857,delivered,none,False,none
evt_0f9baae963fc,expired,payload_too_large,False,reduce_payload_size
evt_cda477089422,expired,payload_too_large,False,reduce_payload_size
evt_025d125f44e7,expired,payload_too_large,False,reduce_payload_size
evt_7bc69c7b5aa4,delivered,none,False,none
evt_284ed24a446e,expired,payload_too_large,False,reduce_payload_size
evt_76b3861d2e5d,delivered,none,False,none
evt_46182745c329,delivered,none,False,none
evt_ac1b2127a6da,delivered,none,False,none
evt_b092a1629d0c,expired,payload_too_large,False,reduce_payload_size
evt_9737c6270385,delivered,none,False,none
evt_2fd45ac37b7c,expired,payload_too_large,False,reduce_payload_size
evt_22be8f0e495a,delivered,none,False,none
evt_9704b5655354,expired,endpoint_deleted,False,contact_customer_endpoint_deleted
evt_fd55aa1098bd,expired,endpoint_deleted,False,contact_customer_endpoint_deleted
evt_7e0f931f94d7,expired,payload_too_large,False,reduce_payload_size
evt_015ef9b234f7,delivered,none,False,none
evt_d063149aca25,delivered,none,False,none
evt_b38969307cca,delivered,none,False,none
evt_2ad948489571,delivered,none,False,none
evt_ef6974eb6189,delivered,none,False,none
evt_c2f3ddc5ad4d,delivered,none,False,none
evt_8df5825fd84c,expired,payload_too_large,False,reduce_payload_size
evt_c313d945c344,expired,payload_too_large,False,reduce_payload_size
evt_918150078811,delivered,none,False,none
evt_2911f98916a5,expired,payload_too_large,False,reduce_payload_size
evt_60ef156fb39f,delivered,none,False,none
evt_823d31f7e0e2,delivered,none,False,none
evt_4cb96071a631,delivered,none,False,none
evt_b3aa88d89e1b,delivered,none,False,none
evt_72bf410ef340,expired,payload_too_large,False,reduce_payload_size
evt_d6679f3eeb86,delivered,none,False,none
evt_153dd790385a,expired,endpoint_deleted,False,contact_customer_endpoint_deleted
evt_34e55326eb5e,expired,payload_too_large,False,reduce_payload_size
evt_7e0a1d5d5e0a,expired,payload_too_large,False,reduce_payload_size
evt_48892ac645d2,delivered,none,False,none
evt_cd5356e5f205,expired,payload_too_large,False,reduce_payload_size
evt_a96e69f3187e,delivered,none,False,none
evt_b2906811aaf0,expired,payload_too_large,False,reduce_payload_size
evt_1ee22630e7f7,delivered,none,False,none
evt_0b7adf365f31,expired,payload_too_large,False,reduce_payload_size
evt_d341cbfdb670,expired,payload_too_large,False,reduce_payload_size
evt_a453d0501aac,expired,payload_too_large,False,reduce_payload_size
evt_9cf6d389257d,delivered,none,False,none
evt_73732efe75aa,expired,invalid_signature,True,verify_signature_config
evt_9189a4090618,delivered,none,False,none
evt_39dfec467f92,recovered,none,False,none
evt_1e813e92c590,expired,payload_too_large,False,reduce_payload_size
evt_c7ffa056bcf6,delivered,none,False,none
evt_73948cbc67f4,expired,endpoint_deleted,False,contact_customer_endpoint_deleted
evt_e9c08b5c7e69,expired,payload_too_large,False,reduce_payload_size
evt_853f0e407616,expired,payload_too_large,False,reduce_payload_size
evt_7abbf517e216,delivered,none,False,none
evt_6f02b83a2455,delivered,none,False,none
evt_b9569ec87115,delivered,none,False,none
evt_0eeb7a64a338,expired,timeout,True,investigate
evt_68f7707ba9ba,expired,payload_too_large,False,reduce_payload_size
evt_2d5392c396dc,expired,endpoint_deleted,False,contact_customer_endpoint_deleted
evt_17168e44c9cb,delivered,none,False,none
evt_eb1ade619498,delivered,none,False,none
evt_784f0378c2ac,delivered,none,False,none
evt_90218ffb9f64,expired,payload_too_large,False,reduce_payload_size
evt_9bac4b072808,expired,customer_endpoint_down,True,wait_and_retry
evt_b112a94f846f,delivered,none,False,none
evt_d7ab0f4a4034,expired,payload_too_large,False,reduce_payload_size
evt_fc1d521de53d,expired,payload_too_large,False,reduce_payload_size
evt_31c579a5d10e,delivered,none,False,none
evt_8ac9ff5ed46d,expired,payload_too_large,False,reduce_payload_size
evt_f2152fafc107,expired,replay_without_fix,False,investigate
evt_f7dde6c565a3,delivered,none,False,none
evt_5141e843e808,expired,payload_too_large,False,reduce_payload_size
evt_46e31e412151,expired,payload_too_large,False,reduce_payload_size
evt_46f967a35b9b,delivered,none,False,none
evt_3948c7fd4a00,delivered,none,False,none
evt_3f4112934fa0,expired,payload_too_large,False,reduce_payload_size
evt_c8fbae62b028,delivered,none,False,none
evt_acef457b3861,expired,endpoint_deleted,False,contact_customer_endpoint_deleted
evt_1d914e044676,expired,payload_too_large,False,reduce_payload_size
evt_36b8a69b751d,delivered,none,False,none
evt_eb97895098d5,delivered,none,False,none
evt_2a84ae720c5c,delivered,none,False,none
evt_c1536202db25,expired,payload_too_large,False,reduce_payload_size
evt_80a0fdc75dfc,delivered,none,False,none
evt_9f4b1c462514,expired,payload_too_large,False,reduce_payload_size
evt_d2abcb964f79,delivered,none,False,none
evt_5bac810edfb1,duplicate,duplicate_event,False,fix_retry_logic
evt_6601d38ec3ba,expired,payload_too_large,False,reduce_payload_size
evt_5934f5edafe6,expired,endpoint_deleted,False,contact_customer_endpoint_deleted
evt_0a724ebf38c3,delivered,none,False,none
evt_d5036b3e3873,delivered,none,False,none
evt_0ba14fbfb7f2,delivered,none,False,none
evt_688788de5114,expired,payload_too_large,False,reduce_payload_size
evt_b9b9cc8f42e2,expired,payload_too_large,False,reduce_payload_size
evt_43a32e6fd314,expired,endpoint_deleted,False,contact_customer_endpoint_deleted
evt_603fd27b8131,delivered,none,False,none
evt_2d6b87719e36,expired,payload_too_large,False,reduce_payload_size
evt_f4dbec373805,delivered,none,False,none
evt_d4c85f1bb71f,delivered,none,False,none
evt_5d2944bb3773,expired,payload_too_large,False,reduce_payload_size
evt_4a702fbaa7cf,delivered,none,False,none
evt_210c61d56b0e,expired,payload_too_large,False,reduce_payload_size
evt_b3038f891c9b,expired,payload_too_large,False,reduce_payload_size
evt_184ef58f3ce3,delivered,none,False,none
evt_04b31b1666a8,expired,endpoint_deleted,False,contact_customer_endpoint_deleted
evt_b5b03662442f,duplicate,duplicate_event,False,fix_retry_logic
evt_f2f6075f7d66,expired,payload_too_large,False,reduce_payload_size
evt_e845da99471e,delivered,none,False,none
evt_ef154541921d,delivered,none,False,none
evt_78a51b326881,expired,invalid_signature,True,verify_signature_config
evt_3c70e6c725d6,expired,payload_too_large,False,reduce_payload_size
evt_42fd3b7e70a5,expired,replay_without_fix,False,investigate
evt_9c6551e0aab0,expired,endpoint_deleted,False,contact_customer_endpoint_deleted
evt_d92a19cbf163,expired,payload_too_large,False,reduce_payload_size
evt_70b11b6a55d3,expired,payload_too_large,False,reduce_payload_size
evt_5eb2e3a3592b,expired,payload_too_large,False,reduce_payload_size
evt_1b82f9a67e52,delivered,none,False,none
evt_5af95fe73549,delivered,none,False,none
evt_d9f71632eef7,expired,rate_limited,True,apply_exponential_backoff
evt_c89bb926ed3f,delivered,none,False,none
evt_e045cddb4921,delivered,none,False,none
evt_550f2c1aab23,expired,endpoint_deleted,False,contact_customer_endpoint_deleted
evt_b143493cdeb0,expired,endpoint_deleted,False,contact_customer_endpoint_deleted
evt_42b4640e8b8a,delivered,none,False,none
evt_b32fe2c119be,delivered,none,False,none
evt_6300ff963779,expired,payload_too_large,False,reduce_payload_size
evt_888bfee68d59,expired,payload_too_large,False,reduce_payload_size
evt_713b18ede7cb,expired,payload_too_large,False,reduce_payload_size
evt_b9e19b6695a0,delivered,none,False,none
evt_9af9d61b1a0f,expired,payload_too_large,False,reduce_payload_size
evt_393c6aeb8abe,expired,malformed_response,True,investigate
evt_42834175d6fd,expired,payload_too_large,False,reduce_payload_size
evt_635aa4bdf4ec,expired,payload_too_large,False,reduce_payload_size
evt_4117d9b11904,delivered,none,False,none
evt_9b435e431a20,expired,payload_too_large,False,reduce_payload_size
evt_58a1ec858909,expired,replay_without_fix,False,investigate
evt_112eff9ba45f,delivered,none,False,none
evt_f5656f3d9173,duplicate,duplicate_event,False,fix_retry_logic
evt_97111b9543d3,expired,customer_endpoint_down,True,wait_and_retry
evt_f3a14aa67dc1,expired,payload_too_large,False,reduce_payload_size
evt_a2b895470ff2,recovered,none,False,none
evt_3d2ad0fbe340,expired,payload_too_large,False,reduce_payload_size
evt_04dabffce509,expired,endpoint_deleted,False,contact_customer_endpoint_deleted
evt_7bf1562b02e7,expired,customer_endpoint_down,True,wait_and_retry
evt_ef5dce7db86e,expired,payload_too_large,False,reduce_payload_size
evt_87365de6e234,delivered,none,False,none
evt_f4cd4d3626b9,expired,payload_too_large,False,reduce_payload_size
evt_7bbde17c2beb,expired,timeout,True,investigate
evt_0b3efcd8cb14,delivered,none,False,none
evt_d43d117a6184,delivered,none,False,none
evt_47eaf883a58c,delivered,none,False,none
evt_b6e40d8324f2,delivered,none,False,none
evt_839d8a0d6653,delivered,none,False,none
evt_c83a4f891dde,delivered,none,False,none
evt_42bac23c0e2b,expired,timeout,True,investigate
evt_4a30b7ffd36c,expired,endpoint_deleted,False,contact_customer_endpoint_deleted
evt_bcadc8913a9a,delivered,none,False,none
evt_c7bfccbaa365,delivered,none,False,none
evt_79f706e8ad00,expired,payload_too_large,False,reduce_payload_size
evt_5d3b3e1386c1,expired,payload_too_large,False,reduce_payload_size
evt_fa9fefd95c48,expired,payload_too_large,False,reduce_payload_size
evt_8c372d076305,expired,payload_too_large,False,reduce_payload_size
evt_8d6f2e4a9c8d,expired,payload_too_large,False,reduce_payload_size
evt_0d947821642b,delivered,none,False,none
evt_cc4857d773ae,expired,endpoint_deleted,False,contact_customer_endpoint_deleted
evt_1f022afd91c6,delivered,none,False,none
evt_3c3a20dc4c3e,delivered,none,False,none
evt_55e7386fa5f9,delivered,none,False,none
evt_ce3cf5592c1c,delivered,none,False,none
evt_3c4cea2202eb,delivered,none,False,none
evt_67645ee665be,expired,endpoint_deleted,False,contact_customer_endpoint_deleted
evt_063c04def676,expired,rate_limited,True,apply_exponential_backoff
evt_f1d162abf7f2,expired,payload_too_large,False,reduce_payload_size
evt_eecdd9953ffa,expired,payload_too_large,False,reduce_payload_size
evt_fa0ffcbb34eb,recovered,none,False,none
evt_b6eb59a50e4d,delivered,none,False,none
evt_672c82c665e7,delivered,none,False,none
evt_af08b6ac4445,expired,payload_too_large,False,reduce_payload_size
evt_c9eecbaccf08,expired,endpoint_deleted,False,contact_customer_endpoint_deleted
evt_0eb068c5994f,expired,payload_too_large,False,reduce_payload_size
evt_195950d06376,delivered,none,False,none
evt_d7ac5f75d685,expired,malformed_response,True,investigate
evt_46e1dafcf7a1,delivered,none,False,none
evt_ba49a7d4983f,expired,payload_too_large,False,reduce_payload_size
evt_c17dedd5f3ee,expired,endpoint_deleted,False,contact_customer_endpoint_deleted
evt_42da377f1319,delivered,none,False,none
evt_8906b2f02c62,delivered,none,False,none
evt_99434fdfb4b0,expired,payload_too_large,False,reduce_payload_size
evt_55aa3eb54ee4,delivered,none,False,none
evt_d3f5cb45312c,expired,payload_too_large,False,reduce_payload_size
evt_1066d8322646,delivered,none,False,none
evt_ad789c8bf67c,delivered,none,False,none
evt_18bffb0abcb3,expired,payload_too_large,False,reduce_payload_size
evt_291b1972e2cf,delivered,none,False,none
evt_5385031510c0,expired,payload_too_large,False,reduce_payload_size
evt_acf1ad7d5882,expired,invalid_signature,True,verify_signature_config
evt_f9fd8f8d199b,duplicate,duplicate_event,False,fix_retry_logic
evt_3a89acab9d0b,expired,payload_too_large,False,reduce_payload_size
evt_09ff731cca62,expired,payload_too_large,False,reduce_payload_size
evt_c15426653b65,delivered,none,False,none
evt_60b4741a4ef9,expired,payload_too_large,False,reduce_payload_size
evt_69dadae0f5b3,expired,endpoint_deleted,False,contact_customer_endpoint_deleted
evt_f118b989ae7e,expired,payload_too_large,False,reduce_payload_size
evt_8485217693a3,delivered,none,False,none
evt_194f3e9027f4,delivered,none,False,none
evt_4e2998ff8ad1,expired,payload_too_large,False,reduce_payload_size
evt_61e3ab3075a7,expired,payload_too_large,False,reduce_payload_size
evt_382b47f9de5d,expired,payload_too_large,False,reduce_payload_size
evt_158f844d79b6,expired,payload_too_large,False,reduce_payload_size
evt_b6e9ab7382b4,delivered,none,False,none
evt_3d263fe11c55,delivered,none,False,none
evt_d65747503b88,delivered,none,False,none
evt_853192a08038,expired,payload_too_large,False,reduce_payload_size
evt_c9838a509716,expired,endpoint_deleted,False,contact_customer_endpoint_deleted
evt_1ced32b6e5f9,expired,replay_without_fix,False,investigate
evt_0cfa89bb3e27,delivered,none,False,none
evt_aa03c1d149ac,expired,rate_limited,True,apply_exponential_backoff
evt_539c290b1f3b,expired,payload_too_large,False,reduce_payload_size
evt_01e3fd1f432d,delivered,none,False,none
evt_aac5e3557192,expired,invalid_signature,True,verify_signature_config
evt_a87461937462,expired,endpoint_deleted,False,contact_customer_endpoint_deleted
evt_a8539411a6ba,delivered,none,False,none
evt_bf484ccc624a,expired,payload_too_large,False,reduce_payload_size
evt_9362c3865880,expired,payload_too_large,False,reduce_payload_size
evt_03a639cff779,expired,malformed_response,True,investigate
evt_7cb098edd4e3,delivered,none,False,none
evt_479657480f2e,expired,endpoint_deleted,False,contact_customer_endpoint_deleted
evt_26f6576797ab,duplicate,duplicate_event,False,fix_retry_logic
evt_036eb5a46131,delivered,none,False,none
evt_7cb1644e26ed,expired,payload_too_large,False,reduce_payload_size
evt_8f6db4d49d65,expired,endpoint_deleted,False,contact_customer_endpoint_deleted
evt_0c6026edf17b,delivered,none,False,none
evt_86f6e1b5489a,expired,malformed_response,True,investigate
evt_994500991d98,expired,payload_too_large,False,reduce_payload_size
evt_001fde5905ec,delivered,none,False,none
evt_6c469a935846,delivered,none,False,none
evt_660552b97641,delivered,none,False,none
evt_7334b4677786,delivered,none,False,none
evt_c685ac2ac95d,expired,invalid_signature,True,verify_signature_config
evt_503a674517bd,expired,payload_too_large,False,reduce_payload_size
evt_3664978bec75,expired,payload_too_large,False,reduce_payload_size
evt_ee328917dfe6,expired,endpoint_deleted,False,contact_customer_endpoint_deleted
evt_5d8477a890e8,expired,payload_too_large,False,reduce_payload_size
evt_72eac9cd311e,delivered,none,False,none
evt_dea1ea929b69,delivered,none,False,none
evt_87562113694a,delivered,none,False,none
evt_c02c21611bac,expired,endpoint_deleted,False,contact_customer_endpoint_deleted
evt_015c9fd04681,delivered,none,False,none
evt_9a0748f4fe5d,expired,payload_too_large,False,reduce_payload_size
evt_c976a85d8ab7,delivered,none,False,none
evt_55e9b2404e9e,delivered,none,False,none
evt_cf67cb7971ca,expired,payload_too_large,False,reduce_payload_size
evt_508805c0b109,expired,endpoint_deleted,False,contact_customer_endpoint_deleted
evt_4132782ba482,expired,payload_too_large,False,reduce_payload_size
evt_1d68b79c4d1c,expired,endpoint_deleted,False,contact_customer_endpoint_deleted
evt_8da1164dc7d0,expired,rate_limited,True,apply_exponential_backoff
evt_f3ef148b3979,expired,payload_too_large,False,reduce_payload_size
evt_6bb6f98c4110,delivered,none,False,none
evt_cfb29d9c1176,expired,payload_too_large,False,reduce_payload_size
evt_31c66c704ce0,delivered,none,False,none
evt_6d96e4c6d2bb,delivered,none,False,none
evt_becc8807f2e5,expired,rate_limited,True,apply_exponential_backoff
evt_aee11a4c99f4,delivered,none,False,none
evt_facb106fc8ae,delivered,none,False,none
evt_895aca565b93,expired,customer_endpoint_down,True,wait_and_retry
evt_4b3b82c25c69,expired,payload_too_large,False,reduce_payload_size
evt_3502ef735d98,delivered,none,False,none
evt_4852a3594455,expired,payload_too_large,False,reduce_payload_size
evt_3d32ce7b6d9e,expired,endpoint_deleted,False,contact_customer_endpoint_deleted
evt_cf7fd2e2d5a3,delivered,none,False,none
evt_af6dcf89d07f,delivered,none,False,none
evt_198a6aff0ec9,expired,payload_too_large,False,reduce_payload_size
evt_ef51710e6bc2,expired,payload_too_large,False,reduce_payload_size
evt_98a577092189,delivered,none,False,none
evt_744919d66a2d,delivered,none,False,none
evt_d83663ade3e0,expired,payload_too_large,False,reduce_payload_size
evt_a31ad906698c,delivered,none,False,none
evt_c1fff478ed74,expired,endpoint_deleted,False,contact_customer_endpoint_deleted
evt_969de9df06c7,expired,payload_too_large,False,reduce_payload_size
evt_e60e3dacabb2,expired,endpoint_deleted,False,contact_customer_endpoint_deleted
evt_b97dfdedd196,delivered,none,False,none
evt_03c627623200,delivered,none,False,none
evt_383b513a3407,delivered,none,False,none
evt_f15ff60b61d1,delivered,none,False,none
evt_50c973080159,delivered,none,False,none
evt_6d6bd3c83489,expired,endpoint_deleted,False,contact_customer_endpoint_deleted
evt_d9b7de4dc47a,delivered,none,False,none
evt_2c967bb55a44,expired,endpoint_deleted,False,contact_customer_endpoint_deleted
evt_847c8896b82a,expired,invalid_signature,True,verify_signature_config
evt_e3dbcf671c88,delivered,none,False,none
evt_a7853bf6930a,delivered,none,False,none
evt_413e101108e8,expired,payload_too_large,False,reduce_payload_size
evt_f44178a47d1a,expired,payload_too_large,False,reduce_payload_size
evt_5f740344b1b7,delivered,none,False,none
evt_da2c4e15f634,delivered,none,False,none
evt_e1657ed9f904,delivered,none,False,none
evt_b92dd69463e6,expired,endpoint_deleted,False,contact_customer_endpoint_deleted
evt_17cf09e16af6,delivered,none,False,none
evt_e620f0554149,delivered,none,False,none
evt_115092fcb641,delivered,none,False,none
evt_6e6f4e58fc33,expired,payload_too_large,False,reduce_payload_size
evt_92a8a68904c0,expired,payload_too_large,False,reduce_payload_size
evt_7e5e52afc4ca,delivered,none,False,none
evt_85497af1f855,expired,payload_too_large,False,reduce_payload_size
evt_8db8e73bf64a,expired,malformed_response,True,investigate
evt_80ef3e9931ab,delivered,none,False,none
evt_72b3d18d2557,expired,endpoint_deleted,False,contact_customer_endpoint_deleted
evt_f0bf0ee4daf6,expired,payload_too_large,False,reduce_payload_size
evt_9235bef07367,delivered,none,False,none
evt_b62357c46763,delivered,none,False,none
evt_3e6fc3e28a94,delivered,none,False,none
evt_8629d6ffb17a,expired,payload_too_large,False,reduce_payload_size
evt_bf3711a0a888,expired,timeout,True,investigate
evt_a6583e673909,expired,payload_too_large,False,reduce_payload_size
evt_f166b553b7ab,expired,payload_too_large,False,reduce_payload_size
evt_56caa68d59d8,delivered,none,False,none
evt_6d5c72b4eda7,delivered,none,False,none
evt_6ff8121f0c15,expired,payload_too_large,False,reduce_payload_size
evt_71cdd9cc1ac5,expired,endpoint_deleted,False,contact_customer_endpoint_deleted
evt_dceab08c1c12,expired,payload_too_large,False,reduce_payload_size
evt_96bb6f40325b,expired,payload_too_large,False,reduce_payload_size
evt_ed925717f4e1,delivered,none,False,none
evt_98332660276e,expired,endpoint_deleted,False,contact_customer_endpoint_deleted
evt_577122d9bd77,expired,payload_too_large,False,reduce_payload_size
evt_0912475c0bc6,delivered,none,False,none
evt_841237106b81,expired,payload_too_large,False,reduce_payload_size
evt_aa9df890890a,expired,endpoint_deleted,False,contact_customer_endpoint_deleted
evt_89655b1e9caf,delivered,none,False,none
evt_1e09445f5f33,expired,payload_too_large,False,reduce_payload_size
evt_2043c8388413,expired,customer_endpoint_down,True,wait_and_retry
evt_0d8a01c32b23,delivered,none,False,none
evt_5022e4392efe,expired,payload_too_large,False,reduce_payload_size
evt_479519983bc2,expired,malformed_response,True,investigate
evt_f70a7ef6f3f0,expired,payload_too_large,False,reduce_payload_size
evt_16bb23f6088c,delivered,none,False,none
evt_afc2f4bc8685,expired,payload_too_large,False,reduce_payload_size
evt_31bbe190b570,delivered,none,False,none
evt_ed37b8f34130,delivered,none,False,none
evt_5506530bd4fa,delivered,none,False,none
evt_e76981883823,delivered,none,False,none
evt_eca20277d430,delivered,none,False,none
evt_d5ada2dc4e7f,delivered,none,False,none
evt_66de8527b060,expired,payload_too_large,False,reduce_payload_size
evt_df204f60e30f,expired,payload_too_large,False,reduce_payload_size
evt_c73eea6e5907,delivered,none,False,none
evt_cd45945d638e,expired,timeout,True,investigate
evt_463ade5f0506,expired,payload_too_large,False,reduce_payload_size
evt_2137e1606b4e,expired,payload_too_large,False,reduce_payload_size
evt_b8dad54c3677,delivered,none,False,none
evt_0ef2c6cf6366,expired,payload_too_large,False,reduce_payload_size
evt_5d5e9f6d8d5a,expired,endpoint_deleted,False,contact_customer_endpoint_deleted
evt_108ecf881864,delivered,none,False,none
evt_5c245c56852f,expired,payload_too_large,False,reduce_payload_size
evt_c8f8d05a8c71,delivered,none,False,none
evt_14226e99924e,delivered,none,False,none
evt_c5bd4a089c95,delivered,none,False,none
evt_133953e98508,delivered,none,False,none
evt_b4b7279af624,delivered,none,False,none
evt_ee16ece52936,delivered,none,False,none
evt_05d562e7fcb9,expired,payload_too_large,False,reduce_payload_size
evt_459c933d9323,expired,endpoint_deleted,False,contact_customer_endpoint_deleted
evt_254910c7b83a,delivered,none,False,none
evt_23715cd36694,delivered,none,False,none
evt_7d9dde9843af,expired,payload_too_large,False,reduce_payload_size
evt_9083918be032,expired,payload_too_large,False,reduce_payload_size
evt_b1331a75d058,expired,payload_too_large,False,reduce_payload_size
evt_72813ab77707,expired,endpoint_deleted,False,contact_customer_endpoint_deleted
evt_1972999ee637,delivered,none,False,none
evt_8f8cc8e79aa6,delivered,none,False,none
evt_8cd3930a3506,expired,payload_too_large,False,reduce_payload_size
evt_277865343e33,delivered,none,False,none
evt_bb7f2104164d,expired,timeout,True,investigate
evt_d5aeddb5d11b,delivered,none,False,none
evt_e23403a6552a,expired,endpoint_deleted,False,contact_customer_endpoint_deleted
evt_429796c8e031,expired,endpoint_deleted,False,contact_customer_endpoint_deleted
evt_4ee188444b65,duplicate,duplicate_event,False,fix_retry_logic
evt_65dac1a831df,delivered,none,False,none
evt_f76f5a7fdf9c,delivered,none,False,none
evt_445e5843444c,delivered,none,False,none
evt_d08fcc9fba82,expired,malformed_response,True,investigate
evt_a32701cad4ab,expired,payload_too_large,False,reduce_payload_size
evt_8cf275d923df,expired,payload_too_large,False,reduce_payload_size
evt_d10b749f1881,duplicate,duplicate_event,False,fix_retry_logic
evt_d92a52096b5f,delivered,none,False,none
evt_e872ccc6bd34,expired,endpoint_deleted,False,contact_customer_endpoint_deleted
evt_777436450518,expired,endpoint_deleted,False,contact_customer_endpoint_deleted
evt_dee4aec6460e,expired,payload_too_large,False,reduce_payload_size
evt_4f98c87f1642,expired,endpoint_deleted,False,contact_customer_endpoint_deleted
evt_40b4397dcd8c,delivered,none,False,none
evt_cfa7d80bd750,expired,payload_too_large,False,reduce_payload_size
evt_5acb612afe38,delivered,none,False,none
evt_76face5da04c,delivered,none,False,none
evt_bd1491198b6f,delivered,none,False,none
evt_7fce99ace9c0,delivered,none,False,none
evt_c9748e26ae09,delivered,none,False,none
evt_13c440032905,delivered,none,False,none
evt_0da3f4fc735a,delivered,none,False,none
evt_27dcb1393f1d,delivered,none,False,none
evt_a6344ec3709f,delivered,none,False,none
evt_5917bb8abb69,delivered,none,False,none
evt_3610aa73cee9,expired,payload_too_large,False,reduce_payload_size
evt_51b001f353d7,delivered,none,False,none
evt_d2c6b795a761,expired,payload_too_large,False,reduce_payload_size
evt_b1facbb2447c,delivered,none,False,none
evt_b75313d28cfa,expired,endpoint_deleted,False,contact_customer_endpoint_deleted
evt_464ded102845,expired,payload_too_large,False,reduce_payload_size
evt_841f5472db91,delivered,none,False,none
evt_f1923181566b,expired,endpoint_deleted,False,contact_customer_endpoint_deleted
evt_9aa406df4f1b,expired,endpoint_deleted,False,contact_customer_endpoint_deleted
evt_abfeefc0646a,expired,endpoint_deleted,False,contact_customer_endpoint_deleted
evt_6193ca6d37c5,delivered,none,False,none
evt_d0075331a2f7,delivered,none,False,none
evt_095db897e2f9,expired,payload_too_large,False,reduce_payload_size
evt_e1fa82bd1cf5,expired,payload_too_large,False,reduce_payload_size
evt_e447c042b674,expired,payload_too_large,False,reduce_payload_size
evt_d132b2a77f0a,expired,endpoint_deleted,False,contact_customer_endpoint_deleted
evt_ffc01d5ddc09,expired,payload_too_large,False,reduce_payload_size
evt_995a800d5573,expired,endpoint_deleted,False,contact_customer_endpoint_deleted
evt_210b19010f60,delivered,none,False,none
evt_e35692172ba7,delivered,none,False,none
evt_4a25085251b0,expired,payload_too_large,False,reduce_payload_size
evt_9f16fc2d7805,expired,malformed_response,True,investigate
evt_4474cbd919f0,expired,payload_too_large,False,reduce_payload_size
evt_903e44629753,expired,timeout,True,investigate
evt_9322a9fc56b1,delivered,none,False,none
evt_694b486a09e9,expired,payload_too_large,False,reduce_payload_size
evt_5ffb05456e78,expired,payload_too_large,False,reduce_payload_size
evt_e57a65066eb9,expired,payload_too_large,False,reduce_payload_size
evt_d87736fbfe41,expired,payload_too_large,False,reduce_payload_size
evt_58e8fd380a61,delivered,none,False,none
evt_9944e113d467,delivered,none,False,none
evt_c9cc6124d8f3,delivered,none,False,none
evt_a88fee083af4,expired,endpoint_deleted,False,contact_customer_endpoint_deleted
evt_3f774d47e3a1,expired,payload_too_large,False,reduce_payload_size
evt_bb2ae13c9eac,delivered,none,False,none
evt_c1d64bed4be0,delivered,none,False,none
evt_71c191288909,delivered,none,False,none
evt_4f1cedd0dbb1,expired,payload_too_large,False,reduce_payload_size
evt_11fef634c146,expired,rate_limited,True,apply_exponential_backoff
evt_cf1b74bbe942,expired,payload_too_large,False,reduce_payload_size
evt_4a4a65177059,expired,payload_too_large,False,reduce_payload_size
evt_fbd320279216,expired,payload_too_large,False,reduce_payload_size
evt_7966534b0a24,expired,payload_too_large,False,reduce_payload_size
evt_076847659135,delivered,none,False,none
evt_1ac4d664cb08,expired,timeout,True,investigate
evt_25bdd230a20f,expired,payload_too_large,False,reduce_payload_size
evt_ac0b5cd126d7,expired,payload_too_large,False,reduce_payload_size
evt_07501a314b73,delivered,none,False,none
evt_e0a9bc8baf4e,expired,malformed_response,True,investigate
evt_f9857aae4a7a,expired,payload_too_large,False,reduce_payload_size
evt_f502cff352ef,delivered,none,False,none
evt_7c5fe70be1a2,delivered,none,False,none
evt_1dfe0fd148cb,expired,payload_too_large,False,reduce_payload_size
evt_e79152b917c5,delivered,none,False,none
evt_a767516c88d8,expired,payload_too_large,False,reduce_payload_size
evt_9c672e0ccd76,expired,timeout,True,investigate
evt_31f03bbbbd56,delivered,none,False,none
evt_7ca38456478a,expired,payload_too_large,False,reduce_payload_size
evt_1cb88c1d4d70,expired,payload_too_large,False,reduce_payload_size
evt_90fc82a67670,delivered,none,False,none
evt_a52096ad5489,delivered,none,False,none
evt_c47bd3ac518b,duplicate,duplicate_event,False,fix_retry_logic
evt_ca0085771f56,delivered,none,False,none
evt_13461cf8ea23,delivered,none,False,none
evt_8039e839f7a3,expired,endpoint_deleted,False,contact_customer_endpoint_deleted
evt_1153c8a85678,delivered,none,False,none
evt_557704124995,delivered,none,False,none
evt_f95ffd135e90,expired,payload_too_large,False,reduce_payload_size
evt_d023dfd5f562,expired,endpoint_deleted,False,contact_customer_endpoint_deleted
evt_b71fff2ae0b0,delivered,none,False,none
evt_391937ef7db9,delivered,none,False,none
evt_340b844487b4,delivered,none,False,none
evt_5d98ab6ebfa4,duplicate,duplicate_event,False,fix_retry_logic
evt_d1924676bc11,delivered,none,False,none
evt_3020e3e19a2a,expired,payload_too_large,False,reduce_payload_size
evt_9c0afa6340b9,expired,endpoint_deleted,False,contact_customer_endpoint_deleted
evt_91259f5c3de3,delivered,none,False,none
evt_951120977725,delivered,none,False,none
evt_ae619c402d97,delivered,none,False,none
evt_480ec6029089,expired,payload_too_large,False,reduce_payload_size
evt_b6b53fc62ac1,expired,payload_too_large,False,reduce_payload_size
evt_542be9895e04,delivered,none,False,none
evt_c9965826e19d,expired,endpoint_deleted,False,contact_customer_endpoint_deleted
evt_cd9ff8234ccd,delivered,none,False,none
evt_a76e59697032,delivered,none,False,none
evt_cdaa5c38c0d7,expired,payload_too_large,False,reduce_payload_size
evt_92c57353d5b8,expired,payload_too_large,False,reduce_payload_size
evt_5db5608d3f78,delivered,none,False,none
evt_68a2cc47f9fd,delivered,none,False,none
evt_22e922079a1f,delivered,none,False,none
evt_d3316414477b,delivered,none,False,none
evt_a97e07d32650,expired,payload_too_large,False,reduce_payload_size
evt_6ff06ef2c385,delivered,none,False,none
evt_a1b2c0467dc6,expired,payload_too_large,False,reduce_payload_size
evt_46a29d9cd4a9,delivered,none,False,none
evt_dcf3627167d6,expired,payload_too_large,False,reduce_payload_size
evt_3d8bfb93f782,delivered,none,False,none
evt_c20ec7b6e0d7,delivered,none,False,none
evt_3d2d0ee0d47f,expired,payload_too_large,False,reduce_payload_size
evt_5b4cc7922f93,delivered,none,False,none
evt_79ff3cd0d32f,expired,payload_too_large,False,reduce_payload_size
evt_5da25adc8699,delivered,none,False,none
evt_4bd3e54a69a4,delivered,none,False,none
evt_552997fbb4cf,delivered,none,False,none
evt_26212c5a0edf,delivered,none,False,none
evt_cab17a031acf,expired,payload_too_large,False,reduce_payload_size
evt_5073b1a6f1cf,expired,payload_too_large,False,reduce_payload_size
evt_3692865a6a1b,delivered,none,False,none
evt_fb64df8d9eeb,delivered,none,False,none
evt_762197e2b514,expired,payload_too_large,False,reduce_payload_size
evt_5dcab9dc3d55,expired,endpoint_deleted,False,contact_customer_endpoint_deleted
evt_2720ca0fa4a0,expired,endpoint_deleted,False,contact_customer_endpoint_deleted
evt_b706ec12527a,expired,payload_too_large,False,reduce_payload_size
evt_1b748dfc290a,delivered,none,False,none
evt_b6d7a33c21b2,delivered,none,False,none
evt_738df1639e0f,expired,endpoint_deleted,False,contact_customer_endpoint_deleted
evt_4e9d406f22e1,delivered,none,False,none
evt_f2a160b20743,delivered,none,False,none
evt_eb3bc714ff44,expired,payload_too_large,False,reduce_payload_size
evt_7d1b49047544,delivered,none,False,none
evt_7a51c3993e51,expired,payload_too_large,False,reduce_payload_size
evt_aada6076a8e5,expired,rate_limited,True,apply_exponential_backoff
evt_41f4858d6c75,delivered,none,False,none
evt_6bf25ae6e2ad,delivered,none,False,none
evt_43c2e1f94437,delivered,none,False,none
evt_65fdbb74fed7,expired,payload_too_large,False,reduce_payload_size
evt_d0c2d43731a1,delivered,none,False,none
evt_1e0e46669089,delivered,none,False,none
evt_38999193eb1b,recovered,none,False,none
evt_9ffd3dd4d624,expired,malformed_response,True,investigate
evt_43002bf81092,expired,endpoint_deleted,False,contact_customer_endpoint_deleted
evt_82d9ecef6067,delivered,none,False,none
evt_410f7edd53a5,expired,invalid_signature,True,verify_signature_config
evt_c5ccc0dac434,expired,customer_endpoint_down,True,wait_and_retry
evt_59cbb2346799,delivered,none,False,none
evt_3d67852bf03e,expired,endpoint_deleted,False,contact_customer_endpoint_deleted
evt_c6f38beba3fa,delivered,none,False,none
evt_1a680de97472,delivered,none,False,none
evt_225131e93658,expired,payload_too_large,False,reduce_payload_size
evt_a0757502fa21,delivered,none,False,none
evt_b42d4160a913,delivered,none,False,none
evt_7a168171409c,expired,payload_too_large,False,reduce_payload_size
evt_43f3557ddd5e,delivered,none,False,none
evt_99bac42d28c7,expired,payload_too_large,False,reduce_payload_size
evt_615619f638ed,expired,rate_limited,True,apply_exponential_backoff
evt_7386affd8a41,delivered,none,False,none
evt_d34c678115eb,delivered,none,False,none
evt_e6f969dc7b4e,expired,payload_too_large,False,reduce_payload_size
evt_022828dd09ff,expired,payload_too_large,False,reduce_payload_size
evt_65dc293c1e14,expired,endpoint_deleted,False,contact_customer_endpoint_deleted
evt_b2af5269114b,expired,payload_too_large,False,reduce_payload_size
evt_296db83ddc0a,delivered,none,False,none
evt_1c884374705c,delivered,none,False,none
evt_2e0103c79599,delivered,none,False,none
evt_a18e80bbf34f,expired,payload_too_large,False,reduce_payload_size
evt_9b371fff00ab,delivered,none,False,none
evt_752b3f17a613,expired,payload_too_large,False,reduce_payload_size
evt_df495b82cfbd,expired,payload_too_large,False,reduce_payload_size
evt_3ebe2c9d0fdd,delivered,none,False,none
evt_fb0e15902712,expired,invalid_signature,True,verify_signature_config
evt_a7a6dc9cadce,expired,payload_too_large,False,reduce_payload_size
evt_18dc733c7833,delivered,none,False,none
evt_08487798b4e6,expired,endpoint_deleted,False,contact_customer_endpoint_deleted
evt_79c894bd5f45,duplicate,duplicate_event,False,fix_retry_logic
evt_7010d4f5aeaf,delivered,none,False,none
evt_7b1d7f7b73b9,expired,payload_too_large,False,reduce_payload_size
evt_53d3ff28c1ae,delivered,none,False,none
evt_7c2bec19eb63,delivered,none,False,none
evt_84ceba7bb00a,expired,payload_too_large,False,reduce_payload_size
evt_ffff5478b7cf,delivered,none,False,none
evt_abcaa92ba909,expired,payload_too_large,False,reduce_payload_size
evt_0750730c51ea,duplicate,duplicate_event,False,fix_retry_logic
evt_d198591cc16f,expired,invalid_signature,True,verify_signature_config
evt_718c59ec7971,delivered,none,False,none
evt_d5875e559064,delivered,none,False,none
evt_1ddb25a3ba04,expired,payload_too_large,False,reduce_payload_size
evt_42c42610875a,expired,payload_too_large,False,reduce_payload_size
evt_8a09a94fe4f0,delivered,none,False,none
evt_baa5936f0c89,delivered,none,False,none
evt_2298e59b198c,expired,customer_endpoint_down,True,wait_and_retry
evt_fede5bf60a0e,expired,payload_too_large,False,reduce_payload_size
evt_bd6bc61da6cb,expired,endpoint_deleted,False,contact_customer_endpoint_deleted
evt_377ad7254da7,delivered,none,False,none
evt_b7d3537fe780,expired,endpoint_deleted,False,contact_customer_endpoint_deleted
evt_58974c6b11d8,delivered,none,False,none
evt_0d49f8e88bdf,expired,endpoint_deleted,False,contact_customer_endpoint_deleted
evt_bf7637400c3f,delivered,none,False,none
evt_1eb774f601c5,delivered,none,False,none
evt_cc9cd5ed9528,expired,replay_without_fix,False,investigate
evt_d682782ab3a3,delivered,none,False,none
evt_d1afa25653d5,expired,payload_too_large,False,reduce_payload_size
evt_77dda15c22ab,delivered,none,False,none
evt_4de018750bd4,expired,payload_too_large,False,reduce_payload_size
evt_e90510094e19,expired,rate_limited,True,apply_exponential_backoff
evt_3d7dcbd843c4,delivered,none,False,none
evt_220b1d7e74ff,expired,payload_too_large,False,reduce_payload_size
evt_9fcd010b30a6,expired,payload_too_large,False,reduce_payload_size
evt_300bbfea685e,expired,endpoint_deleted,False,contact_customer_endpoint_deleted
evt_dba9daf94352,delivered,none,False,none
evt_77445b2d4e15,delivered,none,False,none
evt_158eb10d56df,delivered,none,False,none
evt_e111fc5cd461,delivered,none,False,none
evt_e00840d785bb,expired,endpoint_deleted,False,contact_customer_endpoint_deleted
evt_a6b8639bbb2e,delivered,none,False,none
evt_15c1556fc14f,expired,payload_too_large,False,reduce_payload_size
evt_867a326e0623,expired,rate_limited,True,apply_exponential_backoff
evt_a88f4480f87e,expired,endpoint_deleted,False,contact_customer_endpoint_deleted
evt_52c01f28042a,delivered,none,False,none
evt_84e543c64d3b,expired,payload_too_large,False,reduce_payload_size
evt_56017f7f31e8,delivered,none,False,none
evt_e5874dfe0262,delivered,none,False,none
evt_861ff5b4d8cb,expired,payload_too_large,False,reduce_payload_size
evt_1232b69d7ccb,expired,payload_too_large,False,reduce_payload_size
evt_39b41551c06c,expired,endpoint_deleted,False,contact_customer_endpoint_deleted
evt_7c70cb0f6000,expired,payload_too_large,False,reduce_payload_size
evt_88f96157cedc,delivered,none,False,none
evt_011a93d3371b,delivered,none,False,none
evt_d4f258f4594c,delivered,none,False,none
evt_49a66f08b651,delivered,none,False,none
evt_17d6cc41ade4,expired,endpoint_deleted,False,contact_customer_endpoint_deleted
evt_77a247dd7be0,expired,payload_too_large,False,reduce_payload_size
evt_91503ac43401,expired,payload_too_large,False,reduce_payload_size
evt_2e58e237c703,delivered,none,False,none
evt_7dcd4bc3db8a,expired,payload_too_large,False,reduce_payload_size
evt_433c9bb03621,delivered,none,False,none
evt_4ebf0f85d6dc,delivered,none,False,none
evt_29cccceb3fb7,delivered,none,False,none
evt_175431c3395f,delivered,none,False,none
evt_e292cb353518,delivered,none,False,none
evt_500762512830,delivered,none,False,none
evt_0b58fcc27def,expired,payload_too_large,False,reduce_payload_size
evt_9df4905aacd9,expired,endpoint_deleted,False,contact_customer_endpoint_deleted
evt_62fef8ede0ec,delivered,none,False,none
evt_b374d960e6d5,delivered,none,False,none
evt_04e3d04418bf,expired,customer_endpoint_down,True,wait_and_retry
evt_fdd74bf3304f,expired,malformed_response,True,investigate
evt_5bc739ea6aac,expired,malformed_response,True,investigate
evt_bb7c138b5931,expired,endpoint_deleted,False,contact_customer_endpoint_deleted
evt_3ecbe3385fd6,expired,endpoint_deleted,False,contact_customer_endpoint_deleted
evt_d38dad4b54ac,delivered,none,False,none
evt_487e598d6159,expired,payload_too_large,False,reduce_payload_size
evt_96f3dde13011,delivered,none,False,none
evt_23fd3dda0074,expired,payload_too_large,False,reduce_payload_size
evt_ee472fd339d8,delivered,none,False,none
evt_448ea00d7e59,expired,endpoint_deleted,False,contact_customer_endpoint_deleted
evt_cb71c3fa0c01,delivered,none,False,none
evt_1af36a6e94e3,expired,payload_too_large,False,reduce_payload_size
evt_40edfd9f672a,delivered,none,False,none
evt_dc256c5d29a8,delivered,none,False,none
evt_c413a585813a,expired,payload_too_large,False,reduce_payload_size
evt_eae33fdbfd20,expired,payload_too_large,False,reduce_payload_size
evt_8630908abb5f,delivered,none,False,none
evt_ff127fbc11ad,delivered,none,False,none
evt_49b57f4a53df,delivered,none,False,none
evt_503a50998f14,delivered,none,False,none
evt_54bcb67ad142,delivered,none,False,none
evt_4a692df1179c,expired,payload_too_large,False,reduce_payload_size
evt_a89b20ca67f0,expired,payload_too_large,False,reduce_payload_size
evt_aa03a860e251,delivered,none,False,none
evt_a412d038f7ec,delivered,none,False,none
evt_43cdbb4e038b,expired,endpoint_deleted,False,contact_customer_endpoint_deleted
evt_1d95f3dadefd,delivered,none,False,none
evt_48b4c38cc6b1,expired,payload_too_large,False,reduce_payload_size
evt_106ea8c28c20,delivered,none,False,none
evt_174913ec3bb5,expired,payload_too_large,False,reduce_payload_size
evt_7a325a1f41fc,expired,endpoint_deleted,False,contact_customer_endpoint_deleted
evt_3e5682556aa0,expired,payload_too_large,False,reduce_payload_size
evt_cf5ad1cdcfe9,expired,customer_endpoint_down,True,wait_and_retry
evt_dac296526ead,expired,payload_too_large,False,reduce_payload_size
evt_19a539d9341f,expired,endpoint_deleted,False,contact_customer_endpoint_deleted
evt_616335077656,expired,payload_too_large,False,reduce_payload_size
evt_f72ff06c2cb6,expired,timeout,True,investigate
evt_0515bd6d7808,expired,endpoint_deleted,False,contact_customer_endpoint_deleted
evt_8790f9cb2cf0,delivered,none,False,none
evt_802da7b878c7,delivered,none,False,none
evt_cff61e39e47c,delivered,none,False,none
evt_9cf80aef384d,expired,payload_too_large,False,reduce_payload_size
evt_5228dc690c75,expired,payload_too_large,False,reduce_payload_size
evt_c9e82f7d31b2,expired,payload_too_large,False,reduce_payload_size
evt_644428490888,duplicate,duplicate_event,False,fix_retry_logic
evt_eaa351ff630b,expired,endpoint_deleted,False,contact_customer_endpoint_deleted
evt_7b40b15c73f9,delivered,none,False,none
evt_ebeb346d777b,expired,payload_too_large,False,reduce_payload_size
evt_77d655385366,expired,endpoint_deleted,False,contact_customer_endpoint_deleted
evt_8ed83cdaf47f,expired,endpoint_deleted,False,contact_customer_endpoint_deleted
evt_0dc8d5186a94,delivered,none,False,none
evt_ca02f3c6d5bc,delivered,none,False,none
evt_31f875e20b68,delivered,none,False,none
evt_b0cb9c6ccf9b,expired,endpoint_deleted,False,contact_customer_endpoint_deleted
evt_825f6167abbf,expired,payload_too_large,False,reduce_payload_size
evt_084541f4fb17,expired,payload_too_large,False,reduce_payload_size
evt_405ba0899442,delivered,none,False,none
evt_a2be4066b04b,expired,payload_too_large,False,reduce_payload_size
evt_ecd5bdd4c0a3,delivered,none,False,none
evt_2ac4d1baf7d6,expired,payload_too_large,False,reduce_payload_size
evt_e47db3994c21,expired,payload_too_large,False,reduce_payload_size
evt_232a1eddc089,delivered,none,False,none
evt_9934ba40ace4,expired,endpoint_deleted,False,contact_customer_endpoint_deleted
evt_fe0c3354f21d,expired,endpoint_deleted,False,contact_customer_endpoint_deleted
evt_58e5e79aceaa,delivered,none,False,none
evt_a6594cb37023,expired,payload_too_large,False,reduce_payload_size
evt_cad5ed4ab760,expired,payload_too_large,False,reduce_payload_size
evt_6f972ae33b2a,expired,payload_too_large,False,reduce_payload_size
evt_f6c8bb951cf4,delivered,none,False,none
evt_a434774c8169,delivered,none,False,none
evt_de472233a84c,duplicate,duplicate_event,False,fix_retry_logic
evt_db68b28bcbb5,delivered,none,False,none
evt_1f65ec5f64d0,expired,payload_too_large,False,reduce_payload_size
evt_f8e1221082c4,delivered,none,False,none
evt_7db5dc58d0e3,expired,payload_too_large,False,reduce_payload_size
evt_64130892b460,delivered,none,False,none
evt_1d6763166e9f,expired,endpoint_deleted,False,contact_customer_endpoint_deleted
evt_052fd25dde94,expired,payload_too_large,False,reduce_payload_size
evt_6ad1a323a7bd,expired,payload_too_large,False,reduce_payload_size
evt_969fcc5c398a,expired,timeout,True,investigate
evt_6fb2dd981331,delivered,none,False,none
evt_7c1b7cfd406b,delivered,none,False,none
evt_9d77b871fa4a,expired,malformed_response,True,investigate
evt_1ba6a6c82f3a,expired,endpoint_deleted,False,contact_customer_endpoint_deleted
evt_158bdba45a4c,delivered,none,False,none
evt_22bbe6c89e47,expired,payload_too_large,False,reduce_payload_size
evt_aeb71185fd90,delivered,none,False,none
evt_1ec65de9e2d5,delivered,none,False,none
evt_04e1671bd848,expired,endpoint_deleted,False,contact_customer_endpoint_deleted
evt_d2e7a117f1ea,delivered,none,False,none
evt_72b32db18b99,delivered,none,False,none
evt_ef09adacee34,delivered,none,False,none
evt_dedcf921650b,expired,payload_too_large,False,reduce_payload_size
evt_489d633a0813,delivered,none,False,none
evt_5614f433fde6,expired,endpoint_deleted,False,contact_customer_endpoint_deleted
evt_bb18c4ceca8a,delivered,none,False,none
evt_30b68cd52d9c,expired,payload_too_large,False,reduce_payload_size
evt_62ce8aa024a9,expired,payload_too_large,False,reduce_payload_size
evt_715383677483,delivered,none,False,none
evt_30a4bfa1a912,expired,payload_too_large,False,reduce_payload_size
evt_a5277100bc5c,delivered,none,False,none
evt_0bb28c5f8754,expired,payload_too_large,False,reduce_payload_size
evt_590458ec0aaa,delivered,none,False,none
evt_0504ab11214e,expired,endpoint_deleted,False,contact_customer_endpoint_deleted
evt_4857a2871a7a,delivered,none,False,none
evt_06a2cc917315,expired,payload_too_large,False,reduce_payload_size
evt_d7338ba88378,delivered,none,False,none
evt_88ce5bb0c86a,expired,payload_too_large,False,reduce_payload_size
evt_01f981114a4b,delivered,none,False,none
evt_c77b384b6060,expired,payload_too_large,False,reduce_payload_size
evt_8ff2c8128cd0,delivered,none,False,none
evt_7af7d57a593e,expired,payload_too_large,False,reduce_payload_size
evt_0b0e15c21e0f,delivered,none,False,none
evt_090e305a48cc,expired,payload_too_large,False,reduce_payload_size
evt_2a292bc312d1,expired,payload_too_large,False,reduce_payload_size
evt_3a7ad98d7df3,expired,payload_too_large,False,reduce_payload_size
evt_1b9389b853e1,expired,timeout,True,investigate
evt_cd328149665f,delivered,none,False,none
evt_9b6f5ccf09a8,delivered,none,False,none
evt_f9f6b6eff6c8,delivered,none,False,none
evt_216c702d853d,delivered,none,False,none
evt_719d34e810a1,expired,payload_too_large,False,reduce_payload_size
evt_30e779da3dac,expired,payload_too_large,False,reduce_payload_size
evt_cb8deffdfc7e,expired,endpoint_deleted,False,contact_customer_endpoint_deleted
evt_cffc170be905,expired,payload_too_large,False,reduce_payload_size
evt_e4d8105f7426,delivered,none,False,none
evt_edeb24cd4deb,expired,endpoint_deleted,False,contact_customer_endpoint_deleted
evt_807a467af6eb,expired,endpoint_deleted,False,contact_customer_endpoint_deleted
evt_eb7fa7de93e8,duplicate,duplicate_event,False,fix_retry_logic
evt_60fb1be21188,expired,payload_too_large,False,reduce_payload_size
evt_71ee18603983,delivered,none,False,none
evt_190f3baf2e09,expired,endpoint_deleted,False,contact_customer_endpoint_deleted
evt_0b465f4978c7,delivered,none,False,none
evt_8a947994e56c,expired,payload_too_large,False,reduce_payload_size
evt_2a09c1afdb1a,delivered,none,False,none
evt_ec88b0c0453e,delivered,none,False,none
evt_3c6739378071,expired,payload_too_large,False,reduce_payload_size
evt_cf77b11b7ce9,expired,payload_too_large,False,reduce_payload_size
evt_0d8ffa359f54,delivered,none,False,none
evt_c1faa9f52f79,delivered,none,False,none
evt_2e4c009a220b,expired,payload_too_large,False,reduce_payload_size
evt_e53cb12a4b2e,delivered,none,False,none
evt_970444d063a0,expired,payload_too_large,False,reduce_payload_size
evt_49531573dd5e,expired,endpoint_deleted,False,contact_customer_endpoint_deleted
evt_233b8b884773,delivered,none,False,none
evt_ac3f200588ba,expired,payload_too_large,False,reduce_payload_size
evt_a4654f0a70fe,delivered,none,False,none
evt_c22092bfe0ce,expired,payload_too_large,False,reduce_payload_size
evt_1258b1e68143,recovered,none,False,none
evt_864e81bff316,expired,endpoint_deleted,False,contact_customer_endpoint_deleted
evt_ffd830aa0fd6,delivered,none,False,none
evt_67b4dde23871,expired,endpoint_deleted,False,contact_customer_endpoint_deleted
evt_95c8610aacc4,delivered,none,False,none
evt_fe04bb9c473b,delivered,none,False,none
evt_b4e290b5331c,expired,payload_too_large,False,reduce_payload_size
evt_dab55644080c,delivered,none,False,none
evt_41cd81018555,expired,payload_too_large,False,reduce_payload_size
evt_e4ac80c766ca,expired,payload_too_large,False,reduce_payload_size
evt_48efe8876b87,expired,payload_too_large,False,reduce_payload_size
evt_d429e06cd2eb,expired,endpoint_deleted,False,contact_customer_endpoint_deleted
evt_10ddcedcf3a5,delivered,none,False,none
evt_4d38adc208e2,expired,timeout,True,investigate
evt_808d7a5993b8,delivered,none,False,none
evt_45682045c6b8,delivered,none,False,none
evt_1232e6a9dbb2,expired,payload_too_large,False,reduce_payload_size
evt_47045987fac1,expired,payload_too_large,False,reduce_payload_size
evt_e213d197f588,delivered,none,False,none
evt_9b4625748dfd,delivered,none,False,none
evt_5b57ee6668d9,expired,endpoint_deleted,False,contact_customer_endpoint_deleted
evt_c61c486d00b7,expired,payload_too_large,False,reduce_payload_size
evt_4d9e06eca243,expired,malformed_response,True,investigate
evt_100886a07aa5,expired,timeout,True,investigate
evt_a86531dba156,expired,endpoint_deleted,False,contact_customer_endpoint_deleted
evt_770c8bbfa395,delivered,none,False,none
evt_9610c8428c19,delivered,none,False,none
evt_87225238eb62,expired,payload_too_large,False,reduce_payload_size
evt_9ff0d793d615,expired,malformed_response,True,investigate
evt_9aae006e0988,delivered,none,False,none
evt_b9dcb9a64cb3,delivered,none,False,none
evt_e606d99b092a,delivered,none,False,none
evt_46bd49463953,delivered,none,False,none
evt_ee92650a5d50,expired,endpoint_deleted,False,contact_customer_endpoint_deleted
evt_7026385767ea,delivered,none,False,none
evt_10d22c06a7a3,expired,payload_too_large,False,reduce_payload_size
evt_00c19c2ad451,expired,invalid_signature,True,verify_signature_config
evt_471c4dfd9736,expired,payload_too_large,False,reduce_payload_size
evt_3360c86c743b,expired,timeout,True,investigate
evt_ff35d2cf3030,expired,payload_too_large,False,reduce_payload_size
evt_b1c46b6dadc4,delivered,none,False,none
evt_fabc61639dc9,expired,malformed_response,True,investigate
evt_aecf0beccc55,expired,replay_without_fix,False,investigate
evt_7d4a4e062586,expired,endpoint_deleted,False,contact_customer_endpoint_deleted
evt_248360b3e30c,expired,payload_too_large,False,reduce_payload_size
evt_322bf3328e30,expired,endpoint_deleted,False,contact_customer_endpoint_deleted
evt_ec06e854dbea,expired,payload_too_large,False,reduce_payload_size
evt_6da393e62384,expired,payload_too_large,False,reduce_payload_size
evt_15d402b7ed04,duplicate,duplicate_event,False,fix_retry_logic
evt_7667c4d05203,expired,payload_too_large,False,reduce_payload_size
evt_b6d4175a3209,expired,payload_too_large,False,reduce_payload_size
evt_96788d3b5dc1,expired,payload_too_large,False,reduce_payload_size
evt_c66bf57540fc,delivered,none,False,none
evt_e87dd0b7148b,expired,endpoint_deleted,False,contact_customer_endpoint_deleted
evt_02db2e971983,expired,payload_too_large,False,reduce_payload_size
evt_dc1cfb370fb6,expired,endpoint_deleted,False,contact_customer_endpoint_deleted
evt_92250950ff87,expired,payload_too_large,False,reduce_payload_size
evt_982ef7ac8044,delivered,none,False,none
evt_76171654d91f,delivered,none,False,none
evt_2b0d1078ffa1,expired,endpoint_deleted,False,contact_customer_endpoint_deleted
evt_f245bb269212,expired,payload_too_large,False,reduce_payload_size
evt_1bae1e705aea,expired,payload_too_large,False,reduce_payload_size
evt_92a501dd9744,expired,endpoint_deleted,False,contact_customer_endpoint_deleted
evt_4a26cffbe258,expired,payload_too_large,False,reduce_payload_size
evt_760894c01251,delivered,none,False,none
evt_972382076eb5,delivered,none,False,none
evt_0fee8eec2cc5,delivered,none,False,none
evt_27046633b66c,delivered,none,False,none
evt_b8995c2d5995,delivered,none,False,none
evt_35df91e80311,expired,rate_limited,True,apply_exponential_backoff
evt_3a530f438e80,expired,endpoint_deleted,False,contact_customer_endpoint_deleted
evt_a57fcd651552,expired,payload_too_large,False,reduce_payload_size
evt_d36cf8d229ba,delivered,none,False,none
evt_418c30a5913f,expired,payload_too_large,False,reduce_payload_size
evt_f6e8c6d63923,expired,payload_too_large,False,reduce_payload_size
evt_f909705e04bb,expired,payload_too_large,False,reduce_payload_size
evt_225e815dcd7b,expired,customer_endpoint_down,True,wait_and_retry
evt_612ead16edaf,expired,replay_without_fix,False,investigate
evt_9452d31651a3,expired,payload_too_large,False,reduce_payload_size
evt_e5c7ed783657,expired,endpoint_deleted,False,contact_customer_endpoint_deleted
evt_19998c20f2d6,expired,payload_too_large,False,reduce_payload_size
evt_d6c3eb001745,expired,payload_too_large,False,reduce_payload_size
evt_33a24ee3b57a,delivered,none,False,none
evt_1bb50e72b46a,duplicate,duplicate_event,False,fix_retry_logic
evt_e815401d1f3c,delivered,none,False,none
evt_4cc1717e602d,delivered,none,False,none
evt_b0393c564a43,delivered,none,False,none
evt_21602da0dbbd,delivered,none,False,none
evt_428b463300e7,delivered,none,False,none
evt_03975d6d2d48,expired,payload_too_large,False,reduce_payload_size
evt_c954d23268ad,expired,endpoint_deleted,False,contact_customer_endpoint_deleted
evt_c967a7c87a87,delivered,none,False,none
evt_0a00c07d5f3a,delivered,none,False,none
evt_1d9d33ed8d84,expired,payload_too_large,False,reduce_payload_size
evt_69cc9aa9c5bd,expired,payload_too_large,False,reduce_payload_size
evt_f65640e68775,expired,endpoint_deleted,False,contact_customer_endpoint_deleted
evt_d8c2df4539c2,expired,payload_too_large,False,reduce_payload_size
evt_cd033fcf4b18,delivered,none,False,none
evt_41ba28495d6d,expired,payload_too_large,False,reduce_payload_size
evt_8bb18c3b2b23,expired,rate_limited,True,apply_exponential_backoff
evt_823a7679bfe0,expired,payload_too_large,False,reduce_payload_size
evt_d24855010952,expired,payload_too_large,False,reduce_payload_size
evt_e06c41a33c93,delivered,none,False,none
evt_a2243759a753,expired,payload_too_large,False,reduce_payload_size
evt_60b9b65f0299,expired,payload_too_large,False,reduce_payload_size
evt_06019d83cf8d,delivered,none,False,none
evt_3de5baa9c2e0,expired,payload_too_large,False,reduce_payload_size
evt_b7096f04bfa5,delivered,none,False,none
evt_51a8986f511f,duplicate,duplicate_event,False,fix_retry_logic
evt_25f4ce18c658,expired,endpoint_deleted,False,contact_customer_endpoint_deleted
evt_6b3995e9ee4c,expired,endpoint_deleted,False,contact_customer_endpoint_deleted
evt_fc159ba0b64b,expired,payload_too_large,False,reduce_payload_size
evt_7dd6791c271c,expired,payload_too_large,False,reduce_payload_size
evt_6bbe469b4f34,expired,payload_too_large,False,reduce_payload_size
evt_a4c987a3935d,delivered,none,False,none
evt_427ae2557fb8,delivered,none,False,none
evt_fb4b061401ec,delivered,none,False,none
evt_c75dcd4d1227,delivered,none,False,none
evt_c47ca949e93a,expired,payload_too_large,False,reduce_payload_size
evt_99427ef63365,expired,endpoint_deleted,False,contact_customer_endpoint_deleted
evt_705c3ff5cdda,expired,payload_too_large,False,reduce_payload_size
evt_e082f68646df,delivered,none,False,none
evt_226b635fca10,delivered,none,False,none
evt_8a35c75b16eb,expired,payload_too_large,False,reduce_payload_size
evt_fc8063249220,expired,payload_too_large,False,reduce_payload_size
evt_f6241febd11e,delivered,none,False,none
evt_556fdc2faed6,delivered,none,False,none
evt_d1feeb3261a4,delivered,none,False,none
evt_1062fd5bdb7e,delivered,none,False,none
evt_b87e1e90cdbb,delivered,none,False,none
evt_41a1e1e2f415,expired,timeout,True,investigate
evt_2127666b927e,delivered,none,False,none
evt_953454da42e4,expired,payload_too_large,False,reduce_payload_size
evt_2482ed324e6b,expired,payload_too_large,False,reduce_payload_size
evt_54d91dafd551,expired,endpoint_deleted,False,contact_customer_endpoint_deleted
evt_8875d364e6b5,delivered,none,False,none
evt_7ad7a80883f7,delivered,none,False,none
evt_1e998af2ef72,expired,endpoint_deleted,False,contact_customer_endpoint_deleted
evt_2e1d1ca269b9,delivered,none,False,none
evt_41deb092b9ea,delivered,none,False,none
evt_c3a243bc967c,expired,rate_limited,True,apply_exponential_backoff
evt_663aa1acd3b2,delivered,none,False,none
evt_ddb77b4afc85,expired,payload_too_large,False,reduce_payload_size
evt_8b2577d800b1,expired,payload_too_large,False,reduce_payload_size
evt_8e1f05560e85,delivered,none,False,none
evt_87038c2f1471,delivered,none,False,none
evt_f2b05af2d90c,expired,payload_too_large,False,reduce_payload_size
evt_a15ac3691415,expired,endpoint_deleted,False,contact_customer_endpoint_deleted
evt_c23a76e16f39,expired,payload_too_large,False,reduce_payload_size
evt_28dfd5f82b04,delivered,none,False,none
evt_3f36e52f338a,delivered,none,False,none
evt_2a80efdbc3de,expired,payload_too_large,False,reduce_payload_size
evt_ca04d7ceb5d2,delivered,none,False,none
evt_db290536395a,delivered,none,False,none
evt_4763689bed20,delivered,none,False,none
evt_4f911132551b,expired,payload_too_large,False,reduce_payload_size
evt_4f0415632e6b,expired,payload_too_large,False,reduce_payload_size
evt_0f213ebbaa31,delivered,none,False,none
evt_704a24f25241,expired,malformed_response,True,investigate
evt_f841bb45a780,delivered,none,False,none
evt_cd9b333309bf,expired,payload_too_large,False,reduce_payload_size
evt_9fc70a016b79,expired,malformed_response,True,investigate
evt_12da89d4a4e8,delivered,none,False,none
evt_e9a9017162cd,delivered,none,False,none
evt_8649d09b616b,delivered,none,False,none
evt_76d61f5202bf,expired,malformed_response,True,investigate
evt_8b2daeec46eb,expired,payload_too_large,False,reduce_payload_size
evt_3f7a107071b5,expired,payload_too_large,False,reduce_payload_size
evt_e3b16d9c133d,delivered,none,False,none
evt_59acf1deabba,expired,payload_too_large,False,reduce_payload_size
evt_d05a5a35ac30,delivered,none,False,none
evt_40cc8ebb19c9,expired,payload_too_large,False,reduce_payload_size
evt_bd7432a1c3f6,delivered,none,False,none
evt_9eae752c1d4f,delivered,none,False,none
evt_24191f973f76,delivered,none,False,none
evt_67e42b01a1bc,expired,payload_too_large,False,reduce_payload_size
evt_87e5e5d90f13,expired,endpoint_deleted,False,contact_customer_endpoint_deleted
evt_a7b09ff9e34a,expired,payload_too_large,False,reduce_payload_size
evt_b04118b2ad90,expired,payload_too_large,False,reduce_payload_size
evt_4d1defde097a,expired,timeout,True,investigate
evt_3725c00b0e17,delivered,none,False,none
evt_34a68993a224,delivered,none,False,none
evt_464f15c6877a,expired,endpoint_deleted,False,contact_customer_endpoint_deleted
evt_16f2d5f144c7,expired,payload_too_large,False,reduce_payload_size
evt_a460a93db3a5,delivered,none,False,none
evt_537ef477f408,expired,payload_too_large,False,reduce_payload_size
evt_a23b4062d3c1,delivered,none,False,none
evt_f9b5be7b0378,expired,payload_too_large,False,reduce_payload_size
evt_c702fe2a9eaf,delivered,none,False,none
evt_363185881934,delivered,none,False,none
evt_7715e8a511fc,delivered,none,False,none
evt_ea0c5fa4df6b,expired,endpoint_deleted,False,contact_customer_endpoint_deleted
evt_f4a075cdecff,expired,payload_too_large,False,reduce_payload_size
evt_f6f35be61aeb,delivered,none,False,none
evt_8e17e79f8fff,expired,endpoint_deleted,False,contact_customer_endpoint_deleted
evt_620263e8c00b,expired,endpoint_deleted,False,contact_customer_endpoint_deleted
evt_78ca544c3d5d,delivered,none,False,none
evt_6a3730994e97,delivered,none,False,none
evt_f5a5b124fe5f,expired,payload_too_large,False,reduce_payload_size
evt_9db5082a329a,expired,payload_too_large,False,reduce_payload_size
evt_cce8a4627f08,expired,payload_too_large,False,reduce_payload_size
evt_1d6328f4f4c2,expired,endpoint_deleted,False,contact_customer_endpoint_deleted
evt_1d42dca7df4d,expired,payload_too_large,False,reduce_payload_size
evt_01f9b556dd66,expired,payload_too_large,False,reduce_payload_size
evt_55f764a9c862,expired,payload_too_large,False,reduce_payload_size
evt_4eb91d539022,expired,payload_too_large,False,reduce_payload_size
evt_0fb7a94da76b,delivered,none,False,none
evt_4ae27a83b218,delivered,none,False,none
evt_5d2e82950d59,delivered,none,False,none
evt_ec1231617854,delivered,none,False,none
evt_bec64846fffd,expired,payload_too_large,False,reduce_payload_size
evt_c2016d150095,expired,malformed_response,True,investigate
evt_5be14f0e8f94,expired,payload_too_large,False,reduce_payload_size
evt_f531d5cb080e,delivered,none,False,none
evt_d9f22dcc2422,expired,payload_too_large,False,reduce_payload_size
evt_71429fa076f3,expired,payload_too_large,False,reduce_payload_size
evt_7fc78e548f86,expired,customer_endpoint_down,True,wait_and_retry
evt_a7bb9410e211,expired,endpoint_deleted,False,contact_customer_endpoint_deleted
evt_89f391725263,expired,payload_too_large,False,reduce_payload_size
evt_d27906d439ea,expired,endpoint_deleted,False,contact_customer_endpoint_deleted
evt_98920ddff90f,expired,endpoint_deleted,False,contact_customer_endpoint_deleted
evt_6fa7b49d9514,delivered,none,False,none
evt_0336278d3946,delivered,none,False,none
evt_4354790b4ea4,expired,payload_too_large,False,reduce_payload_size
evt_ef20807567e1,delivered,none,False,none
evt_cea1cc9b9355,expired,payload_too_large,False,reduce_payload_size
evt_2b04bfd291be,delivered,none,False,none
evt_f04ce50d401c,duplicate,duplicate_event,False,fix_retry_logic
evt_ac27661979a4,delivered,none,False,none
evt_7f9a7fcf4a6f,expired,payload_too_large,False,reduce_payload_size
evt_e746bf75ce39,expired,payload_too_large,False,reduce_payload_size
evt_8892cefcaf18,expired,customer_endpoint_down,True,wait_and_retry
evt_cd4080900310,expired,payload_too_large,False,reduce_payload_size
evt_82cb611f2b56,expired,malformed_response,True,investigate
evt_2004b48c18e8,delivered,none,False,none
evt_163660ad0584,delivered,none,False,none
evt_49a691807ece,delivered,none,False,none
evt_f30af529fedd,duplicate,duplicate_event,False,fix_retry_logic
evt_4c8ba9eb66be,expired,replay_without_fix,False,investigate
evt_5581b035c455,expired,payload_too_large,False,reduce_payload_size
evt_b6c5c0bfc1c8,delivered,none,False,none
evt_3a5a4823910b,expired,malformed_response,True,investigate
evt_0147066d77b3,expired,endpoint_deleted,False,contact_customer_endpoint_deleted
evt_e73e912b30d7,expired,endpoint_deleted,False,contact_customer_endpoint_deleted
evt_7adc28a64fe0,delivered,none,False,none
evt_fa61e74ca0e2,delivered,none,False,none
evt_c3f28eed6480,delivered,none,False,none
evt_5febfc10efd4,expired,payload_too_large,False,reduce_payload_size
evt_e6918e6c5595,expired,endpoint_deleted,False,contact_customer_endpoint_deleted
evt_8d06c47eb55c,delivered,none,False,none
evt_28846c92a004,delivered,none,False,none
evt_bd941a1e13ae,delivered,none,False,none
evt_99ffa38f759b,delivered,none,False,none
evt_773145c876c6,delivered,none,False,none
evt_c7065ba2f348,expired,payload_too_large,False,reduce_payload_size
evt_53dcf59e305d,delivered,none,False,none
evt_30144a46d0ef,expired,payload_too_large,False,reduce_payload_size
evt_bc3c3d09df7e,expired,payload_too_large,False,reduce_payload_size
evt_8daad9e7c79a,expired,endpoint_deleted,False,contact_customer_endpoint_deleted
evt_efccf012d6b1,expired,payload_too_large,False,reduce_payload_size
evt_c2590b5f9a3f,delivered,none,False,none
evt_21ae44bce0e2,delivered,none,False,none
evt_555b1c8836fe,duplicate,duplicate_event,False,fix_retry_logic
evt_2448d1271280,delivered,none,False,none
evt_9d72f0da59a1,expired,endpoint_deleted,False,contact_customer_endpoint_deleted
evt_ef64c34a8966,delivered,none,False,none
evt_e4adb31e11ae,delivered,none,False,none
evt_f2443c2de40a,expired,payload_too_large,False,reduce_payload_size
evt_60b03ee52664,expired,payload_too_large,False,reduce_payload_size
evt_91b816d8046c,delivered,none,False,none
evt_158db818e330,expired,payload_too_large,False,reduce_payload_size
evt_c016a6cb9b27,delivered,none,False,none
evt_1446c4e16ae0,expired,payload_too_large,False,reduce_payload_size
evt_e230c08a6a94,delivered,none,False,none
evt_366ce32e9e1c,expired,payload_too_large,False,reduce_payload_size
evt_1eb24804ef2b,expired,payload_too_large,False,reduce_payload_size
evt_3602b5297e23,expired,payload_too_large,False,reduce_payload_size
evt_047142993c98,delivered,none,False,none
evt_1b530293bb57,expired,malformed_response,True,investigate
evt_e1433107d5cd,expired,payload_too_large,False,reduce_payload_size
evt_41e4d6190ede,delivered,none,False,none
evt_19e54937d39b,delivered,none,False,none
evt_649714bb59e8,expired,customer_endpoint_down,True,wait_and_retry
evt_57002c69110c,expired,malformed_response,True,investigate
evt_254328bf3576,delivered,none,False,none
evt_8298fa279203,expired,payload_too_large,False,reduce_payload_size
evt_2f33d2e15a5d,expired,payload_too_large,False,reduce_payload_size
evt_528f310f64e2,expired,payload_too_large,False,reduce_payload_size
evt_a913279c872c,expired,payload_too_large,False,reduce_payload_size
evt_0b59473e5091,expired,payload_too_large,False,reduce_payload_size
evt_20881b0b1ff2,expired,payload_too_large,False,reduce_payload_size
evt_74cfa932b81a,expired,payload_too_large,False,reduce_payload_size
evt_eb947c138d3b,expired,malformed_response,True,investigate
evt_db649f3b6794,expired,payload_too_large,False,reduce_payload_size
evt_fa51cce70a6a,delivered,none,False,none
evt_9f00ae9c4b6c,expired,payload_too_large,False,reduce_payload_size
evt_d70f64f05040,expired,payload_too_large,False,reduce_payload_size
evt_0ca698c0aef4,expired,endpoint_deleted,False,contact_customer_endpoint_deleted
evt_555f79651f69,expired,endpoint_deleted,False,contact_customer_endpoint_deleted
evt_2be1f6c339b3,expired,payload_too_large,False,reduce_payload_size
evt_331bb9405017,delivered,none,False,none
evt_6703728894f7,expired,payload_too_large,False,reduce_payload_size
evt_16d01c55f340,expired,payload_too_large,False,reduce_payload_size
evt_ab8562dbe02b,expired,payload_too_large,False,reduce_payload_size
evt_c09dc64d0519,delivered,none,False,none
evt_f0bf5bed4f46,expired,payload_too_large,False,reduce_payload_size
evt_87ec899c672b,expired,payload_too_large,False,reduce_payload_size
evt_aba54076143b,expired,payload_too_large,False,reduce_payload_size
evt_ad6b3d1ce45f,expired,payload_too_large,False,reduce_payload_size
evt_26b90ed18c33,delivered,none,False,none
evt_423e2869d506,delivered,none,False,none
evt_8ffaaf974d91,expired,payload_too_large,False,reduce_payload_size
evt_8845fbcd53c0,delivered,none,False,none
evt_fcd42639f37f,expired,endpoint_deleted,False,contact_customer_endpoint_deleted
evt_78395a0ad77a,expired,payload_too_large,False,reduce_payload_size
evt_7007504c8417,expired,payload_too_large,False,reduce_payload_size
evt_603b0b33234c,delivered,none,False,none
evt_8fdf7f1dcde0,expired,payload_too_large,False,reduce_payload_size
evt_bcb619ea476d,delivered,none,False,none
evt_7c9432939c82,expired,payload_too_large,False,reduce_payload_size
evt_8524a3af3e5f,delivered,none,False,none
evt_e5918aa066dd,expired,endpoint_deleted,False,contact_customer_endpoint_deleted
evt_288cbb6577a4,expired,payload_too_large,False,reduce_payload_size
evt_7ba070da5642,expired,payload_too_large,False,reduce_payload_size
evt_dcd6c7e9ffd3,delivered,none,False,none
evt_047dd351b7c0,expired,payload_too_large,False,reduce_payload_size
evt_04307cd55ffd,delivered,none,False,none
evt_8ea45854a4f8,expired,payload_too_large,False,reduce_payload_size
evt_ba3dfc248d34,delivered,none,False,none
evt_b419d997d358,delivered,none,False,none
evt_ecf796bdf57f,delivered,none,False,none
evt_6b6f7b9c858b,expired,payload_too_large,False,reduce_payload_size
evt_ecafc8b831b3,expired,endpoint_deleted,False,contact_customer_endpoint_deleted
evt_ebe45d4aa655,expired,payload_too_large,False,reduce_payload_size
evt_dae6980921a8,expired,payload_too_large,False,reduce_payload_size
evt_ad9e8ebbd18a,delivered,none,False,none
evt_2a07cbe7b977,delivered,none,False,none
evt_ca9721246b51,delivered,none,False,none
evt_382dd0b1ef02,expired,endpoint_deleted,False,contact_customer_endpoint_deleted
evt_c254c7f6c987,expired,endpoint_deleted,False,contact_customer_endpoint_deleted
evt_df0a1dcb32fe,duplicate,duplicate_event,False,fix_retry_logic
evt_3fed79c07d33,expired,endpoint_deleted,False,contact_customer_endpoint_deleted
evt_8fbcc03e3cfb,expired,payload_too_large,False,reduce_payload_size
evt_3851413ebc99,delivered,none,False,none
evt_41669903c9d8,expired,malformed_response,True,investigate
evt_086521f0f63a,expired,payload_too_large,False,reduce_payload_size
evt_7350bfb594b5,delivered,none,False,none
evt_addfa19ebce8,expired,endpoint_deleted,False,contact_customer_endpoint_deleted
evt_71446bdd62d7,expired,endpoint_deleted,False,contact_customer_endpoint_deleted
evt_9579a33037bc,expired,payload_too_large,False,reduce_payload_size
evt_bb44827e99d6,delivered,none,False,none
evt_eaadc89be089,duplicate,duplicate_event,False,fix_retry_logic
evt_7732cd1c6d8b,delivered,none,False,none
evt_e0ffc0f21bd3,delivered,none,False,none
evt_3f3794a374e0,delivered,none,False,none
evt_986abf49dd45,delivered,none,False,none
evt_88cd47cef43a,delivered,none,False,none
evt_d5e8653d5aa3,delivered,none,False,none
evt_cbf349354478,expired,payload_too_large,False,reduce_payload_size
evt_a870ebc0add8,delivered,none,False,none
evt_93fd6d57c572,expired,endpoint_deleted,False,contact_customer_endpoint_deleted
evt_e2bf75fac277,expired,payload_too_large,False,reduce_payload_size
evt_5948a31a00fe,expired,endpoint_deleted,False,contact_customer_endpoint_deleted
evt_7ff270734b06,expired,endpoint_deleted,False,contact_customer_endpoint_deleted
evt_8c2a078aa8b2,delivered,none,False,none
evt_636c58126436,recovered,none,False,none
evt_302063bb6024,expired,payload_too_large,False,reduce_payload_size
evt_d2f6a1fc99b8,delivered,none,False,none
evt_62336e7d1865,expired,customer_endpoint_down,True,wait_and_retry
evt_ef9254ffad67,delivered,none,False,none
evt_c79d8934282c,expired,payload_too_large,False,reduce_payload_size
evt_8ba1fffa9d24,expired,payload_too_large,False,reduce_payload_size
evt_a02a280f3bc3,expired,payload_too_large,False,reduce_payload_size
evt_26eb0476d9d6,delivered,none,False,none
evt_d8ca3a0872f7,delivered,none,False,none
evt_c44c65696f88,expired,endpoint_deleted,False,contact_customer_endpoint_deleted
evt_9f1254949f99,expired,endpoint_deleted,False,contact_customer_endpoint_deleted
evt_c8620a8519aa,expired,malformed_response,True,investigate
evt_0bca1679500b,expired,payload_too_large,False,reduce_payload_size
evt_b463de6c4f00,expired,malformed_response,True,investigate
evt_881d3e032db1,expired,payload_too_large,False,reduce_payload_size
evt_4fad6287800c,expired,payload_too_large,False,reduce_payload_size
evt_09db350e003f,expired,endpoint_deleted,False,contact_customer_endpoint_deleted
evt_d222f212ae40,delivered,none,False,none
evt_61bd7f52e428,expired,malformed_response,True,investigate
evt_053044d40a57,delivered,none,False,none
evt_a5a58111de60,expired,endpoint_deleted,False,contact_customer_endpoint_deleted
evt_5d7b382ba51f,delivered,none,False,none
evt_ad0aef5d388f,delivered,none,False,none
evt_4e0b6886a2bf,expired,endpoint_deleted,False,contact_customer_endpoint_deleted
evt_1a920f7e86d6,delivered,none,False,none
evt_e59b414c5c32,delivered,none,False,none
evt_ba90b1522a02,delivered,none,False,none
evt_e7817fbafd5e,expired,endpoint_deleted,False,contact_customer_endpoint_deleted
evt_5a9a23ced0de,delivered,none,False,none
evt_cf4507b80638,expired,endpoint_deleted,False,contact_customer_endpoint_deleted
evt_bfac229e0991,delivered,none,False,none
evt_e7a43d47d67b,delivered,none,False,none
evt_f18589828c42,delivered,none,False,none
evt_fc7d42192aa2,expired,payload_too_large,False,reduce_payload_size
evt_4a65c49def88,expired,payload_too_large,False,reduce_payload_size
evt_d117884bf23e,delivered,none,False,none
evt_c7ecf60a746f,delivered,none,False,none
evt_4d12951adbc8,delivered,none,False,none
evt_f6c6afcf3e1b,expired,payload_too_large,False,reduce_payload_size
evt_bdcc918f9a9a,expired,payload_too_large,False,reduce_payload_size
evt_721091d6a207,expired,endpoint_deleted,False,contact_customer_endpoint_deleted
evt_1c434f9f500e,delivered,none,False,none
evt_0ba6a46fbe87,expired,payload_too_large,False,reduce_payload_size
evt_be60a5e961fd,expired,endpoint_deleted,False,contact_customer_endpoint_deleted
evt_460650bc7118,expired,payload_too_large,False,reduce_payload_size
evt_13d2ab90d300,delivered,none,False,none
evt_b8026f0a6fab,expired,customer_endpoint_down,True,wait_and_retry
evt_48ab7f00ad5f,expired,payload_too_large,False,reduce_payload_size
evt_6afd2d28e95e,delivered,none,False,none
evt_e3a1f022e440,delivered,none,False,none
evt_3657e262459b,delivered,none,False,none
evt_81cb82a22601,expired,payload_too_large,False,reduce_payload_size
evt_b0520876c575,delivered,none,False,none
evt_1bad86cd9ac6,expired,payload_too_large,False,reduce_payload_size
evt_9a58ed506e6b,delivered,none,False,none
evt_3249439de0dc,expired,payload_too_large,False,reduce_payload_size
evt_f01ba19e71fc,expired,customer_endpoint_down,True,wait_and_retry
evt_18916a9cf34a,delivered,none,False,none
evt_0a4007ea98cb,expired,payload_too_large,False,reduce_payload_size
evt_a0fc2900a027,expired,payload_too_large,False,reduce_payload_size
evt_ddd87c909c1f,expired,payload_too_large,False,reduce_payload_size
evt_58931bbee4b0,expired,payload_too_large,False,reduce_payload_size
evt_bb203a9bb28f,expired,payload_too_large,False,reduce_payload_size
evt_fcfe9a174864,expired,payload_too_large,False,reduce_payload_size
evt_80a06434cdb6,expired,payload_too_large,False,reduce_payload_size
evt_6581f610d167,expired,payload_too_large,False,reduce_payload_size
evt_d76849297411,delivered,none,False,none
evt_4628f1579b22,recovered,none,False,none
evt_678a85f8ea98,expired,payload_too_large,False,reduce_payload_size
evt_47340cf83aa5,delivered,none,False,none
evt_de95bbff37bb,expired,payload_too_large,False,reduce_payload_size
evt_195ad2884859,expired,payload_too_large,False,reduce_payload_size
evt_3c80c45b1d67,delivered,none,False,none
evt_12006c8acba2,delivered,none,False,none
evt_5c7c772fa3c0,expired,payload_too_large,False,reduce_payload_size
evt_217add94107e,delivered,none,False,none
evt_943c7c1fdd87,expired,payload_too_large,False,reduce_payload_size
evt_be2f613814af,expired,payload_too_large,False,reduce_payload_size
evt_65176b9b0c41,delivered,none,False,none
evt_ed2b51d2f8d4,delivered,none,False,none
evt_b212acdf266e,delivered,none,False,none
evt_2bf218a94374,delivered,none,False,none
evt_de6f38fe4ae7,expired,payload_too_large,False,reduce_payload_size
evt_e0aea747e330,expired,malformed_response,True,investigate
evt_90a27b604565,delivered,none,False,none
evt_3c14fe291a50,delivered,none,False,none
evt_4b790bf9bc56,delivered,none,False,none
evt_5f2759164eb5,delivered,none,False,none
evt_8370a3cdd558,expired,endpoint_deleted,False,contact_customer_endpoint_deleted
evt_fdf646f1bb77,delivered,none,False,none
evt_7278b9c6fb48,delivered,none,False,none
evt_33e00150f1b3,expired,payload_too_large,False,reduce_payload_size
evt_b3e0c1e02838,expired,payload_too_large,False,reduce_payload_size
evt_e27bfe539117,expired,payload_too_large,False,reduce_payload_size
evt_f14a7b670378,expired,payload_too_large,False,reduce_payload_size
evt_a196d16bcc92,delivered,none,False,none
evt_d922718d9d99,duplicate,duplicate_event,False,fix_retry_logic
evt_b16168387fa3,delivered,none,False,none
evt_f571e32305a5,expired,endpoint_deleted,False,contact_customer_endpoint_deleted
evt_f1291c9f9f83,delivered,none,False,none
evt_f7605e80c886,expired,payload_too_large,False,reduce_payload_size
evt_e1106b88075b,expired,payload_too_large,False,reduce_payload_size
evt_146f795ba034,delivered,none,False,none
evt_c74fee875612,expired,endpoint_deleted,False,contact_customer_endpoint_deleted
evt_5b50fe0d69ae,expired,payload_too_large,False,reduce_payload_size
evt_3043847843f0,expired,endpoint_deleted,False,contact_customer_endpoint_deleted
evt_8a101e93c091,expired,payload_too_large,False,reduce_payload_size
evt_f80771207877,delivered,none,False,none
evt_bbd9948a3e9f,expired,rate_limited,True,apply_exponential_backoff
evt_9b4192024380,expired,payload_too_large,False,reduce_payload_size
evt_848e25275e3a,delivered,none,False,none
evt_2c8e4d3a51c5,expired,payload_too_large,False,reduce_payload_size
evt_d8dea6d84334,expired,payload_too_large,False,reduce_payload_size
evt_b4f410b4d0fe,expired,payload_too_large,False,reduce_payload_size
evt_d3d030cc27d9,expired,payload_too_large,False,reduce_payload_size
evt_6376984878cf,duplicate,duplicate_event,False,fix_retry_logic
evt_1b9e77db53ad,expired,payload_too_large,False,reduce_payload_size
evt_b93726dd98fc,delivered,none,False,none
evt_5291493a0e0f,delivered,none,False,none
evt_3bba0e112fc7,expired,payload_too_large,False,reduce_payload_size
evt_e70ccd957a6c,delivered,none,False,none
evt_b55dbf92ecc0,delivered,none,False,none
evt_292e04532ef2,delivered,none,False,none
evt_5fa7f1d8a4e9,delivered,none,False,none
evt_4ef99396c483,delivered,none,False,none
evt_82d756b23f70,expired,endpoint_deleted,False,contact_customer_endpoint_deleted
evt_9bf02f56d499,expired,endpoint_deleted,False,contact_customer_endpoint_deleted
evt_d0751f89f4e1,expired,payload_too_large,False,reduce_payload_size
evt_ea0e89e7e223,expired,endpoint_deleted,False,contact_customer_endpoint_deleted
evt_64c63dfc7a00,expired,payload_too_large,False,reduce_payload_size
evt_c7740aea0eb2,expired,payload_too_large,False,reduce_payload_size
evt_fa1c6ffe2c8e,delivered,none,False,none
evt_71f6977191e2,expired,endpoint_deleted,False,contact_customer_endpoint_deleted
evt_2dd5358eb9aa,expired,endpoint_deleted,False,contact_customer_endpoint_deleted
evt_4bd08cb00c00,expired,timeout,True,investigate
evt_9ca5274343a6,delivered,none,False,none
evt_327200bd80f1,delivered,none,False,none
evt_0bbcfb1fead8,expired,payload_too_large,False,reduce_payload_size
evt_917d50f9ccfa,delivered,none,False,none
evt_1c0b1cf38d55,expired,payload_too_large,False,reduce_payload_size
evt_215e4ded0102,expired,payload_too_large,False,reduce_payload_size
evt_ebbbbb4e87f4,expired,replay_without_fix,False,investigate
evt_e49b01ded42b,delivered,none,False,none
evt_6ae4b0b6f4f0,expired,payload_too_large,False,reduce_payload_size
evt_972f70499ee0,delivered,none,False,none
evt_723fb3f79b93,expired,endpoint_deleted,False,contact_customer_endpoint_deleted
evt_199bf92ab577,expired,payload_too_large,False,reduce_payload_size
evt_f6373834b201,expired,payload_too_large,False,reduce_payload_size
evt_909a5bd661a2,delivered,none,False,none
evt_8d9b7e05726c,delivered,none,False,none
evt_dd05cee3399d,delivered,none,False,none
evt_524b53efd6f0,expired,payload_too_large,False,reduce_payload_size
evt_fc93b72a233b,delivered,none,False,none
evt_54e8a2012c78,duplicate,duplicate_event,False,fix_retry_logic
evt_0878e9c19fb8,duplicate,duplicate_event,False,fix_retry_logic
evt_d264dcec3a12,delivered,none,False,none
evt_f64f36709dd6,delivered,none,False,none
evt_9410fee19f60,delivered,none,False,none
evt_29bc8003a467,delivered,none,False,none
evt_d5194073bb9d,delivered,none,False,none
evt_7c299872d85c,delivered,none,False,none
evt_000b96419980,delivered,none,False,none
evt_09d50e80e91e,delivered,none,False,none
evt_644f7deea032,expired,payload_too_large,False,reduce_payload_size
evt_bb45989a694c,delivered,none,False,none
evt_ef33d52633dd,delivered,none,False,none
evt_2fa40e494ebb,delivered,none,False,none
evt_d844ec887970,expired,endpoint_deleted,False,contact_customer_endpoint_deleted
evt_766d6c8943f2,delivered,none,False,none
evt_4c8c87f4dd8e,delivered,none,False,none
evt_8b0ea5cc2dd2,delivered,none,False,none
evt_538581309f9d,duplicate,duplicate_event,False,fix_retry_logic
evt_48ba00a423a0,expired,endpoint_deleted,False,contact_customer_endpoint_deleted
evt_e30eca2a55b9,expired,endpoint_deleted,False,contact_customer_endpoint_deleted
evt_5582a9e8a5a6,delivered,none,False,none
evt_94f4134fd6b9,delivered,none,False,none
evt_1adad2240e5b,delivered,none,False,none
evt_a9b6e67d3327,expired,invalid_signature,True,verify_signature_config
evt_67422cf52398,expired,payload_too_large,False,reduce_payload_size
evt_2700ad504f23,delivered,none,False,none
evt_6b00d83a935b,expired,payload_too_large,False,reduce_payload_size
evt_9467ad964449,expired,payload_too_large,False,reduce_payload_size
evt_7d30d82311fe,delivered,none,False,none
evt_d30646e7613d,expired,payload_too_large,False,reduce_payload_size
evt_aded55f17746,delivered,none,False,none
evt_b21d52d1b7f0,expired,payload_too_large,False,reduce_payload_size
evt_904743ceb18d,recovered,none,False,none
evt_c0011bdfa144,delivered,none,False,none
evt_df29b69238df,delivered,none,False,none
evt_d8d1e1063815,delivered,none,False,none
evt_7364ca90fecc,delivered,none,False,none
evt_4024b55c9863,delivered,none,False,none
evt_e3e42add2867,delivered,none,False,none
evt_cebcc0a87ee9,expired,payload_too_large,False,reduce_payload_size
evt_b6cf68cea866,expired,endpoint_deleted,False,contact_customer_endpoint_deleted
evt_058dd9243a61,expired,payload_too_large,False,reduce_payload_size
evt_6c01f440cd11,delivered,none,False,none
evt_9f57a309d937,delivered,none,False,none
evt_b2214e6ef7f5,expired,malformed_response,True,investigate
evt_4db0821535cd,expired,endpoint_deleted,False,contact_customer_endpoint_deleted
evt_8c5df7031d75,duplicate,duplicate_event,False,fix_retry_logic
evt_b604dc4711f0,expired,payload_too_large,False,reduce_payload_size
evt_14ecbc24ee0f,expired,endpoint_deleted,False,contact_customer_endpoint_deleted
evt_db9bf739a3f8,expired,rate_limited,True,apply_exponential_backoff
evt_0dc082adb4c8,expired,endpoint_deleted,False,contact_customer_endpoint_deleted
evt_32c312e2726e,delivered,none,False,none
evt_d52670531fae,delivered,none,False,none
evt_9ba65817d586,expired,payload_too_large,False,reduce_payload_size
evt_9b1fec26cae6,delivered,none,False,none
evt_b3e77a0b6b33,expired,replay_without_fix,False,investigate
evt_94b84bcc8227,expired,payload_too_large,False,reduce_payload_size
evt_54f55a00063b,expired,endpoint_deleted,False,contact_customer_endpoint_deleted
evt_2ff2feab070c,expired,endpoint_deleted,False,contact_customer_endpoint_deleted
evt_6cfa8ae5dedf,delivered,none,False,none
evt_c0df2a55a2bd,delivered,none,False,none
evt_9054270db5e6,expired,timeout,True,investigate
evt_867611c93727,expired,endpoint_deleted,False,contact_customer_endpoint_deleted
evt_564922e9e625,delivered,none,False,none
evt_d5bb5e1c1daf,expired,payload_too_large,False,reduce_payload_size
evt_8d4c67600552,expired,payload_too_large,False,reduce_payload_size
evt_35848da2c750,delivered,none,False,none
evt_594721f8ce69,delivered,none,False,none
evt_5e8eb19afc63,expired,payload_too_large,False,reduce_payload_size
evt_5799b902ead5,delivered,none,False,none
evt_080697e5766d,delivered,none,False,none
evt_eff12d0b7e55,expired,payload_too_large,False,reduce_payload_size
evt_ad8306d88701,delivered,none,False,none
evt_14b8947819bb,delivered,none,False,none
evt_7cd21d734b2a,expired,payload_too_large,False,reduce_payload_size
evt_d2dfe3b346a0,expired,endpoint_deleted,False,contact_customer_endpoint_deleted
evt_bf2533b36ca4,expired,payload_too_large,False,reduce_payload_size
evt_d2e9b928278e,delivered,none,False,none
evt_54922945d072,delivered,none,False,none
evt_eb7e1c643d3b,expired,endpoint_deleted,False,contact_customer_endpoint_deleted
evt_26bdb5dbf712,expired,payload_too_large,False,reduce_payload_size
evt_4d3ce8bbdfa5,delivered,none,False,none
evt_2e33072c15ce,delivered,none,False,none
evt_34d3abf9174c,expired,payload_too_large,False,reduce_payload_size
evt_6e97e3e872c3,delivered,none,False,none
evt_54691a5c9e88,delivered,none,False,none
evt_6940ee09df61,expired,payload_too_large,False,reduce_payload_size
evt_78a7f7275416,expired,payload_too_large,False,reduce_payload_size
evt_73fc2ffef289,expired,endpoint_deleted,False,contact_customer_endpoint_deleted
evt_2a2d9fc34d36,delivered,none,False,none
evt_05d090bda2d3,delivered,none,False,none
evt_7c469129966e,delivered,none,False,none
evt_fdda448f847c,delivered,none,False,none
evt_b2bfb8c1efa1,expired,payload_too_large,False,reduce_payload_size
evt_168d792db17e,expired,payload_too_large,False,reduce_payload_size
evt_2880d08c1e24,expired,endpoint_deleted,False,contact_customer_endpoint_deleted
evt_4137b2ce9366,delivered,none,False,none
evt_736b39ac9fc0,expired,payload_too_large,False,reduce_payload_size
evt_e165cd3450b3,expired,payload_too_large,False,reduce_payload_size
evt_dc57ca11f540,delivered,none,False,none
evt_bf981bf031a3,expired,payload_too_large,False,reduce_payload_size
evt_ca780a1861d7,expired,payload_too_large,False,reduce_payload_size
evt_8f05fc8087a8,expired,customer_endpoint_down,True,wait_and_retry
evt_3e97a8f93a08,delivered,none,False,none
evt_1cd0f1c0170f,expired,payload_too_large,False,reduce_payload_size
evt_fcc6281fad3b,delivered,none,False,none
evt_c968fd3a6ddb,delivered,none,False,none
evt_e44330316813,delivered,none,False,none
evt_26b303dbeb51,expired,payload_too_large,False,reduce_payload_size
evt_9471283ed6a4,duplicate,duplicate_event,False,fix_retry_logic
evt_dfe004ee1f99,expired,payload_too_large,False,reduce_payload_size
evt_38d9a19b6127,expired,customer_endpoint_down,True,wait_and_retry
evt_2422cb2abf82,expired,malformed_response,True,investigate
evt_fa7fc9d40cbc,expired,endpoint_deleted,False,contact_customer_endpoint_deleted
evt_0329ea432fe6,delivered,none,False,none
evt_21e207b89741,expired,endpoint_deleted,False,contact_customer_endpoint_deleted
evt_d6da688bd953,expired,endpoint_deleted,False,contact_customer_endpoint_deleted
evt_94a4bff96fa9,delivered,none,False,none
evt_aae4f9301bd7,delivered,none,False,none
evt_1b459ac716b7,expired,payload_too_large,False,reduce_payload_size
evt_7712e451c46c,expired,payload_too_large,False,reduce_payload_size
evt_a17424679b27,delivered,none,False,none
evt_16f30576eb00,delivered,none,False,none
evt_fa381ea5a197,delivered,none,False,none
evt_2819e8482ef7,delivered,none,False,none
evt_21c5e33ed6e6,expired,payload_too_large,False,reduce_payload_size
evt_7fb4298cb261,expired,payload_too_large,False,reduce_payload_size
evt_a996e2666543,expired,payload_too_large,False,reduce_payload_size
evt_f1bb00ef30c9,expired,payload_too_large,False,reduce_payload_size
evt_04e37c1a86e7,delivered,none,False,none
evt_8bfa4013b0c2,expired,endpoint_deleted,False,contact_customer_endpoint_deleted
evt_c31ef2d41474,delivered,none,False,none
evt_8a3211de6997,expired,invalid_signature,True,verify_signature_config
evt_4e098e3b66d2,expired,payload_too_large,False,reduce_payload_size
evt_b4c7d313889e,expired,endpoint_deleted,False,contact_customer_endpoint_deleted
evt_bea7fb21d055,expired,payload_too_large,False,reduce_payload_size
evt_78f32d78466e,delivered,none,False,none
evt_b19450863410,expired,malformed_response,True,investigate
evt_8d7d4d2e2bb2,duplicate,duplicate_event,False,fix_retry_logic
evt_30e7312e3462,delivered,none,False,none
evt_bb357d3ef978,delivered,none,False,none
evt_5cefd1e1a91c,expired,payload_too_large,False,reduce_payload_size
evt_7838eac15bd4,expired,endpoint_deleted,False,contact_customer_endpoint_deleted
evt_53b60ab3d548,expired,timeout,True,investigate
evt_160642f8f932,delivered,none,False,none
evt_5480335f7c40,delivered,none,False,none
evt_3ad4a30593bb,delivered,none,False,none
evt_8b045863e2a0,expired,payload_too_large,False,reduce_payload_size
evt_da3f88f9b7af,expired,malformed_response,True,investigate
evt_7491fc82fc67,delivered,none,False,none
evt_c657e64e537a,delivered,none,False,none
evt_bd56b89c6b14,delivered,none,False,none
evt_32e45cbd97c0,delivered,none,False,none
evt_b2a9c3ef845f,expired,payload_too_large,False,reduce_payload_size
evt_bad9d9f41bda,delivered,none,False,none
evt_c8ccb351cad9,expired,payload_too_large,False,reduce_payload_size
evt_fa75c84e15ed,expired,payload_too_large,False,reduce_payload_size
evt_1a4760d30912,delivered,none,False,none
evt_3b3e955e00df,delivered,none,False,none
evt_f3bdd13f4906,expired,payload_too_large,False,reduce_payload_size
evt_f538e0b4c414,delivered,none,False,none
evt_a567ba0817ec,expired,payload_too_large,False,reduce_payload_size
evt_fcd550a5fd2c,delivered,none,False,none
evt_29d30175c60e,delivered,none,False,none
evt_2d58cb5bc5bc,expired,endpoint_deleted,False,contact_customer_endpoint_deleted
evt_bb6f595bd5b2,delivered,none,False,none
evt_6e39ea57046d,delivered,none,False,none
evt_f52d0a5f4322,expired,malformed_response,True,investigate
evt_a39dea385788,expired,payload_too_large,False,reduce_payload_size
evt_10e59ca5823d,delivered,none,False,none
evt_4238dc52f57b,expired,endpoint_deleted,False,contact_customer_endpoint_deleted
evt_dc0ac60cb8f2,expired,endpoint_deleted,False,contact_customer_endpoint_deleted
evt_31d86c27c454,expired,payload_too_large,False,reduce_payload_size
evt_902733bf6c42,expired,payload_too_large,False,reduce_payload_size
evt_f795eb6c5ac5,expired,payload_too_large,False,reduce_payload_size
evt_8076768c36ea,expired,endpoint_deleted,False,contact_customer_endpoint_deleted
evt_61e2cf8d65fd,delivered,none,False,none
evt_6656bee473e5,delivered,none,False,none
evt_82c85b39f92e,delivered,none,False,none
evt_67b88f07cde3,delivered,none,False,none
evt_2af3c21c093d,delivered,none,False,none
evt_564d65ca042c,expired,payload_too_large,False,reduce_payload_size
evt_e4d6722ca85c,expired,customer_endpoint_down,True,wait_and_retry
evt_4e288de1474d,expired,invalid_signature,True,verify_signature_config
evt_d20d4571a52c,delivered,none,False,none
evt_2dacd95d100e,delivered,none,False,none
evt_785e0f5be453,delivered,none,False,none
evt_6b0d3701f694,expired,payload_too_large,False,reduce_payload_size
evt_ce2f99a51c56,expired,payload_too_large,False,reduce_payload_size
evt_0cd3b1f67b5c,expired,payload_too_large,False,reduce_payload_size
evt_f5b3ccf38e5b,expired,payload_too_large,False,reduce_payload_size
evt_4a6a6746bb17,expired,payload_too_large,False,reduce_payload_size
evt_a3e05ba43d89,expired,payload_too_large,False,reduce_payload_size
evt_f09e3760522a,delivered,none,False,none
evt_e231f10fafc0,delivered,none,False,none
evt_3e99a0523b06,expired,payload_too_large,False,reduce_payload_size
evt_fbc6e6f4b12c,delivered,none,False,none
evt_9f3b2a07901c,expired,customer_endpoint_down,True,wait_and_retry
evt_d9310492b4e5,expired,payload_too_large,False,reduce_payload_size
evt_859108a4e057,expired,timeout,True,investigate
evt_9e3204f2f628,delivered,none,False,none
evt_61d98ca25d94,expired,endpoint_deleted,False,contact_customer_endpoint_deleted
evt_ec4b98902355,delivered,none,False,none
evt_0881ea96a333,expired,payload_too_large,False,reduce_payload_size
evt_b447672c171c,delivered,none,False,none
evt_894406bd7f26,delivered,none,False,none
evt_a4af5312787f,expired,payload_too_large,False,reduce_payload_size
evt_592a7e29e863,expired,endpoint_deleted,False,contact_customer_endpoint_deleted
evt_b0c537119896,delivered,none,False,none
evt_7fe05e4b77e7,delivered,none,False,none
evt_7b1200309ead,delivered,none,False,none
evt_f7b18cafcd2c,expired,endpoint_deleted,False,contact_customer_endpoint_deleted
evt_9641dc4bab15,expired,invalid_signature,True,verify_signature_config
evt_5d4ba6a7693c,delivered,none,False,none
evt_1b8c12b1dc80,delivered,none,False,none
evt_07ae6a4e36dc,delivered,none,False,none
evt_e5566cad6667,expired,payload_too_large,False,reduce_payload_size
evt_bd59e6f01bf4,expired,endpoint_deleted,False,contact_customer_endpoint_deleted
evt_b259560a99d6,delivered,none,False,none
evt_4556bd3ddeb1,delivered,none,False,none
evt_2227f3629214,delivered,none,False,none
evt_8f8d4e1224fa,delivered,none,False,none
evt_bfaca2bf6531,delivered,none,False,none
evt_9a5e65f1b8f0,delivered,none,False,none
evt_d55a0329a157,expired,payload_too_large,False,reduce_payload_size
evt_ef9552c3e31a,expired,payload_too_large,False,reduce_payload_size
evt_da2f39fbdf07,delivered,none,False,none
evt_0041e91d82a7,delivered,none,False,none
evt_4e8b106e4a30,delivered,none,False,none
evt_7bfd28701df1,expired,payload_too_large,False,reduce_payload_size
evt_0af5ffcddf26,delivered,none,False,none
evt_0775604fb9f4,expired,payload_too_large,False,reduce_payload_size
evt_aabfe655fb20,expired,payload_too_large,False,reduce_payload_size
evt_e3ec4bc06d05,expired,payload_too_large,False,reduce_payload_size
evt_54013b146e2b,delivered,none,False,none
evt_479420158e4b,expired,payload_too_large,False,reduce_payload_size
evt_1fd64af077bb,delivered,none,False,none
evt_4fd8fc1ffbe9,delivered,none,False,none
evt_6ac722ab2683,expired,customer_endpoint_down,True,wait_and_retry
evt_fd12f77e8172,delivered,none,False,none
evt_6be0f8512942,delivered,none,False,none
evt_34f28bd7bc65,delivered,none,False,none
evt_06cd10c71b3a,delivered,none,False,none
evt_559666226f77,expired,payload_too_large,False,reduce_payload_size
evt_8c66961367b7,delivered,none,False,none
evt_01ed0b9a2a9e,expired,payload_too_large,False,reduce_payload_size
evt_a779943e2ae6,expired,endpoint_deleted,False,contact_customer_endpoint_deleted
evt_1ef0de4cb969,expired,payload_too_large,False,reduce_payload_size
evt_4d97f24e67c2,expired,payload_too_large,False,reduce_payload_size
evt_18d9c99bd712,delivered,none,False,none
evt_0eac87c384e9,expired,payload_too_large,False,reduce_payload_size
evt_9713c45973f3,expired,payload_too_large,False,reduce_payload_size
evt_29f65fd7b787,expired,replay_without_fix,False,investigate
evt_cd54b8f57b0f,expired,endpoint_deleted,False,contact_customer_endpoint_deleted
evt_31ecfc7f0883,delivered,none,False,none
evt_1429a02344e3,expired,endpoint_deleted,False,contact_customer_endpoint_deleted
evt_98f8bb6d074e,delivered,none,False,none
evt_2fb6bd4ac267,delivered,none,False,none
evt_623d2b6aa3e3,delivered,none,False,none
evt_09d10c719006,delivered,none,False,none
evt_a6da87eeae71,delivered,none,False,none
evt_d99461a95acf,delivered,none,False,none
evt_a1e1a84e17d8,duplicate,duplicate_event,False,fix_retry_logic
evt_ac9edb22234e,delivered,none,False,none
evt_015d4b4455b6,delivered,none,False,none
evt_4e96b4b2c123,expired,endpoint_deleted,False,contact_customer_endpoint_deleted
evt_296f535cab8f,expired,timeout,True,investigate
evt_96d1259d6478,delivered,none,False,none
evt_e04f9a1995e5,expired,payload_too_large,False,reduce_payload_size
evt_3982a91124e8,expired,payload_too_large,False,reduce_payload_size
evt_600128f8457d,delivered,none,False,none
evt_a50a04299271,delivered,none,False,none
evt_edfadec1d6dc,delivered,none,False,none
evt_199fc4ccf79f,expired,payload_too_large,False,reduce_payload_size
evt_4b7fa2191201,delivered,none,False,none
evt_cf899000e78d,delivered,none,False,none
evt_5697761363c2,delivered,none,False,none
evt_2e8ff5774996,duplicate,duplicate_event,False,fix_retry_logic
evt_1995f6b3437c,delivered,none,False,none
evt_1f926c7fe0cb,delivered,none,False,none
evt_c4eb0b8f958f,expired,customer_endpoint_down,True,wait_and_retry
evt_7d28e8849c97,delivered,none,False,none
evt_1f7d077bbc58,expired,payload_too_large,False,reduce_payload_size
evt_a129ddfd4c8a,expired,payload_too_large,False,reduce_payload_size
evt_0bdba30d4c2a,delivered,none,False,none
evt_d29717f8e870,delivered,none,False,none
evt_9fadf65f527b,expired,endpoint_deleted,False,contact_customer_endpoint_deleted
evt_f2cee9d9f5b4,duplicate,duplicate_event,False,fix_retry_logic
evt_3f23944b2a7e,expired,payload_too_large,False,reduce_payload_size
evt_725806a24604,expired,payload_too_large,False,reduce_payload_size
evt_807db1c03a64,expired,endpoint_deleted,False,contact_customer_endpoint_deleted
evt_5906bd747a17,expired,payload_too_large,False,reduce_payload_size
evt_aab5ea2ed1cb,expired,payload_too_large,False,reduce_payload_size
evt_b46e9f3d9d4c,expired,endpoint_deleted,False,contact_customer_endpoint_deleted
evt_12df590764c5,delivered,none,False,none
evt_d1230e91282b,expired,payload_too_large,False,reduce_payload_size
evt_c522d7afaa7d,delivered,none,False,none
evt_2bc886be517a,expired,payload_too_large,False,reduce_payload_size
evt_c188c5c834dc,expired,invalid_signature,True,verify_signature_config
evt_ef76db8d4b3d,delivered,none,False,none
evt_63b24add7223,expired,rate_limited,True,apply_exponential_backoff
evt_ee8f9a93bc2c,expired,payload_too_large,False,reduce_payload_size
evt_38622699938b,expired,endpoint_deleted,False,contact_customer_endpoint_deleted
evt_5b5392d8799d,expired,endpoint_deleted,False,contact_customer_endpoint_deleted
evt_77b83467e6dd,expired,endpoint_deleted,False,contact_customer_endpoint_deleted
evt_cff07a03f03a,expired,payload_too_large,False,reduce_payload_size
evt_05c4fb64d230,expired,payload_too_large,False,reduce_payload_size
evt_f970c7833421,delivered,none,False,none
evt_52415612eacd,delivered,none,False,none
evt_9221417dd593,expired,invalid_signature,True,verify_signature_config
evt_cfb9c381d331,expired,payload_too_large,False,reduce_payload_size
evt_4e582d790c7b,delivered,none,False,none
evt_4bc06e2be82e,delivered,none,False,none
evt_2976f88774e2,expired,payload_too_large,False,reduce_payload_size
evt_692761a068c2,expired,payload_too_large,False,reduce_payload_size
evt_c5a6f6bf9788,delivered,none,False,none
evt_e42df7b80350,delivered,none,False,none
evt_7d4726fee7fa,expired,endpoint_deleted,False,contact_customer_endpoint_deleted
evt_4e3cb21519cd,delivered,none,False,none
evt_393b3d0bd941,delivered,none,False,none
evt_7ea50e41a291,delivered,none,False,none
evt_b29ade2554b9,expired,replay_without_fix,False,investigate
evt_ed1ce50f9afd,expired,payload_too_large,False,reduce_payload_size
evt_6ae326dbf346,expired,payload_too_large,False,reduce_payload_size
evt_b8e1772b768f,delivered,none,False,none
evt_237f835bb904,expired,payload_too_large,False,reduce_payload_size
evt_4afbbc094f10,expired,endpoint_deleted,False,contact_customer_endpoint_deleted
evt_6a35c6955a3d,expired,payload_too_large,False,reduce_payload_size
evt_65c453568770,expired,replay_without_fix,False,investigate
evt_978dfbea8754,expired,payload_too_large,False,reduce_payload_size
evt_d13df47578ef,expired,payload_too_large,False,reduce_payload_size
evt_0574dc2e5674,delivered,none,False,none
evt_18cbfe35d366,delivered,none,False,none
evt_55f35091389e,expired,replay_without_fix,False,investigate
evt_48c84bcf5d1a,expired,endpoint_deleted,False,contact_customer_endpoint_deleted
evt_ada1ab4bd0f2,expired,payload_too_large,False,reduce_payload_size
evt_5679a97fa478,delivered,none,False,none
evt_d3c214d5a877,delivered,none,False,none
evt_20d4de0642c9,expired,payload_too_large,False,reduce_payload_size
evt_b1b346ab5448,expired,malformed_response,True,investigate
evt_ee8ca248a23f,delivered,none,False,none
evt_829ae679d6ce,expired,malformed_response,True,investigate
evt_96a571d75ec6,expired,payload_too_large,False,reduce_payload_size
evt_c90ae3a769fe,expired,malformed_response,True,investigate
evt_f459339350b5,delivered,none,False,none
evt_645a75cf1387,delivered,none,False,none
evt_f2573e5f19b8,delivered,none,False,none
evt_d2967e4c3f98,expired,payload_too_large,False,reduce_payload_size
evt_a368b59b359b,expired,endpoint_deleted,False,contact_customer_endpoint_deleted
evt_6a25665ac6cd,delivered,none,False,none
evt_9c89b0bea8ed,expired,payload_too_large,False,reduce_payload_size
evt_1fcccdcf1300,delivered,none,False,none
evt_4e8db77dd9e5,expired,payload_too_large,False,reduce_payload_size
evt_550e6ae4c309,delivered,none,False,none
evt_1d9a8bd6abe6,delivered,none,False,none
evt_0baeb445e964,expired,rate_limited,True,apply_exponential_backoff
evt_4393f23cb573,expired,endpoint_deleted,False,contact_customer_endpoint_deleted
evt_e32ead2ac3b6,expired,endpoint_deleted,False,contact_customer_endpoint_deleted
evt_658fc815144a,expired,payload_too_large,False,reduce_payload_size
evt_def671b2d469,delivered,none,False,none
evt_e6c4efa08119,expired,payload_too_large,False,reduce_payload_size
evt_bef86ad07646,delivered,none,False,none
evt_d2b717af57b7,delivered,none,False,none
evt_793081caab6a,expired,payload_too_large,False,reduce_payload_size
evt_52f92e444da0,delivered,none,False,none
evt_cd8db452f7ba,delivered,none,False,none
evt_4b836af0a3c2,expired,payload_too_large,False,reduce_payload_size
evt_471876f1b50a,expired,payload_too_large,False,reduce_payload_size
evt_437ad3320889,delivered,none,False,none
evt_cad3c24b7ea7,delivered,none,False,none
evt_544467376d96,expired,payload_too_large,False,reduce_payload_size
evt_ae428c6adf37,expired,endpoint_deleted,False,contact_customer_endpoint_deleted
evt_22713fe69977,delivered,none,False,none
evt_ea4a4e1791ed,expired,payload_too_large,False,reduce_payload_size
evt_963d0fa4b2f9,delivered,none,False,none
evt_3688549479d8,expired,payload_too_large,False,reduce_payload_size
evt_d0711c9f38d8,expired,payload_too_large,False,reduce_payload_size
evt_2e0ead99b10b,delivered,none,False,none
evt_a3f4632aa48e,delivered,none,False,none
evt_4552a9b197e0,delivered,none,False,none
evt_c39d7571ad24,expired,endpoint_deleted,False,contact_customer_endpoint_deleted
evt_8e3baafac394,delivered,none,False,none
evt_f4aeef1c561f,expired,timeout,True,investigate
evt_6b1bedd0da91,expired,invalid_signature,True,verify_signature_config
evt_d1f2372f264d,delivered,none,False,none
evt_7d4c6236fcac,delivered,none,False,none
evt_bd1941ad4054,expired,payload_too_large,False,reduce_payload_size
evt_7d167fd144b5,expired,payload_too_large,False,reduce_payload_size
evt_90c8782c51aa,delivered,none,False,none
evt_b23f76b39225,expired,payload_too_large,False,reduce_payload_size
evt_4b60d5d6172d,expired,payload_too_large,False,reduce_payload_size
evt_838ac627f968,expired,payload_too_large,False,reduce_payload_size
evt_3d5b3cc5005e,delivered,none,False,none
evt_e57d817d4339,expired,payload_too_large,False,reduce_payload_size
evt_6ef5156a2ed7,expired,payload_too_large,False,reduce_payload_size
evt_5d25e2c7c72d,expired,payload_too_large,False,reduce_payload_size
evt_7ba16b8f4369,expired,endpoint_deleted,False,contact_customer_endpoint_deleted
evt_ecce8ca8da49,expired,endpoint_deleted,False,contact_customer_endpoint_deleted
evt_b59d909ffdab,expired,payload_too_large,False,reduce_payload_size
evt_35f840ff08c2,expired,payload_too_large,False,reduce_payload_size
evt_ab763e50c7b0,delivered,none,False,none
evt_ed9c8ced4344,expired,rate_limited,True,apply_exponential_backoff
evt_45669c146d67,delivered,none,False,none
evt_bc6cdd988d88,delivered,none,False,none
evt_d4a8d7bc1f98,expired,payload_too_large,False,reduce_payload_size
evt_baf394959be8,delivered,none,False,none
evt_d81243c9dcd5,expired,payload_too_large,False,reduce_payload_size
evt_62deee9aa122,delivered,none,False,none
evt_d86c0630b900,expired,payload_too_large,False,reduce_payload_size
evt_40e4f522e6b7,expired,payload_too_large,False,reduce_payload_size
evt_bdecbb6f3b1b,duplicate,duplicate_event,False,fix_retry_logic
evt_4d07fa682d6c,delivered,none,False,none
evt_8d6fbd8b53b7,expired,payload_too_large,False,reduce_payload_size
evt_0dddbb6b5d10,expired,payload_too_large,False,reduce_payload_size
evt_ea9c8e7e946c,expired,payload_too_large,False,reduce_payload_size
evt_a1e5b2f8554d,delivered,none,False,none
evt_644bb15b2a38,expired,payload_too_large,False,reduce_payload_size
evt_e878ccce9f0e,delivered,none,False,none
evt_e04ea45a7709,expired,payload_too_large,False,reduce_payload_size
evt_3b250dff101f,expired,payload_too_large,False,reduce_payload_size
evt_3dcec039c55d,expired,payload_too_large,False,reduce_payload_size
evt_efdd6b9ca1aa,delivered,none,False,none
evt_7e4da9f7c12d,expired,payload_too_large,False,reduce_payload_size
evt_1b20b06df8f9,delivered,none,False,none
evt_34c57d2b1b9a,expired,endpoint_deleted,False,contact_customer_endpoint_deleted
evt_5e7dafc9b175,delivered,none,False,none
evt_12387e2b223a,expired,payload_too_large,False,reduce_payload_size
evt_b9c3e10571e5,duplicate,duplicate_event,False,fix_retry_logic
evt_59137af1f9ce,expired,payload_too_large,False,reduce_payload_size
evt_d0a7241afb9d,expired,payload_too_large,False,reduce_payload_size
evt_80fbd080d31e,delivered,none,False,none
evt_9f6c09cd492c,expired,payload_too_large,False,reduce_payload_size
evt_d725ac1cade6,expired,payload_too_large,False,reduce_payload_size
evt_9f3f7c21e846,delivered,none,False,none
evt_31b566ece486,delivered,none,False,none
evt_62125a9bda2a,expired,timeout,True,investigate
evt_b63b5fed8995,delivered,none,False,none
evt_4fe86817bded,delivered,none,False,none
evt_5a32fb6c9602,expired,payload_too_large,False,reduce_payload_size
evt_224acd34265e,expired,payload_too_large,False,reduce_payload_size
evt_e70e4e2a64f8,delivered,none,False,none
evt_ad9252ad6771,delivered,none,False,none
evt_a35c80948f1f,delivered,none,False,none
evt_9b77d4ed29e1,expired,customer_endpoint_down,True,wait_and_retry
evt_dc378c6aa78c,expired,payload_too_large,False,reduce_payload_size
evt_37f644513979,expired,payload_too_large,False,reduce_payload_size
evt_8adc5cfb0db4,expired,endpoint_deleted,False,contact_customer_endpoint_deleted
evt_2de27d37ba96,expired,payload_too_large,False,reduce_payload_size
evt_38722f388657,delivered,none,False,none
evt_14613423110d,expired,rate_limited,True,apply_exponential_backoff
evt_71cd79d9a53c,delivered,none,False,none
evt_56fc24cfd558,expired,endpoint_deleted,False,contact_customer_endpoint_deleted
evt_a7679e6b2325,delivered,none,False,none
evt_b9bb1d0288ef,delivered,none,False,none
evt_cc4ceb45193b,expired,endpoint_deleted,False,contact_customer_endpoint_deleted
evt_73f57be4dd45,expired,payload_too_large,False,reduce_payload_size
evt_11c83618eb88,expired,rate_limited,True,apply_exponential_backoff
evt_8a51c8badef1,delivered,none,False,none
evt_35285d61990c,expired,replay_without_fix,False,investigate
evt_5465f3c8d808,delivered,none,False,none
evt_0d8bd83a126a,expired,timeout,True,investigate
evt_e2c9dec385a0,expired,payload_too_large,False,reduce_payload_size
evt_822e35f22106,delivered,none,False,none
evt_c896a4837acf,expired,customer_endpoint_down,True,wait_and_retry
evt_aa4e3a1d7192,expired,endpoint_deleted,False,contact_customer_endpoint_deleted
evt_e5737c7d7ffa,expired,customer_endpoint_down,True,wait_and_retry
evt_4746c477f0e9,delivered,none,False,none
evt_d6a3a6f09521,expired,payload_too_large,False,reduce_payload_size
evt_d48829ec63c2,expired,timeout,True,investigate
evt_9f803a3ccae2,expired,payload_too_large,False,reduce_payload_size
evt_ee410dff8ac1,expired,endpoint_deleted,False,contact_customer_endpoint_deleted
evt_fa00ddad4872,delivered,none,False,none
evt_c8f2fba30c0f,delivered,none,False,none
evt_d22e79d3e788,delivered,none,False,none
evt_9c40cb4c44bc,delivered,none,False,none
evt_37e884e9dcbe,delivered,none,False,none
evt_07fbad4fec13,duplicate,duplicate_event,False,fix_retry_logic
evt_113391756f94,delivered,none,False,none
evt_06487f383dd0,expired,payload_too_large,False,reduce_payload_size
evt_56c0f87c1b28,delivered,none,False,none
evt_fde7228766a7,delivered,none,False,none
evt_ae1380044774,delivered,none,False,none
evt_a9ac0b31fc53,expired,timeout,True,investigate
evt_901c66fc0351,expired,endpoint_deleted,False,contact_customer_endpoint_deleted
evt_f815426b2d4a,expired,invalid_signature,True,verify_signature_config
evt_e3807048d561,expired,endpoint_deleted,False,contact_customer_endpoint_deleted
evt_bd73693b549a,expired,payload_too_large,False,reduce_payload_size
evt_2d3bf0f2bf2f,delivered,none,False,none
evt_0a0adc410813,expired,payload_too_large,False,reduce_payload_size
evt_1ae3feb7cb7f,delivered,none,False,none
evt_f5edc083478d,expired,payload_too_large,False,reduce_payload_size
evt_331f118c52fa,expired,payload_too_large,False,reduce_payload_size
evt_bbf50d5c6195,expired,customer_endpoint_down,True,wait_and_retry
evt_cad7cd143884,delivered,none,False,none
evt_b98b5454d8c0,expired,payload_too_large,False,reduce_payload_size
evt_bc33ec93a1a9,expired,invalid_signature,True,verify_signature_config
evt_87943586332c,delivered,none,False,none
evt_d1fbeeb9de3d,delivered,none,False,none
evt_8b5965326a56,expired,payload_too_large,False,reduce_payload_size
evt_948e87163990,expired,payload_too_large,False,reduce_payload_size
evt_4dc2ba36089f,expired,endpoint_deleted,False,contact_customer_endpoint_deleted
evt_e25eefaaab2d,delivered,none,False,none
evt_d816bba53055,delivered,none,False,none
evt_35e24f95b509,delivered,none,False,none
evt_336b8b6bd4ed,delivered,none,False,none
evt_727dba968aa2,expired,payload_too_large,False,reduce_payload_size
evt_4108fcb405df,delivered,none,False,none
evt_58b65058652f,expired,payload_too_large,False,reduce_payload_size
evt_039c1870c1ae,delivered,none,False,none
evt_98572559bb31,expired,payload_too_large,False,reduce_payload_size
evt_0ac058ef5335,delivered,none,False,none
evt_6e0d4a0fe6e8,delivered,none,False,none
evt_c603b220ccf1,expired,payload_too_large,False,reduce_payload_size
evt_30c61870919e,expired,payload_too_large,False,reduce_payload_size
evt_057f981c1175,expired,endpoint_deleted,False,contact_customer_endpoint_deleted
evt_4118ce446156,delivered,none,False,none
evt_f308d44d46fd,expired,malformed_response,True,investigate
evt_3195fdd9e099,expired,payload_too_large,False,reduce_payload_size
evt_1a0864921341,expired,payload_too_large,False,reduce_payload_size
evt_7aa96a8fbc03,expired,payload_too_large,False,reduce_payload_size
evt_564f1fe297ec,expired,payload_too_large,False,reduce_payload_size
evt_a888fea3aef2,delivered,none,False,none
evt_25131051febe,expired,payload_too_large,False,reduce_payload_size
evt_665eead8ac47,delivered,none,False,none
evt_dc11e5772e70,delivered,none,False,none
evt_e04a9a0645b8,expired,payload_too_large,False,reduce_payload_size
evt_70b5c80205cb,expired,payload_too_large,False,reduce_payload_size
evt_73c9eb842c17,delivered,none,False,none
evt_375cac8c5b58,delivered,none,False,none
evt_a6293660734a,expired,payload_too_large,False,reduce_payload_size
evt_6f8feb1b94fc,delivered,none,False,none
evt_e24bb6858af9,delivered,none,False,none
evt_8fbea5c6498c,expired,payload_too_large,False,reduce_payload_size
evt_4ce80be4586f,expired,payload_too_large,False,reduce_payload_size
evt_edde9b1381c3,expired,payload_too_large,False,reduce_payload_size
evt_854422445633,delivered,none,False,none
evt_b2b45deff1c0,delivered,none,False,none
evt_f513d05731c8,expired,payload_too_large,False,reduce_payload_size
evt_86f92d112cb6,expired,payload_too_large,False,reduce_payload_size
evt_30057b111e3e,delivered,none,False,none
evt_b6dd09df3671,expired,timeout,True,investigate
evt_60e1de2bdb01,delivered,none,False,none
evt_6a64af58d351,expired,payload_too_large,False,reduce_payload_size
evt_b91f0695f2da,expired,rate_limited,True,apply_exponential_backoff
evt_da5d2941b1e8,expired,endpoint_deleted,False,contact_customer_endpoint_deleted
evt_22de36472b21,delivered,none,False,none
evt_b0000481a60d,expired,payload_too_large,False,reduce_payload_size
evt_6627aabe4004,delivered,none,False,none
evt_9736bfd683f2,delivered,none,False,none
evt_4558387286d3,expired,payload_too_large,False,reduce_payload_size
evt_0f599454afd1,delivered,none,False,none
evt_44607019cc79,expired,customer_endpoint_down,True,wait_and_retry
evt_4696bf6004b1,expired,malformed_response,True,investigate
evt_cca47d18204b,delivered,none,False,none
evt_6523b174a9f6,delivered,none,False,none
evt_5a4fd0816d3c,delivered,none,False,none
evt_4a3d29370810,delivered,none,False,none
evt_5a171757d300,expired,payload_too_large,False,reduce_payload_size
evt_99774933d603,expired,replay_without_fix,False,investigate
evt_5d136d779554,delivered,none,False,none
evt_4a62d411c949,expired,payload_too_large,False,reduce_payload_size
evt_b2692c2c1be2,expired,payload_too_large,False,reduce_payload_size
evt_349961446984,expired,endpoint_deleted,False,contact_customer_endpoint_deleted
evt_2851d7a4c54a,expired,payload_too_large,False,reduce_payload_size
evt_5a2f7a150aa4,expired,payload_too_large,False,reduce_payload_size
evt_4f1b172a6f66,expired,payload_too_large,False,reduce_payload_size
evt_1f5cffe3bd5e,delivered,none,False,none
evt_e40c2bf10c86,expired,payload_too_large,False,reduce_payload_size
evt_73d78492b851,expired,payload_too_large,False,reduce_payload_size
evt_9cce041c4086,expired,payload_too_large,False,reduce_payload_size
evt_076f29552fec,expired,payload_too_large,False,reduce_payload_size
evt_751e90dd1e11,delivered,none,False,none
evt_7b7f3331581c,delivered,none,False,none
evt_5e6c89277c15,expired,payload_too_large,False,reduce_payload_size
evt_7910c9b8a92b,delivered,none,False,none
evt_deb073eaa099,expired,malformed_response,True,investigate
evt_bd774f9dfe5b,delivered,none,False,none
evt_377d99a6ee8f,expired,payload_too_large,False,reduce_payload_size
evt_fc3ec19b9ad8,expired,endpoint_deleted,False,contact_customer_endpoint_deleted
evt_a21392a2224c,expired,payload_too_large,False,reduce_payload_size
evt_ceac9003d531,delivered,none,False,none
evt_b950516b512c,delivered,none,False,none
evt_49739183869c,delivered,none,False,none
evt_093989536a5b,delivered,none,False,none
evt_97b3876f6084,expired,payload_too_large,False,reduce_payload_size
evt_b00da7b5d96e,expired,payload_too_large,False,reduce_payload_size
evt_7a6a8fbbb546,expired,payload_too_large,False,reduce_payload_size
evt_d1de133adf2f,expired,payload_too_large,False,reduce_payload_size
evt_e5d15414101a,expired,payload_too_large,False,reduce_payload_size
evt_c19a5447e458,delivered,none,False,none
evt_af1d6e9ef712,delivered,none,False,none
evt_382beb9e8fb0,delivered,none,False,none
evt_7f4fa2c9cec2,delivered,none,False,none
evt_32a3baf82337,expired,payload_too_large,False,reduce_payload_size
evt_dcb2b076958c,expired,endpoint_deleted,False,contact_customer_endpoint_deleted
evt_82abc3a2e3cc,expired,payload_too_large,False,reduce_payload_size
evt_b9c53478ab31,expired,payload_too_large,False,reduce_payload_size
evt_0ba200ca166c,expired,endpoint_deleted,False,contact_customer_endpoint_deleted
evt_4a11ed62671a,expired,payload_too_large,False,reduce_payload_size
evt_242fb4217b3e,expired,payload_too_large,False,reduce_payload_size
evt_221d24103ace,delivered,none,False,none
evt_3df1c1b05e64,expired,payload_too_large,False,reduce_payload_size
evt_dc246fad5359,expired,malformed_response,True,investigate
evt_43a2c53c460c,delivered,none,False,none
evt_dffbea772e7a,expired,endpoint_deleted,False,contact_customer_endpoint_deleted
evt_3d0fa40a92c3,expired,payload_too_large,False,reduce_payload_size
evt_4b399c786f03,expired,payload_too_large,False,reduce_payload_size
evt_a93f9c5c9682,delivered,none,False,none
evt_eed6627fa8ad,expired,payload_too_large,False,reduce_payload_size
evt_2de152243db9,delivered,none,False,none
evt_4611ef6d08cb,expired,payload_too_large,False,reduce_payload_size
evt_a85fb0be58ff,expired,payload_too_large,False,reduce_payload_size
evt_800807dbcec1,expired,payload_too_large,False,reduce_payload_size
evt_738446fd346a,expired,payload_too_large,False,reduce_payload_size
evt_7b08bef2941b,expired,payload_too_large,False,reduce_payload_size
evt_49f13ca11837,delivered,none,False,none
evt_e396ac9b790c,delivered,none,False,none
evt_39798b43d8e9,expired,payload_too_large,False,reduce_payload_size
evt_bbfa1cd9307c,delivered,none,False,none
evt_0d01ec73552a,delivered,none,False,none
evt_10af16b48366,delivered,none,False,none
evt_704f457dd970,delivered,none,False,none
evt_51364b45f7b6,expired,customer_endpoint_down,True,wait_and_retry
evt_7f8afc5f18fa,delivered,none,False,none
evt_d61d3f3b525a,delivered,none,False,none
evt_3e94a062b43a,expired,payload_too_large,False,reduce_payload_size
evt_a67642dd1d5d,expired,payload_too_large,False,reduce_payload_size
evt_39dff7febf11,delivered,none,False,none
evt_e63dcfb133c3,delivered,none,False,none
evt_dd7382076522,expired,endpoint_deleted,False,contact_customer_endpoint_deleted
evt_fe10f80e8896,expired,endpoint_deleted,False,contact_customer_endpoint_deleted
evt_0e138e1c15b1,delivered,none,False,none
evt_f1021c40408b,expired,endpoint_deleted,False,contact_customer_endpoint_deleted
evt_3685a8f1a632,delivered,none,False,none
evt_1fe95ee38fd6,delivered,none,False,none
evt_f89936893583,delivered,none,False,none
evt_65dcb07ef3de,expired,endpoint_deleted,False,contact_customer_endpoint_deleted
evt_450e726ad1b7,expired,payload_too_large,False,reduce_payload_size
evt_2e6a65a8f1cd,expired,payload_too_large,False,reduce_payload_size
evt_d2531cd76949,delivered,none,False,none
evt_9ec4094e2e80,expired,endpoint_deleted,False,contact_customer_endpoint_deleted
evt_a4ce47144bb9,expired,customer_endpoint_down,True,wait_and_retry
evt_caa05401cdf4,delivered,none,False,none
evt_98fe8784e985,delivered,none,False,none
evt_77d112f6f3d0,delivered,none,False,none
evt_182c0c4f01b4,delivered,none,False,none
evt_563c03de8e3a,delivered,none,False,none
evt_3e128400fceb,delivered,none,False,none
evt_7d5b25199400,delivered,none,False,none
evt_95f39aa26123,expired,replay_without_fix,False,investigate
evt_9a976b925192,delivered,none,False,none
evt_b2dcea636bdb,expired,endpoint_deleted,False,contact_customer_endpoint_deleted
evt_f1a6ef140f0c,delivered,none,False,none
evt_4e14d909de83,expired,payload_too_large,False,reduce_payload_size
evt_0d91d00eab17,delivered,none,False,none
evt_6eec6c130325,duplicate,duplicate_event,False,fix_retry_logic
evt_718e2ef1c6dc,delivered,none,False,none
evt_9aae05fd477e,expired,payload_too_large,False,reduce_payload_size
evt_af1fed05b02a,expired,replay_without_fix,False,investigate
evt_34a4f9ca0a75,expired,timeout,True,investigate
evt_8cfbfdd87f56,expired,payload_too_large,False,reduce_payload_size
evt_d8e7e8495b78,expired,payload_too_large,False,reduce_payload_size
evt_930474543212,expired,endpoint_deleted,False,contact_customer_endpoint_deleted
evt_c4e2405569c4,delivered,none,False,none
evt_9b0ada79dfa2,expired,payload_too_large,False,reduce_payload_size
evt_b32a7549eb87,delivered,none,False,none
evt_be6c9e2a165a,delivered,none,False,none
evt_eb7f49b8da3c,delivered,none,False,none
evt_54ddf220a06c,delivered,none,False,none
evt_653a7990f6f0,duplicate,duplicate_event,False,fix_retry_logic
evt_4bdde1f42500,delivered,none,False,none
evt_47e7db35b0df,expired,payload_too_large,False,reduce_payload_size
evt_d42db83b3831,delivered,none,False,none
evt_269ea17993a6,expired,payload_too_large,False,reduce_payload_size
evt_fcaf2794e8fb,expired,payload_too_large,False,reduce_payload_size
evt_d96235beb394,expired,endpoint_deleted,False,contact_customer_endpoint_deleted
evt_4cd1004b8ec4,expired,payload_too_large,False,reduce_payload_size
evt_750cb41ee423,expired,rate_limited,True,apply_exponential_backoff
evt_589d392d8c12,delivered,none,False,none
evt_166d93a16977,delivered,none,False,none
evt_7f00be4fd91f,delivered,none,False,none
evt_f95bbd5f626e,expired,payload_too_large,False,reduce_payload_size
evt_174caf1d561e,delivered,none,False,none
evt_8d5cb19ea6a3,delivered,none,False,none
evt_7f7771e13219,expired,payload_too_large,False,reduce_payload_size
evt_4ddf68d835d8,delivered,none,False,none
evt_8c2c6e5047fd,expired,payload_too_large,False,reduce_payload_size
evt_6ad19f916f6f,delivered,none,False,none
evt_8a25cf9b9e88,expired,payload_too_large,False,reduce_payload_size
evt_5ab10f16acbc,delivered,none,False,none
evt_e5aaef7d6694,expired,payload_too_large,False,reduce_payload_size
evt_99d801ecea42,delivered,none,False,none
evt_44fc27430ffb,expired,payload_too_large,False,reduce_payload_size
evt_ad01130fa9e3,delivered,none,False,none
evt_90aff99ab129,duplicate,duplicate_event,False,fix_retry_logic
evt_d4bf041ae738,delivered,none,False,none
evt_88593eb29cdf,expired,payload_too_large,False,reduce_payload_size
evt_c3417ab28b2a,expired,payload_too_large,False,reduce_payload_size
evt_36071a14c84b,expired,payload_too_large,False,reduce_payload_size
evt_dbb58b6c1913,delivered,none,False,none
evt_7d715fdd296d,delivered,none,False,none
evt_70727b3e4797,delivered,none,False,none
evt_440108a984a3,expired,payload_too_large,False,reduce_payload_size
evt_905ecc78b81c,delivered,none,False,none
evt_ad21d5224bfd,expired,payload_too_large,False,reduce_payload_size
evt_88ed5e461674,expired,payload_too_large,False,reduce_payload_size
evt_db3a2138cf66,delivered,none,False,none
evt_6a530d61f0fa,expired,payload_too_large,False,reduce_payload_size
evt_45308e593698,expired,endpoint_deleted,False,contact_customer_endpoint_deleted
evt_35d6700ef635,delivered,none,False,none
evt_5d9525f27445,delivered,none,False,none
evt_82613c44de16,delivered,none,False,none
evt_7807fd5bb90b,expired,malformed_response,True,investigate
evt_46ee2bc73441,delivered,none,False,none
evt_02e540dad362,delivered,none,False,none
evt_87dac39d6308,expired,payload_too_large,False,reduce_payload_size
evt_32350b3ba90d,expired,endpoint_deleted,False,contact_customer_endpoint_deleted
evt_5320dcb9dcde,delivered,none,False,none
evt_a117a5d5d17c,delivered,none,False,none
evt_d377f52bcb52,delivered,none,False,none
evt_e54c7af21de0,delivered,none,False,none
evt_4a697eab30cc,delivered,none,False,none
evt_bb4c409cae4a,expired,payload_too_large,False,reduce_payload_size
evt_8a1423122af0,delivered,none,False,none
evt_765e90ec1ee2,delivered,none,False,none
evt_e004e6ec7b47,delivered,none,False,none
evt_517c79aaca73,expired,payload_too_large,False,reduce_payload_size
evt_d707fce36dae,delivered,none,False,none
evt_ce6a7de35ad0,expired,endpoint_deleted,False,contact_customer_endpoint_deleted
evt_b225bdad0776,delivered,none,False,none
evt_a03eb8d3cc39,expired,payload_too_large,False,reduce_payload_size
evt_ea5f28232127,duplicate,duplicate_event,False,fix_retry_logic
evt_bafb9b0919b7,delivered,none,False,none
evt_22c95012a62e,delivered,none,False,none
evt_fec40287a436,expired,payload_too_large,False,reduce_payload_size
evt_631528762058,expired,payload_too_large,False,reduce_payload_size
evt_eb9a3ad3791d,delivered,none,False,none
evt_7bc75dc4bef3,expired,payload_too_large,False,reduce_payload_size
evt_50655f967311,delivered,none,False,none
evt_b6c56a2a465d,expired,payload_too_large,False,reduce_payload_size
evt_eb2662da6b4e,expired,payload_too_large,False,reduce_payload_size
evt_0405e700fdec,expired,payload_too_large,False,reduce_payload_size
evt_d440eef5bdcb,delivered,none,False,none
evt_6ab16ff76b84,expired,payload_too_large,False,reduce_payload_size
evt_41bc14bec40d,delivered,none,False,none
evt_cd253939f646,expired,payload_too_large,False,reduce_payload_size
evt_c2cf62aabb8a,expired,payload_too_large,False,reduce_payload_size
evt_308d0e49d10a,delivered,none,False,none
evt_4ce099fd1704,delivered,none,False,none
evt_a715e2b94f5c,expired,endpoint_deleted,False,contact_customer_endpoint_deleted
evt_47ce9aeffcfb,expired,payload_too_large,False,reduce_payload_size
evt_0e912e4f17d6,delivered,none,False,none
evt_b296621bb8dd,expired,timeout,True,investigate
evt_b37e40e40bf5,delivered,none,False,none
evt_4f11bac19ff5,delivered,none,False,none
evt_f19d72ec7a87,delivered,none,False,none
evt_a29e6d8ca30c,delivered,none,False,none
evt_e6c5ffa7f67c,delivered,none,False,none
evt_9f69b004a973,delivered,none,False,none
evt_216ecf5e1d6c,expired,payload_too_large,False,reduce_payload_size
evt_f3f90256e026,delivered,none,False,none
evt_24b96a0aadc5,delivered,none,False,none
evt_d4388868af0e,expired,payload_too_large,False,reduce_payload_size
evt_4e635ea9089f,expired,payload_too_large,False,reduce_payload_size
evt_64f83b7fc13e,expired,payload_too_large,False,reduce_payload_size
evt_dfdd2e553cca,delivered,none,False,none
evt_3593a79287a2,delivered,none,False,none
evt_98c6c6d1bc38,expired,malformed_response,True,investigate
evt_455762e442fb,expired,payload_too_large,False,reduce_payload_size
evt_55a1dde33846,delivered,none,False,none
evt_768c7c518057,expired,payload_too_large,False,reduce_payload_size
evt_78a09aeb5940,expired,payload_too_large,False,reduce_payload_size
evt_5f7ab6df6476,expired,endpoint_deleted,False,contact_customer_endpoint_deleted
evt_2bde9c335560,duplicate,duplicate_event,False,fix_retry_logic
evt_7b269a0b4156,expired,payload_too_large,False,reduce_payload_size
evt_b1297352997c,delivered,none,False,none
evt_9fafcc988cca,expired,payload_too_large,False,reduce_payload_size
evt_fc0022ce63ca,delivered,none,False,none
evt_fbd81e37c872,delivered,none,False,none
evt_2c9cc24a2597,expired,payload_too_large,False,reduce_payload_size
evt_1f39cf3edf73,delivered,none,False,none
evt_689f3d21c5fc,expired,payload_too_large,False,reduce_payload_size
evt_72261603a76b,expired,payload_too_large,False,reduce_payload_size
evt_3442d4a596ef,delivered,none,False,none
evt_62f683b16056,expired,payload_too_large,False,reduce_payload_size
evt_1cd29640fa9b,expired,payload_too_large,False,reduce_payload_size
evt_2c0c66ce973b,expired,endpoint_deleted,False,contact_customer_endpoint_deleted
evt_f4aeff64a88d,delivered,none,False,none
evt_dc106923519a,expired,payload_too_large,False,reduce_payload_size
evt_88d802da8446,expired,payload_too_large,False,reduce_payload_size
evt_1e2f5d3bb15a,delivered,none,False,none
evt_33ed7ff15542,delivered,none,False,none
evt_cfa58e4a6fc1,delivered,none,False,none
evt_7b540455c763,expired,payload_too_large,False,reduce_payload_size
evt_8bd1c207a8a8,expired,endpoint_deleted,False,contact_customer_endpoint_deleted
evt_faa813f359e3,delivered,none,False,none
evt_1968eafa0cd8,expired,payload_too_large,False,reduce_payload_size
evt_aee7995d9b07,delivered,none,False,none
evt_681d81a934c1,delivered,none,False,none
evt_c8ada2e87772,delivered,none,False,none
evt_d03622428758,delivered,none,False,none
evt_51671316de52,expired,payload_too_large,False,reduce_payload_size
evt_17f96e26789e,delivered,none,False,none
evt_b43b0cef155f,delivered,none,False,none
evt_29d68a5fd4f2,delivered,none,False,none
evt_91129fb63961,expired,payload_too_large,False,reduce_payload_size
evt_41ea78830d5a,expired,payload_too_large,False,reduce_payload_size
evt_d616285dce4d,expired,payload_too_large,False,reduce_payload_size
evt_2ceead10fa6b,expired,payload_too_large,False,reduce_payload_size
evt_275a0b31a824,delivered,none,False,none
evt_c80e8a8e3938,delivered,none,False,none
evt_03bf398ff3fc,delivered,none,False,none
evt_c1a52f0b6d11,expired,payload_too_large,False,reduce_payload_size
evt_28aa23639e4f,delivered,none,False,none
evt_cf72d0514e62,delivered,none,False,none
evt_7b30b02c2a4b,delivered,none,False,none
evt_0cf713ba1966,expired,endpoint_deleted,False,contact_customer_endpoint_deleted
evt_b7ce0443447b,delivered,none,False,none
evt_81dd4d0b20ab,expired,payload_too_large,False,reduce_payload_size
evt_f57d7e90bdc7,expired,timeout,True,investigate
evt_184cdbac2023,expired,endpoint_deleted,False,contact_customer_endpoint_deleted
evt_8d1fcfd631e3,expired,payload_too_large,False,reduce_payload_size
evt_2b0a8af15138,delivered,none,False,none
evt_ba1ad5c74c11,expired,payload_too_large,False,reduce_payload_size
evt_38c79e8fbebf,expired,timeout,True,investigate
evt_3c51e7e166eb,expired,payload_too_large,False,reduce_payload_size
evt_5c38798a9932,delivered,none,False,none
evt_b4bae84056c7,delivered,none,False,none
evt_0004ff9871a0,delivered,none,False,none
evt_453f37affbbe,delivered,none,False,none
evt_462fd3d1e148,delivered,none,False,none
evt_6006d905ef63,expired,payload_too_large,False,reduce_payload_size
evt_3c35bcb037f9,expired,payload_too_large,False,reduce_payload_size
evt_ac1f4de80d94,delivered,none,False,none
evt_1a175b70b786,delivered,none,False,none
evt_5ca0fa334b1c,delivered,none,False,none
evt_14c4f64a4986,delivered,none,False,none
evt_def0b4740390,expired,payload_too_large,False,reduce_payload_size
evt_3f3a48b65d03,expired,rate_limited,True,apply_exponential_backoff
evt_edca4400db0d,expired,endpoint_deleted,False,contact_customer_endpoint_deleted
evt_c387e4986e6c,delivered,none,False,none
evt_d2ab2a9e5e1c,expired,endpoint_deleted,False,contact_customer_endpoint_deleted
evt_a1004045a8d1,delivered,none,False,none
evt_6770c72395eb,expired,payload_too_large,False,reduce_payload_size
evt_b5c5f032b1e7,expired,payload_too_large,False,reduce_payload_size
evt_ec784ecc474c,delivered,none,False,none
evt_8ce474bb8ea5,delivered,none,False,none
evt_5a0274ad9511,expired,endpoint_deleted,False,contact_customer_endpoint_deleted
evt_9a206307c969,expired,payload_too_large,False,reduce_payload_size
evt_6e2621594807,delivered,none,False,none
evt_178228c3ed0b,expired,payload_too_large,False,reduce_payload_size
evt_577e5cab305b,expired,payload_too_large,False,reduce_payload_size
evt_f4fe53b0d859,delivered,none,False,none
evt_3a5044bff92e,expired,endpoint_deleted,False,contact_customer_endpoint_deleted
evt_9713d2086d2e,delivered,none,False,none
evt_1acb0a1906ce,expired,payload_too_large,False,reduce_payload_size
evt_c60932c05ace,delivered,none,False,none
evt_cc0bc5b97d70,delivered,none,False,none
evt_9bfd50c48009,expired,payload_too_large,False,reduce_payload_size
evt_9923aacd3ba8,delivered,none,False,none
evt_082bfb62e1e9,delivered,none,False,none
evt_b33c09421a3e,expired,payload_too_large,False,reduce_payload_size
evt_411766dd7af5,expired,payload_too_large,False,reduce_payload_size
evt_a19f5189e7a1,expired,endpoint_deleted,False,contact_customer_endpoint_deleted
evt_a391f6f8d78f,delivered,none,False,none
evt_9ae8b3f2d9b8,delivered,none,False,none
evt_7c888ccb4d0f,delivered,none,False,none
evt_6faaa3a9103e,delivered,none,False,none
evt_c9f1ee89c00f,delivered,none,False,none
evt_4c6b30032573,expired,endpoint_deleted,False,contact_customer_endpoint_deleted
evt_1e2a0015c381,delivered,none,False,none
evt_b83940ccf7e6,delivered,none,False,none
evt_e00c0e3c05e9,expired,payload_too_large,False,reduce_payload_size
evt_81a8d859b78f,expired,endpoint_deleted,False,contact_customer_endpoint_deleted
evt_480105c8ec62,expired,payload_too_large,False,reduce_payload_size
evt_b07fea307add,delivered,none,False,none
evt_2bfd68ba85f4,expired,payload_too_large,False,reduce_payload_size
evt_aedc67b25e71,expired,payload_too_large,False,reduce_payload_size
evt_9bb38cc9793c,delivered,none,False,none
evt_e6bdf8038f02,expired,payload_too_large,False,reduce_payload_size
evt_f3ce62f2cca2,delivered,none,False,none
evt_aace783f149c,delivered,none,False,none
evt_f93a8925e837,delivered,none,False,none
evt_65bebd51e8ed,expired,payload_too_large,False,reduce_payload_size
evt_5702c52e9444,delivered,none,False,none
evt_42fac0cf46e3,expired,endpoint_deleted,False,contact_customer_endpoint_deleted
evt_5b8cd733810b,expired,payload_too_large,False,reduce_payload_size
evt_8300a816df7b,expired,payload_too_large,False,reduce_payload_size
evt_fdc8937ba12a,delivered,none,False,none
evt_1314d9f8e527,delivered,none,False,none
evt_65e4292e976e,expired,payload_too_large,False,reduce_payload_size
evt_25e9cc916cd7,expired,payload_too_large,False,reduce_payload_size
evt_553072ef80e9,delivered,none,False,none
evt_5652a5f5164e,expired,malformed_response,True,investigate
evt_05a6c11bb017,expired,customer_endpoint_down,True,wait_and_retry
evt_500c58ca81a5,expired,payload_too_large,False,reduce_payload_size
evt_6989b2ef6346,delivered,none,False,none
evt_aa1cb743273b,expired,endpoint_deleted,False,contact_customer_endpoint_deleted
evt_190b7c5709af,delivered,none,False,none
evt_94677415b498,expired,payload_too_large,False,reduce_payload_size
evt_585ba9297fb6,delivered,none,False,none
evt_be37cdd40f95,delivered,none,False,none
evt_5623ce3f0b4d,delivered,none,False,none
evt_45299eebdb06,expired,payload_too_large,False,reduce_payload_size
evt_37ddc4ad06ea,delivered,none,False,none
evt_32e406721ce8,delivered,none,False,none
evt_015db7b4482b,expired,timeout,True,investigate
evt_64882ccfcfb5,expired,payload_too_large,False,reduce_payload_size
evt_bacb10cfdf83,delivered,none,False,none
evt_e0d01bb1edc7,expired,payload_too_large,False,reduce_payload_size
evt_1289b93e8217,delivered,none,False,none
evt_2d6be021491f,delivered,none,False,none
evt_f1186df9cbaf,expired,rate_limited,True,apply_exponential_backoff
evt_18ed04deb748,expired,payload_too_large,False,reduce_payload_size
evt_8c1e5e787789,delivered,none,False,none
evt_adfaa4d381bb,expired,payload_too_large,False,reduce_payload_size
evt_4a683c250892,expired,payload_too_large,False,reduce_payload_size
evt_6863ed7be501,expired,endpoint_deleted,False,contact_customer_endpoint_deleted
evt_eb9590723e08,delivered,none,False,none
evt_9a22b782e0d3,expired,malformed_response,True,investigate
evt_f233a887a2e9,delivered,none,False,none
evt_0b697cad115c,expired,endpoint_deleted,False,contact_customer_endpoint_deleted
evt_e4febf16d45b,duplicate,duplicate_event,False,fix_retry_logic
evt_f60dadd6fd03,delivered,none,False,none
evt_eba8f196920e,delivered,none,False,none
evt_20557640a3e5,expired,endpoint_deleted,False,contact_customer_endpoint_deleted
evt_10ca806d7e6e,expired,replay_without_fix,False,investigate
evt_9568b2dcbfe8,delivered,none,False,none
evt_819b25ec832b,delivered,none,False,none
evt_f1ee577f93a4,expired,payload_too_large,False,reduce_payload_size
evt_bce17fe16dda,delivered,none,False,none
evt_ca6013344bc0,delivered,none,False,none
evt_daf2a228075a,expired,endpoint_deleted,False,contact_customer_endpoint_deleted
evt_254bcea2a033,expired,payload_too_large,False,reduce_payload_size
evt_f6ef643306b9,expired,payload_too_large,False,reduce_payload_size
evt_4df8de065767,expired,endpoint_deleted,False,contact_customer_endpoint_deleted
evt_10512a3d7bc3,expired,payload_too_large,False,reduce_payload_size
evt_ce94b6f20a78,expired,payload_too_large,False,reduce_payload_size
evt_0d40d3d8a2d1,delivered,none,False,none
evt_77aeae1ed3c6,expired,payload_too_large,False,reduce_payload_size
evt_eb71d94387f8,expired,payload_too_large,False,reduce_payload_size
evt_4ffd092fafae,expired,payload_too_large,False,reduce_payload_size
evt_98ec82367665,expired,endpoint_deleted,False,contact_customer_endpoint_deleted
evt_89f21e63c01f,expired,endpoint_deleted,False,contact_customer_endpoint_deleted
evt_2dc5957ddd34,delivered,none,False,none
evt_cb0c56fbe5f0,delivered,none,False,none
evt_13533506ac67,expired,endpoint_deleted,False,contact_customer_endpoint_deleted
evt_d15ce019c569,expired,payload_too_large,False,reduce_payload_size
evt_520dab936054,delivered,none,False,none
evt_2680a526930e,delivered,none,False,none
evt_ad16fa034e95,delivered,none,False,none
evt_2cf186d5ca92,delivered,none,False,none
evt_c6719d651254,expired,payload_too_large,False,reduce_payload_size
evt_c0f4becae4b5,delivered,none,False,none
evt_63c31da8c220,expired,payload_too_large,False,reduce_payload_size
evt_6dd8aaadb9b7,delivered,none,False,none
evt_8c3949a31df0,delivered,none,False,none
evt_f7cf41e1fea5,expired,payload_too_large,False,reduce_payload_size
evt_ab06f5768cbc,expired,payload_too_large,False,reduce_payload_size
evt_fd4c762f094d,delivered,none,False,none
evt_59e17348d08d,delivered,none,False,none
evt_488591a4495a,delivered,none,False,none
evt_4b6a0a041f13,expired,payload_too_large,False,reduce_payload_size
evt_c784e24df594,delivered,none,False,none
evt_eba58cc9c3d1,delivered,none,False,none
evt_03ab07f49f61,delivered,none,False,none
evt_78aab92a3858,delivered,none,False,none
evt_7aa05e8ee04c,expired,payload_too_large,False,reduce_payload_size
evt_bf9da39821f2,delivered,none,False,none
evt_0339a73ce8ce,delivered,none,False,none
evt_f4ff2b9bbc17,expired,endpoint_deleted,False,contact_customer_endpoint_deleted
evt_b9a0540846ff,expired,payload_too_large,False,reduce_payload_size
evt_610539b8407a,expired,payload_too_large,False,reduce_payload_size
evt_093bde3243b4,delivered,none,False,none
evt_b08dd7b8c9ad,expired,payload_too_large,False,reduce_payload_size
evt_fdea4c941ba5,delivered,none,False,none
evt_fda75f86a862,duplicate,duplicate_event,False,fix_retry_logic
evt_6ed833bf20ae,expired,endpoint_deleted,False,contact_customer_endpoint_deleted
evt_20d12bbae82e,delivered,none,False,none
evt_11bbc981fdff,expired,endpoint_deleted,False,contact_customer_endpoint_deleted
evt_23afc7a4f262,expired,payload_too_large,False,reduce_payload_size
evt_fc8b0bac26a0,expired,rate_limited,True,apply_exponential_backoff
evt_d2fd9f90ccac,duplicate,duplicate_event,False,fix_retry_logic
evt_b6d1f38d6470,delivered,none,False,none
evt_782cf7d0358c,expired,payload_too_large,False,reduce_payload_size
evt_a5767cb48d33,expired,payload_too_large,False,reduce_payload_size
evt_40036ef09721,expired,payload_too_large,False,reduce_payload_size
evt_1957e9c869d3,expired,payload_too_large,False,reduce_payload_size
evt_47ab4546b46d,expired,replay_without_fix,False,investigate
evt_b880ecbba23a,expired,timeout,True,investigate
evt_12c14e65e4db,delivered,none,False,none
evt_4d91f648e099,delivered,none,False,none
evt_61c091cccde6,expired,payload_too_large,False,reduce_payload_size
evt_284552e44f78,expired,payload_too_large,False,reduce_payload_size
evt_73347ef0e5e5,delivered,none,False,none
evt_6948086943dc,expired,payload_too_large,False,reduce_payload_size
evt_fba81e3dc901,expired,malformed_response,True,investigate
evt_6d21e41408c8,delivered,none,False,none
evt_01c34eb595a1,expired,payload_too_large,False,reduce_payload_size
evt_974fa10f5bff,expired,endpoint_deleted,False,contact_customer_endpoint_deleted
evt_e4f44fead5df,expired,payload_too_large,False,reduce_payload_size
evt_3d5e925825a3,expired,payload_too_large,False,reduce_payload_size
evt_3375ab272723,delivered,none,False,none
evt_d6ae64345781,delivered,none,False,none
evt_22408ee9d4c2,expired,endpoint_deleted,False,contact_customer_endpoint_deleted
evt_25e7cbecc662,expired,payload_too_large,False,reduce_payload_size
evt_25d1c8aa3ef3,expired,payload_too_large,False,reduce_payload_size
evt_ce7d53adb500,expired,payload_too_large,False,reduce_payload_size
evt_8f9bbefe1d5f,expired,payload_too_large,False,reduce_payload_size
evt_9b13db371af7,expired,payload_too_large,False,reduce_payload_size
evt_5d938006b61b,expired,payload_too_large,False,reduce_payload_size
evt_c0d200128c87,delivered,none,False,none
evt_2f5ed850208a,duplicate,duplicate_event,False,fix_retry_logic
evt_2ec25dc4c632,expired,payload_too_large,False,reduce_payload_size
evt_bc41097576e5,expired,endpoint_deleted,False,contact_customer_endpoint_deleted
evt_c98f28defaa8,expired,payload_too_large,False,reduce_payload_size
evt_8601f9c4e481,expired,payload_too_large,False,reduce_payload_size
evt_75604c81d21a,expired,customer_endpoint_down,True,wait_and_retry
evt_f5e59048e9d3,expired,payload_too_large,False,reduce_payload_size
evt_d4046d8fdc09,expired,malformed_response,True,investigate
evt_e488410e5f75,delivered,none,False,none
evt_2fd946591d81,expired,payload_too_large,False,reduce_payload_size
evt_1b633800c927,expired,payload_too_large,False,reduce_payload_size
evt_f3ff916da6c2,expired,endpoint_deleted,False,contact_customer_endpoint_deleted
evt_f6eddaacfd3e,expired,payload_too_large,False,reduce_payload_size
evt_2c4d2eaa037d,expired,payload_too_large,False,reduce_payload_size
evt_384c19db62e5,expired,payload_too_large,False,reduce_payload_size
evt_dfc94e563c38,delivered,none,False,none
evt_a2e5410896ba,expired,payload_too_large,False,reduce_payload_size
evt_7a4780ecf0c5,expired,payload_too_large,False,reduce_payload_size
evt_af9b55c98b70,expired,payload_too_large,False,reduce_payload_size
evt_be368919d130,expired,endpoint_deleted,False,contact_customer_endpoint_deleted
evt_56a22ea78ee3,expired,customer_endpoint_down,True,wait_and_retry
evt_2bb14ccd5b6e,expired,payload_too_large,False,reduce_payload_size
evt_490f67395094,expired,payload_too_large,False,reduce_payload_size
evt_7e55bed41179,expired,payload_too_large,False,reduce_payload_size
evt_ba4ab908cf59,delivered,none,False,none
evt_b9eaa513bce6,delivered,none,False,none
evt_1b3b70c6cd87,delivered,none,False,none
evt_d5cb79c67dd3,delivered,none,False,none
evt_a2519dddb3cc,expired,malformed_response,True,investigate
evt_b08f4db0552e,delivered,none,False,none
evt_de36623c1ec3,delivered,none,False,none
evt_8dfdf5925e5a,expired,endpoint_deleted,False,contact_customer_endpoint_deleted
evt_95e1f7abfb12,delivered,none,False,none
evt_1f572e09ce96,expired,payload_too_large,False,reduce_payload_size
evt_2a9c83fa753f,delivered,none,False,none
evt_4a56eac4cc50,expired,payload_too_large,False,reduce_payload_size
evt_5ecf71dde51c,delivered,none,False,none
evt_368ed4191779,delivered,none,False,none
evt_5f91c9d1d594,expired,payload_too_large,False,reduce_payload_size
evt_463f53f44a8b,recovered,none,False,none
evt_7600bae7c6bc,duplicate,duplicate_event,False,fix_retry_logic
evt_0f9a6129c4cf,delivered,none,False,none
evt_8babaaf3f064,delivered,none,False,none
evt_4291a828d697,delivered,none,False,none
evt_442e46a957bd,expired,payload_too_large,False,reduce_payload_size
evt_b1b0cbae115d,delivered,none,False,none
evt_d289b9ad9ba3,delivered,none,False,none
evt_c9bdea1978e1,expired,payload_too_large,False,reduce_payload_size
evt_03c4fac84a84,expired,payload_too_large,False,reduce_payload_size
evt_f760d24e4ab6,expired,payload_too_large,False,reduce_payload_size
evt_3f3947e29661,expired,payload_too_large,False,reduce_payload_size
evt_60d9e0081d07,expired,payload_too_large,False,reduce_payload_size
evt_63232d0542d9,delivered,none,False,none
evt_4265125dca3f,delivered,none,False,none
evt_29d2ddcbbc71,expired,payload_too_large,False,reduce_payload_size
evt_e55d1b2d03d1,expired,endpoint_deleted,False,contact_customer_endpoint_deleted
evt_78c2540ca7ee,expired,timeout,True,investigate
evt_ba802e25eb11,expired,payload_too_large,False,reduce_payload_size
evt_b570e3fabb76,expired,payload_too_large,False,reduce_payload_size
evt_bd855a0acad5,expired,payload_too_large,False,reduce_payload_size
evt_e34be881b19f,delivered,none,False,none
evt_af23d928c3cf,expired,payload_too_large,False,reduce_payload_size
evt_04c96e0eae63,delivered,none,False,none
evt_7dbfe24f6bdf,delivered,none,False,none
evt_647a1ef88116,expired,payload_too_large,False,reduce_payload_size
evt_d64a20b21a60,delivered,none,False,none
evt_caf91f892327,expired,payload_too_large,False,reduce_payload_size
evt_263c5622003a,delivered,none,False,none
evt_ab337d13c3e8,delivered,none,False,none
evt_e290e73b946a,delivered,none,False,none
evt_c251392d3c33,delivered,none,False,none
evt_cfd04a7b0930,delivered,none,False,none
evt_5f8440145d55,expired,rate_limited,True,apply_exponential_backoff
evt_189e1a106b77,delivered,none,False,none
evt_e2cea318dce3,expired,payload_too_large,False,reduce_payload_size
evt_d2ee49bcf364,expired,payload_too_large,False,reduce_payload_size
evt_ea47929d6abb,delivered,none,False,none
evt_addfe994954f,expired,endpoint_deleted,False,contact_customer_endpoint_deleted
evt_d558e5d966d0,expired,payload_too_large,False,reduce_payload_size
evt_669bfe5e1d51,expired,payload_too_large,False,reduce_payload_size
evt_219da4dacc57,delivered,none,False,none
evt_e1574d2c3360,expired,payload_too_large,False,reduce_payload_size
evt_14594d48dde2,delivered,none,False,none
evt_b10df1eb5164,expired,endpoint_deleted,False,contact_customer_endpoint_deleted
evt_ade184c251b9,delivered,none,False,none
evt_e5d4b0bffda8,expired,malformed_response,True,investigate
evt_14efc5636d82,expired,payload_too_large,False,reduce_payload_size
evt_f944163ccbbf,delivered,none,False,none
evt_d5ce1dd85960,expired,payload_too_large,False,reduce_payload_size
evt_20d63a9d4347,expired,payload_too_large,False,reduce_payload_size
evt_a0d0c6bb353b,expired,payload_too_large,False,reduce_payload_size
evt_854894508276,expired,payload_too_large,False,reduce_payload_size
evt_8020e33b1bea,expired,payload_too_large,False,reduce_payload_size
evt_4458e183ac1f,expired,payload_too_large,False,reduce_payload_size
evt_d9eb99180d56,delivered,none,False,none
evt_f33f23ab5544,delivered,none,False,none
evt_881c660bee37,delivered,none,False,none
evt_c2f55d9e4094,expired,customer_endpoint_down,True,wait_and_retry
evt_2cccf4ad8c51,delivered,none,False,none
evt_9c295641cba0,expired,endpoint_deleted,False,contact_customer_endpoint_deleted
evt_4168ce0f2049,expired,payload_too_large,False,reduce_payload_size
evt_ab436bae7982,delivered,none,False,none
evt_b8c302e4353d,delivered,none,False,none
evt_1443d62631d0,expired,payload_too_large,False,reduce_payload_size
evt_3458fe5e46cb,expired,payload_too_large,False,reduce_payload_size
evt_3b96b394d469,expired,payload_too_large,False,reduce_payload_size
evt_83e2c2656b0d,expired,payload_too_large,False,reduce_payload_size
evt_82bea7952c32,expired,payload_too_large,False,reduce_payload_size
evt_eb73cabdb26e,delivered,none,False,none
evt_0d1e47a2d74e,expired,timeout,True,investigate
evt_687814f7089e,expired,endpoint_deleted,False,contact_customer_endpoint_deleted
evt_82a5b90a75d2,delivered,none,False,none
evt_08922fd3602c,expired,payload_too_large,False,reduce_payload_size
evt_9cb432663ead,expired,payload_too_large,False,reduce_payload_size
evt_3c1a54accee8,delivered,none,False,none
evt_86c3fca1a41a,delivered,none,False,none
evt_2d8babe903b1,expired,payload_too_large,False,reduce_payload_size
evt_143f77a455b8,expired,payload_too_large,False,reduce_payload_size
evt_48f2f2a933c2,delivered,none,False,none
evt_86ac685977c5,delivered,none,False,none
evt_7bf1257fa34a,duplicate,duplicate_event,False,fix_retry_logic
evt_62cd36cb4777,expired,payload_too_large,False,reduce_payload_size
evt_285606a1fc8e,delivered,none,False,none
evt_8733cd7a3644,expired,payload_too_large,False,reduce_payload_size
evt_ccd2f5621a10,delivered,none,False,none
evt_32aeb2e6fa54,delivered,none,False,none
evt_7d8403d24092,delivered,none,False,none
evt_3f9797030537,expired,payload_too_large,False,reduce_payload_size
evt_3f0e98a07807,expired,endpoint_deleted,False,contact_customer_endpoint_deleted
evt_4ac1ba5cc102,expired,timeout,True,investigate
evt_c8713e00c927,expired,payload_too_large,False,reduce_payload_size
evt_fba38b8afecf,expired,payload_too_large,False,reduce_payload_size
evt_5a240959b824,expired,payload_too_large,False,reduce_payload_size
evt_69cbe1395cea,delivered,none,False,none
evt_1394eea43dd3,delivered,none,False,none
evt_119849202156,expired,payload_too_large,False,reduce_payload_size
evt_48f28fa2c433,delivered,none,False,none
evt_97c17c28c5b5,delivered,none,False,none
evt_09646f8ffb6b,expired,payload_too_large,False,reduce_payload_size
evt_e880832071d2,expired,endpoint_deleted,False,contact_customer_endpoint_deleted
evt_8d6edaa36a56,expired,payload_too_large,False,reduce_payload_size
evt_1fc4648424b2,expired,payload_too_large,False,reduce_payload_size
evt_622706f60bd5,delivered,none,False,none
evt_ec784a84cab2,expired,endpoint_deleted,False,contact_customer_endpoint_deleted
evt_5c3688dbfa8a,delivered,none,False,none
evt_33003be43b6f,expired,payload_too_large,False,reduce_payload_size
evt_76ee1d927a53,expired,payload_too_large,False,reduce_payload_size
evt_e60b13dff3d3,delivered,none,False,none
evt_950ecb3793bb,expired,payload_too_large,False,reduce_payload_size
evt_dd0f206dfe7b,delivered,none,False,none
evt_d876d9afe3fb,expired,payload_too_large,False,reduce_payload_size
evt_3da34ad902fd,delivered,none,False,none
evt_7083836e183a,expired,payload_too_large,False,reduce_payload_size
evt_4afacd234818,expired,payload_too_large,False,reduce_payload_size
evt_fdfb654d288d,delivered,none,False,none
evt_0d100c31a3c0,expired,payload_too_large,False,reduce_payload_size
evt_b96e898336cb,delivered,none,False,none
evt_fe88f8008f47,expired,payload_too_large,False,reduce_payload_size
evt_109fa661739d,expired,payload_too_large,False,reduce_payload_size
evt_3c06d1fbc478,expired,payload_too_large,False,reduce_payload_size
evt_be0dd5312e47,expired,endpoint_deleted,False,contact_customer_endpoint_deleted
evt_b2f9ee16c93b,delivered,none,False,none
evt_1e760e86c2f4,delivered,none,False,none
evt_99e840cdd658,expired,payload_too_large,False,reduce_payload_size
evt_99dfe67b06d2,delivered,none,False,none
evt_25deb705c3ae,delivered,none,False,none
evt_d8e365671f8f,delivered,none,False,none
evt_92444a621a63,expired,payload_too_large,False,reduce_payload_size
evt_425ec4e5e52f,delivered,none,False,none
evt_7224a704a5b7,delivered,none,False,none
evt_ea16c8bee19b,expired,payload_too_large,False,reduce_payload_size
evt_1322004ecac0,expired,endpoint_deleted,False,contact_customer_endpoint_deleted
evt_b181a6d6d62d,duplicate,duplicate_event,False,fix_retry_logic
evt_6433fc8caf16,expired,payload_too_large,False,reduce_payload_size
evt_cefa6589363b,expired,payload_too_large,False,reduce_payload_size
evt_4bf8799f2252,expired,payload_too_large,False,reduce_payload_size
evt_ad04b698b93e,delivered,none,False,none
evt_38f58f938674,delivered,none,False,none
evt_177ff849e0f4,expired,payload_too_large,False,reduce_payload_size
evt_99c508c018c1,delivered,none,False,none
evt_8f532c11f834,delivered,none,False,none
evt_316775aecc0e,expired,endpoint_deleted,False,contact_customer_endpoint_deleted
evt_95fb48e356d8,delivered,none,False,none
evt_d39078405d79,expired,payload_too_large,False,reduce_payload_size
evt_50cb9a6916b6,expired,payload_too_large,False,reduce_payload_size
evt_67f82e3b3dc3,delivered,none,False,none
evt_cf2dd1f1c525,expired,payload_too_large,False,reduce_payload_size
evt_0c90799a943d,expired,payload_too_large,False,reduce_payload_size
evt_979ae73af052,expired,payload_too_large,False,reduce_payload_size
evt_567b996ba3b3,expired,payload_too_large,False,reduce_payload_size
evt_32d16c075d06,expired,endpoint_deleted,False,contact_customer_endpoint_deleted
evt_58c2febf3f83,delivered,none,False,none
evt_551d73c498d8,expired,payload_too_large,False,reduce_payload_size
evt_ef363e396b36,delivered,none,False,none
evt_e0aed1fd0bc1,delivered,none,False,none
evt_dd90111fb7a0,expired,endpoint_deleted,False,contact_customer_endpoint_deleted
evt_2a7146de47ff,delivered,none,False,none
evt_1bfb8eeb33d8,expired,malformed_response,True,investigate
evt_357ecb209ecf,delivered,none,False,none
evt_1be66b9112f3,expired,payload_too_large,False,reduce_payload_size
evt_c70e287d6327,delivered,none,False,none
evt_03708214d6b2,delivered,none,False,none
evt_0c8eff9ad487,expired,endpoint_deleted,False,contact_customer_endpoint_deleted
evt_34532b635565,delivered,none,False,none
evt_ff86c063b445,expired,endpoint_deleted,False,contact_customer_endpoint_deleted
evt_e47d75256ea0,expired,payload_too_large,False,reduce_payload_size
evt_b9472696d5f5,delivered,none,False,none
evt_986e70dc7b81,delivered,none,False,none
evt_a24b694e5372,expired,payload_too_large,False,reduce_payload_size
evt_5060ad3c6758,delivered,none,False,none
evt_e2960455c1fa,expired,payload_too_large,False,reduce_payload_size
evt_db76d21b9270,expired,payload_too_large,False,reduce_payload_size
evt_f2498e6c0262,delivered,none,False,none
evt_c50c5ebadd1d,expired,payload_too_large,False,reduce_payload_size
evt_c2b880f28398,delivered,none,False,none
evt_6311ee87fa28,delivered,none,False,none
evt_eeeb7e04b9f2,expired,payload_too_large,False,reduce_payload_size
evt_dd316f93859c,expired,payload_too_large,False,reduce_payload_size
evt_6501b6351446,expired,payload_too_large,False,reduce_payload_size
evt_262e44fcf85e,delivered,none,False,none
evt_e4d9faa38532,expired,payload_too_large,False,reduce_payload_size
evt_695393ccd391,expired,endpoint_deleted,False,contact_customer_endpoint_deleted
evt_81f1fbf45d85,expired,payload_too_large,False,reduce_payload_size
evt_b1e933331f63,expired,payload_too_large,False,reduce_payload_size
evt_8ea79b699c2c,delivered,none,False,none
evt_109d0dbf996a,delivered,none,False,none
evt_89b22f015356,delivered,none,False,none
evt_f38862fa1f51,expired,payload_too_large,False,reduce_payload_size
evt_a32465084ec0,expired,endpoint_deleted,False,contact_customer_endpoint_deleted
evt_170529a711b1,expired,payload_too_large,False,reduce_payload_size
evt_1d720bb4cf4a,delivered,none,False,none
evt_f53149097c42,expired,endpoint_deleted,False,contact_customer_endpoint_deleted
evt_6c99a7d505fe,delivered,none,False,none
evt_d06677455318,expired,payload_too_large,False,reduce_payload_size
evt_4dbbd716ed0e,expired,payload_too_large,False,reduce_payload_size
evt_48f74c4fbb66,delivered,none,False,none
evt_38bdb219d78b,duplicate,duplicate_event,False,fix_retry_logic
evt_7df8cea95e18,delivered,none,False,none
evt_a07ad5e08204,expired,payload_too_large,False,reduce_payload_size
evt_2a150b42d64a,delivered,none,False,none
evt_eb599a7bb15f,delivered,none,False,none
evt_04076eb6d85a,delivered,none,False,none
evt_a1f7e490d7e2,expired,payload_too_large,False,reduce_payload_size
evt_9b2b75822163,expired,payload_too_large,False,reduce_payload_size
evt_2a275311c81d,delivered,none,False,none
evt_3934c335bd7f,expired,payload_too_large,False,reduce_payload_size
evt_004c4a584e41,duplicate,duplicate_event,False,fix_retry_logic
evt_2f913b2cd155,delivered,none,False,none
evt_f70d9bdad637,delivered,none,False,none
evt_901a78d4c9e6,expired,payload_too_large,False,reduce_payload_size
evt_4086cdd7ad4a,expired,payload_too_large,False,reduce_payload_size
evt_e090cadddcc5,expired,endpoint_deleted,False,contact_customer_endpoint_deleted
evt_97833f4b46f7,expired,payload_too_large,False,reduce_payload_size
evt_61f6c7b55b19,expired,endpoint_deleted,False,contact_customer_endpoint_deleted
evt_f048fbbf4fda,expired,payload_too_large,False,reduce_payload_size
evt_5cf2cb760c69,expired,customer_endpoint_down,True,wait_and_retry
evt_f411fba94790,expired,replay_without_fix,False,investigate
evt_625bcaca35ab,delivered,none,False,none
evt_daeb99155657,delivered,none,False,none
evt_4388f407012c,expired,endpoint_deleted,False,contact_customer_endpoint_deleted
evt_5509fa9b073c,expired,payload_too_large,False,reduce_payload_size
evt_790ddc26245e,expired,payload_too_large,False,reduce_payload_size
evt_cae7627c2a08,expired,payload_too_large,False,reduce_payload_size
evt_4d3a18185007,delivered,none,False,none
evt_a3fa9eb84cd6,delivered,none,False,none
evt_bddf873c0986,delivered,none,False,none
evt_1228999255a4,expired,endpoint_deleted,False,contact_customer_endpoint_deleted
evt_b4a1fd0cc9cb,delivered,none,False,none
evt_4a79e59ea7d0,expired,payload_too_large,False,reduce_payload_size
evt_97ffc02b48c5,expired,payload_too_large,False,reduce_payload_size
evt_333aaf4e7d58,expired,payload_too_large,False,reduce_payload_size
evt_96598ba32607,expired,invalid_signature,True,verify_signature_config
evt_f6f666d06bf6,expired,timeout,True,investigate
evt_95b2432af206,expired,payload_too_large,False,reduce_payload_size
evt_d2ab6d2ed43f,expired,payload_too_large,False,reduce_payload_size
evt_7ab793afb9dd,duplicate,duplicate_event,False,fix_retry_logic
evt_50a564d06b14,delivered,none,False,none
evt_8ccd8b2356da,expired,payload_too_large,False,reduce_payload_size
evt_024c6b98d1e7,delivered,none,False,none
evt_30cfdbdc282d,delivered,none,False,none
evt_dda202fdbd03,delivered,none,False,none
evt_9d7f44912699,expired,endpoint_deleted,False,contact_customer_endpoint_deleted
evt_45dabfd6de45,expired,payload_too_large,False,reduce_payload_size
evt_5cacf6df3470,delivered,none,False,none
evt_79cdd5aeeea4,expired,malformed_response,True,investigate
evt_e1c5f27d3c3f,delivered,none,False,none
evt_ee65d9baed44,expired,payload_too_large,False,reduce_payload_size
evt_9fd9dd681b4c,expired,payload_too_large,False,reduce_payload_size
evt_24f7dd2bd67d,expired,payload_too_large,False,reduce_payload_size
evt_058cc0075366,expired,payload_too_large,False,reduce_payload_size
evt_46cc2cae7343,expired,endpoint_deleted,False,contact_customer_endpoint_deleted
evt_8243262c3d6c,delivered,none,False,none
evt_ed054fa2c1b4,expired,payload_too_large,False,reduce_payload_size
evt_d46a4d95dbe7,expired,payload_too_large,False,reduce_payload_size
evt_43c67fffcd54,expired,payload_too_large,False,reduce_payload_size
evt_450411b3353e,expired,payload_too_large,False,reduce_payload_size
evt_af7eda569104,delivered,none,False,none
evt_04b26fa6cd8b,expired,payload_too_large,False,reduce_payload_size
evt_0cc7a4eb3e85,delivered,none,False,none
evt_7043e9837dde,expired,payload_too_large,False,reduce_payload_size
evt_27820a07bf72,delivered,none,False,none
evt_a8c71a1b7e2b,expired,payload_too_large,False,reduce_payload_size
evt_4b47ff830af2,delivered,none,False,none
evt_4465f0d7cc62,expired,timeout,True,investigate
evt_73e3312102e0,expired,payload_too_large,False,reduce_payload_size
evt_374b11676921,expired,payload_too_large,False,reduce_payload_size
evt_eab1635133fb,duplicate,duplicate_event,False,fix_retry_logic
evt_a1463370793d,expired,endpoint_deleted,False,contact_customer_endpoint_deleted
evt_197c2c7cd16f,expired,payload_too_large,False,reduce_payload_size
evt_0aeaf4f39ddf,delivered,none,False,none
evt_c09a5040a49b,delivered,none,False,none
evt_a6e8cc73c34f,expired,payload_too_large,False,reduce_payload_size
evt_57c15b35bd3a,expired,endpoint_deleted,False,contact_customer_endpoint_deleted
evt_f6217a942168,delivered,none,False,none
evt_f90c5f1af1d6,delivered,none,False,none
evt_667e0398b98b,expired,payload_too_large,False,reduce_payload_size
evt_7c3f00bbe99f,expired,malformed_response,True,investigate
evt_46ee2320aee0,delivered,none,False,none
evt_cd1a09eaa93a,delivered,none,False,none
evt_e204730f75c5,delivered,none,False,none
evt_e6a4f2db84be,delivered,none,False,none
evt_7c286f9912bc,expired,endpoint_deleted,False,contact_customer_endpoint_deleted
evt_3c21d6dab712,expired,endpoint_deleted,False,contact_customer_endpoint_deleted
evt_f2a96acb4616,expired,payload_too_large,False,reduce_payload_size
evt_5eb820a24b4e,delivered,none,False,none
evt_9c8d01b216b3,delivered,none,False,none
evt_b6e43b4003a8,expired,customer_endpoint_down,True,wait_and_retry
evt_f1bf1fb55922,expired,payload_too_large,False,reduce_payload_size
evt_f351d888189c,expired,payload_too_large,False,reduce_payload_size
evt_c8a4d5bc8f1a,expired,payload_too_large,False,reduce_payload_size
evt_5af2081bb20d,expired,timeout,True,investigate
evt_0d1dda34d270,expired,payload_too_large,False,reduce_payload_size
evt_6dcdd37850e9,expired,payload_too_large,False,reduce_payload_size
evt_fd2a64ccbc8f,expired,payload_too_large,False,reduce_payload_size
evt_0dc981156750,delivered,none,False,none
evt_faaedf28691b,expired,payload_too_large,False,reduce_payload_size
evt_6823850d80ca,expired,payload_too_large,False,reduce_payload_size
evt_c2f2da851965,expired,payload_too_large,False,reduce_payload_size
evt_7f3aedc51b2e,expired,timeout,True,investigate
evt_300620f4ad7c,expired,payload_too_large,False,reduce_payload_size
evt_dc3cdd99da48,delivered,none,False,none
evt_dbf288d308f1,duplicate,duplicate_event,False,fix_retry_logic
evt_1b605f6ef08f,expired,payload_too_large,False,reduce_payload_size
evt_5974c0db3eb5,delivered,none,False,none
evt_21c96ace8b64,delivered,none,False,none
evt_45b9bb731b29,expired,payload_too_large,False,reduce_payload_size
evt_df5c5eb7fc9b,delivered,none,False,none
evt_809c63eb29e5,expired,payload_too_large,False,reduce_payload_size
evt_867c913acb75,expired,malformed_response,True,investigate
evt_550736812955,expired,payload_too_large,False,reduce_payload_size
evt_187ee415d72e,expired,payload_too_large,False,reduce_payload_size
evt_c7ea4d160e5b,expired,timeout,True,investigate
evt_066b417d5180,expired,payload_too_large,False,reduce_payload_size
evt_164100b5cfac,delivered,none,False,none
evt_680fe1992fb0,delivered,none,False,none
evt_4faee4d09ba7,delivered,none,False,none
evt_3fe33a2cfc32,delivered,none,False,none
evt_4e91c6671141,delivered,none,False,none
evt_76505dd6191c,delivered,none,False,none
evt_d910357ffd44,expired,payload_too_large,False,reduce_payload_size
evt_2b5a3944e108,expired,endpoint_deleted,False,contact_customer_endpoint_deleted
evt_9bee3320a38b,delivered,none,False,none
evt_5868008765cf,expired,payload_too_large,False,reduce_payload_size
evt_6818b2db6e07,expired,endpoint_deleted,False,contact_customer_endpoint_deleted
evt_89e0f6ea5942,expired,endpoint_deleted,False,contact_customer_endpoint_deleted
evt_440ddc3a5ade,delivered,none,False,none
evt_07a018fcceed,expired,payload_too_large,False,reduce_payload_size
evt_dc4ada1ac085,delivered,none,False,none
evt_546bd280948d,expired,payload_too_large,False,reduce_payload_size
evt_20cda36a4a05,expired,payload_too_large,False,reduce_payload_size
evt_7beeafc3d44d,expired,malformed_response,True,investigate
evt_6ac9c3f7914d,expired,replay_without_fix,False,investigate
evt_81bf45fe1dd9,delivered,none,False,none
evt_6e0d3ffc05f1,delivered,none,False,none
evt_63ad2d0c4daa,expired,timeout,True,investigate
evt_50331147fbb0,expired,customer_endpoint_down,True,wait_and_retry
evt_288c6c802b9c,expired,payload_too_large,False,reduce_payload_size
evt_5fecb40dac63,delivered,none,False,none
evt_384da259091c,delivered,none,False,none
evt_911201f3eec8,expired,payload_too_large,False,reduce_payload_size
evt_72720d4257d7,delivered,none,False,none
evt_38bb84242594,expired,payload_too_large,False,reduce_payload_size
evt_ad035199659f,delivered,none,False,none
evt_cdb0353b7f1e,expired,payload_too_large,False,reduce_payload_size
evt_1e756b118c03,delivered,none,False,none
evt_efa43dfe9212,expired,payload_too_large,False,reduce_payload_size
evt_6954dac898c5,expired,customer_endpoint_down,True,wait_and_retry
evt_e8a3a0f71480,expired,payload_too_large,False,reduce_payload_size
evt_9074aad19d5e,expired,payload_too_large,False,reduce_payload_size
evt_421bf5e51d7c,delivered,none,False,none
evt_73cc990eeb56,delivered,none,False,none
evt_ce87d8d6e3db,recovered,none,False,none
evt_033b9812d983,delivered,none,False,none
evt_c17b54641dab,expired,endpoint_deleted,False,contact_customer_endpoint_deleted
evt_233cdfe43b92,delivered,none,False,none
evt_0216ee72c8a9,delivered,none,False,none
evt_46078e664b75,delivered,none,False,none
evt_321822101453,expired,payload_too_large,False,reduce_payload_size
evt_56e2613e7a09,delivered,none,False,none
evt_d895ef7f153f,expired,payload_too_large,False,reduce_payload_size
evt_61428ae8902c,expired,rate_limited,True,apply_exponential_backoff
evt_bb6c9fbc9bb4,delivered,none,False,none
evt_89cf40ab703e,delivered,none,False,none
evt_c96e3ec028f5,delivered,none,False,none
evt_38b471ebac38,delivered,none,False,none
evt_1baaf24f64ba,expired,endpoint_deleted,False,contact_customer_endpoint_deleted
evt_6ae6b0632335,expired,payload_too_large,False,reduce_payload_size
evt_e217905fb1ff,expired,payload_too_large,False,reduce_payload_size
evt_a52a1200d8ea,expired,payload_too_large,False,reduce_payload_size
evt_0bc6a3ce6c39,expired,payload_too_large,False,reduce_payload_size
evt_946fca0aac67,delivered,none,False,none
evt_604032673732,delivered,none,False,none
evt_d038534e92b8,expired,payload_too_large,False,reduce_payload_size
evt_240b092b51df,delivered,none,False,none
evt_6e8cea7439f5,delivered,none,False,none
evt_fcb58f347571,expired,malformed_response,True,investigate
evt_fc277c5b8b4c,delivered,none,False,none
evt_ab46cbe5bc63,expired,payload_too_large,False,reduce_payload_size
evt_3f65ef27465f,expired,payload_too_large,False,reduce_payload_size
evt_4062f251bfb8,recovered,none,False,none
evt_35f52b81c967,expired,endpoint_deleted,False,contact_customer_endpoint_deleted
evt_0dcff1c8466a,expired,payload_too_large,False,reduce_payload_size
evt_29eb7aef3983,delivered,none,False,none
evt_d94eefd6a204,delivered,none,False,none
evt_5fc9a54d418f,expired,rate_limited,True,apply_exponential_backoff
evt_1227990a7688,delivered,none,False,none
evt_45a11f72a663,expired,payload_too_large,False,reduce_payload_size
evt_5a0cfcbb096b,delivered,none,False,none
evt_f4bcdbdc4b64,delivered,none,False,none
evt_fa3f511fa37a,expired,endpoint_deleted,False,contact_customer_endpoint_deleted
evt_9485100203a0,expired,payload_too_large,False,reduce_payload_size
evt_30b6e79634ef,delivered,none,False,none
evt_3b8e2b173103,expired,endpoint_deleted,False,contact_customer_endpoint_deleted
evt_685860f6c17c,expired,endpoint_deleted,False,contact_customer_endpoint_deleted
evt_27ac9a05c2b3,expired,endpoint_deleted,False,contact_customer_endpoint_deleted
evt_c95659473655,delivered,none,False,none
evt_d20be14afff2,expired,endpoint_deleted,False,contact_customer_endpoint_deleted
evt_b8b02fe4690a,expired,payload_too_large,False,reduce_payload_size
evt_e0c755949e4b,delivered,none,False,none
evt_4120af26c655,expired,timeout,True,investigate
evt_71b0f3418b80,delivered,none,False,none
evt_07d69a6ac43d,duplicate,duplicate_event,False,fix_retry_logic
evt_c6b9ce852570,delivered,none,False,none
evt_2ab26039d0cf,expired,payload_too_large,False,reduce_payload_size
evt_e3de595ed5fc,expired,payload_too_large,False,reduce_payload_size
evt_9cee7848b714,expired,payload_too_large,False,reduce_payload_size
evt_184cd91d6454,expired,payload_too_large,False,reduce_payload_size
evt_317f9db81cba,expired,payload_too_large,False,reduce_payload_size
evt_f37bec21f481,delivered,none,False,none
evt_35ec722f6a04,delivered,none,False,none
evt_1c1386f04a57,delivered,none,False,none
evt_024296156cce,delivered,none,False,none
evt_0b6c7b404cf8,expired,payload_too_large,False,reduce_payload_size
evt_ef808ef39e3d,expired,payload_too_large,False,reduce_payload_size
evt_9367280f4365,expired,customer_endpoint_down,True,wait_and_retry
evt_8ea32fbf8f78,expired,payload_too_large,False,reduce_payload_size
evt_10cf17a62506,delivered,none,False,none
evt_9a4bcf5c463f,expired,payload_too_large,False,reduce_payload_size
evt_f4516b9092c3,expired,payload_too_large,False,reduce_payload_size
evt_927030544b90,expired,payload_too_large,False,reduce_payload_size
evt_ff68d8a1351d,expired,payload_too_large,False,reduce_payload_size
evt_910ea1948884,expired,payload_too_large,False,reduce_payload_size
evt_88be26ccf64a,expired,payload_too_large,False,reduce_payload_size
evt_c62cda728a45,delivered,none,False,none
evt_ee42abc108fc,expired,endpoint_deleted,False,contact_customer_endpoint_deleted
evt_7f8e0a6ef49c,expired,payload_too_large,False,reduce_payload_size
evt_58fe28faa727,expired,payload_too_large,False,reduce_payload_size
evt_0353b9bb47ea,expired,endpoint_deleted,False,contact_customer_endpoint_deleted
evt_55d2fb5eb38f,delivered,none,False,none
evt_43e289c3eba7,expired,payload_too_large,False,reduce_payload_size
evt_440273a56eec,expired,payload_too_large,False,reduce_payload_size
evt_2bc83c771a44,delivered,none,False,none
evt_6a9fe6090cfb,delivered,none,False,none
evt_142abafc985d,delivered,none,False,none
evt_eab5cfeffc9e,delivered,none,False,none
evt_fe439ac632c4,expired,payload_too_large,False,reduce_payload_size
evt_648785956369,delivered,none,False,none
evt_5b1e3f6c0550,expired,payload_too_large,False,reduce_payload_size
evt_b76193b42728,delivered,none,False,none
evt_b2bda2bde4fa,delivered,none,False,none
evt_17d0419620c4,delivered,none,False,none
evt_aa45e145ca8a,expired,payload_too_large,False,reduce_payload_size
evt_5f4b461dac77,expired,endpoint_deleted,False,contact_customer_endpoint_deleted
evt_61782040e677,delivered,none,False,none
evt_d4de0e2467b9,delivered,none,False,none
evt_a4b0c7c9a891,expired,payload_too_large,False,reduce_payload_size
evt_a88b879c383e,delivered,none,False,none
evt_99ae98931c41,expired,endpoint_deleted,False,contact_customer_endpoint_deleted
evt_3b6161c87627,delivered,none,False,none
evt_e24dd45c82fd,expired,endpoint_deleted,False,contact_customer_endpoint_deleted
evt_cef47d3cb514,expired,payload_too_large,False,reduce_payload_size
evt_76c02f4b224d,delivered,none,False,none
evt_e57d4d86f5ef,duplicate,duplicate_event,False,fix_retry_logic
evt_beb608f20fbc,expired,payload_too_large,False,reduce_payload_size
evt_c60128aa9abc,expired,payload_too_large,False,reduce_payload_size
evt_a51d3c1a050b,delivered,none,False,none
evt_6956d0f9a881,delivered,none,False,none
evt_04e7662d803e,expired,payload_too_large,False,reduce_payload_size
evt_8931e583fdf5,delivered,none,False,none
evt_3c9ac666f388,expired,timeout,True,investigate
evt_bc791c1e489e,delivered,none,False,none
evt_9494e65bac5d,expired,payload_too_large,False,reduce_payload_size
evt_d77b4fdba616,delivered,none,False,none
evt_f45fc0e6695b,expired,payload_too_large,False,reduce_payload_size
evt_c4f6f487b74a,expired,payload_too_large,False,reduce_payload_size
evt_007b045a6b6f,delivered,none,False,none
evt_f5db43b20117,expired,payload_too_large,False,reduce_payload_size
evt_d3c388dcd335,delivered,none,False,none
evt_e8c43f6b276c,duplicate,duplicate_event,False,fix_retry_logic
evt_1bdcd77f92e2,delivered,none,False,none
evt_e41a1d2601d8,delivered,none,False,none
evt_22a4b5a54fc4,delivered,none,False,none
evt_30f518c67b0d,delivered,none,False,none
evt_6a88ef60947f,delivered,none,False,none
evt_03a5a1f753bd,expired,payload_too_large,False,reduce_payload_size
evt_87ec8a953856,delivered,none,False,none
evt_b199ffc7ea24,delivered,none,False,none
evt_452d59106322,delivered,none,False,none
evt_3573df0717fd,delivered,none,False,none
evt_1e0ef098eee5,expired,payload_too_large,False,reduce_payload_size
evt_0b1dc65fbc17,delivered,none,False,none
evt_41c2ee7a459b,delivered,none,False,none
evt_beeaf3821bbf,delivered,none,False,none
evt_fda3fd4a38a6,expired,payload_too_large,False,reduce_payload_size
evt_e72212262009,delivered,none,False,none
evt_a3c63efd91f0,delivered,none,False,none
evt_e893e3fbb61b,expired,timeout,True,investigate
evt_64bb581442bb,expired,customer_endpoint_down,True,wait_and_retry
evt_193d431c6956,expired,payload_too_large,False,reduce_payload_size
evt_ed801b7ef2e4,expired,payload_too_large,False,reduce_payload_size
evt_c56a0f483a09,expired,endpoint_deleted,False,contact_customer_endpoint_deleted
evt_6478a0d2a630,delivered,none,False,none
evt_3d8004210587,expired,endpoint_deleted,False,contact_customer_endpoint_deleted
evt_8377f2ff6c7e,duplicate,duplicate_event,False,fix_retry_logic
evt_202e925482cb,expired,payload_too_large,False,reduce_payload_size
evt_7385c16f31bc,expired,payload_too_large,False,reduce_payload_size
evt_7a13eca22331,delivered,none,False,none
evt_6d8bfea5aedd,delivered,none,False,none
evt_fe1f7218c465,expired,payload_too_large,False,reduce_payload_size
evt_eca5e8592eec,delivered,none,False,none
evt_687bb28df195,expired,payload_too_large,False,reduce_payload_size
evt_88906624f1b3,expired,payload_too_large,False,reduce_payload_size
evt_9eb4c1f19dab,expired,customer_endpoint_down,True,wait_and_retry
evt_a7d45bdc0902,delivered,none,False,none
evt_e04a4c0e1424,expired,payload_too_large,False,reduce_payload_size
evt_bdd09356dafd,delivered,none,False,none
evt_3f2b975a1619,expired,payload_too_large,False,reduce_payload_size
evt_314a6cf4947e,expired,customer_endpoint_down,True,wait_and_retry
evt_06c0a1762840,delivered,none,False,none
evt_40d1697fb839,expired,payload_too_large,False,reduce_payload_size
evt_c658bef00a74,expired,payload_too_large,False,reduce_payload_size
evt_faf958239f16,expired,endpoint_deleted,False,contact_customer_endpoint_deleted
evt_2df5fd1bf5ad,delivered,none,False,none
evt_5666dbe2e634,expired,payload_too_large,False,reduce_payload_size
evt_7244f1049e84,expired,endpoint_deleted,False,contact_customer_endpoint_deleted
evt_6457abc3c8a8,expired,endpoint_deleted,False,contact_customer_endpoint_deleted
evt_b0d9780756df,expired,payload_too_large,False,reduce_payload_size
evt_55fd5b04d856,delivered,none,False,none
evt_d670548e7b61,delivered,none,False,none
evt_8bbc197779d3,delivered,none,False,none
evt_bcde9e084de0,delivered,none,False,none
evt_7bbf63288ad2,expired,malformed_response,True,investigate
evt_2e3f47431570,delivered,none,False,none
evt_3bb7736b19f7,expired,endpoint_deleted,False,contact_customer_endpoint_deleted
evt_af9560163191,delivered,none,False,none
evt_d0467f3fc099,expired,malformed_response,True,investigate
evt_3ad8b07cdbfd,duplicate,duplicate_event,False,fix_retry_logic
evt_54c2165a7a08,expired,payload_too_large,False,reduce_payload_size
evt_4790553bd899,expired,payload_too_large,False,reduce_payload_size
evt_c50da91ec3b3,delivered,none,False,none
evt_385bba68b4c2,expired,payload_too_large,False,reduce_payload_size
evt_f2cec23a67be,delivered,none,False,none
evt_57ca1dbea8f5,delivered,none,False,none
evt_c65b8d7fb3a3,delivered,none,False,none
evt_98c8b08d7488,duplicate,duplicate_event,False,fix_retry_logic
evt_74338aded11c,expired,endpoint_deleted,False,contact_customer_endpoint_deleted
evt_eaa2e66e5301,delivered,none,False,none
evt_db1d5fed3202,delivered,none,False,none
evt_61b2975aa9a8,expired,payload_too_large,False,reduce_payload_size
evt_ea12077c3860,expired,payload_too_large,False,reduce_payload_size
evt_d87758b4b426,expired,payload_too_large,False,reduce_payload_size
evt_3e7a85e619db,expired,payload_too_large,False,reduce_payload_size
evt_4db2123d699c,delivered,none,False,none
evt_4673467ea11a,delivered,none,False,none
evt_ff47ce9f078b,expired,payload_too_large,False,reduce_payload_size
evt_4445593a7bc7,expired,payload_too_large,False,reduce_payload_size
evt_ce048cbd79ec,expired,payload_too_large,False,reduce_payload_size
evt_72a656e2caaa,delivered,none,False,none
evt_d6380903284c,expired,endpoint_deleted,False,contact_customer_endpoint_deleted
evt_fec715856652,expired,endpoint_deleted,False,contact_customer_endpoint_deleted
evt_532ba9550255,delivered,none,False,none
evt_abe650b9221c,expired,payload_too_large,False,reduce_payload_size
evt_d93f1e5781fc,expired,payload_too_large,False,reduce_payload_size
evt_72fa37a78080,delivered,none,False,none
evt_c580bc51f7a0,expired,payload_too_large,False,reduce_payload_size
evt_d33977b71709,delivered,none,False,none
evt_d6baca67dc92,delivered,none,False,none
evt_4ebf3c8487e2,expired,payload_too_large,False,reduce_payload_size
evt_4feff515ce8d,delivered,none,False,none
evt_9e76fd214983,expired,endpoint_deleted,False,contact_customer_endpoint_deleted
evt_6b05e3721403,delivered,none,False,none
evt_f60606fe3218,delivered,none,False,none
evt_373aeb2c56e6,delivered,none,False,none
evt_6cd9613d8368,expired,endpoint_deleted,False,contact_customer_endpoint_deleted
evt_8172e49d6e99,delivered,none,False,none
evt_13ebeff875c1,expired,endpoint_deleted,False,contact_customer_endpoint_deleted
evt_19bfbeefdfc8,expired,payload_too_large,False,reduce_payload_size
evt_ad2a6a083749,expired,payload_too_large,False,reduce_payload_size
evt_1642905654c4,delivered,none,False,none
evt_c1602c1b37c8,expired,endpoint_deleted,False,contact_customer_endpoint_deleted
evt_7ee5c491f72f,delivered,none,False,none
evt_26dbac4e8309,expired,payload_too_large,False,reduce_payload_size
evt_03693da3e1c9,delivered,none,False,none
evt_d1a0b9d0927e,expired,payload_too_large,False,reduce_payload_size
evt_b4051633015a,delivered,none,False,none
evt_7f5ee660f4c6,expired,payload_too_large,False,reduce_payload_size
evt_7c43c034a44c,expired,payload_too_large,False,reduce_payload_size
evt_8e024bed7c2e,delivered,none,False,none
evt_c1e5208c0a3d,expired,payload_too_large,False,reduce_payload_size
evt_1854559ba367,delivered,none,False,none
evt_14e26518406e,delivered,none,False,none
evt_062dd5731689,delivered,none,False,none
evt_b594c8b60957,delivered,none,False,none
evt_7f3a1bffc825,expired,timeout,True,investigate
evt_36a00e4be335,expired,payload_too_large,False,reduce_payload_size
evt_23263ba73d28,expired,rate_limited,True,apply_exponential_backoff
evt_fe69ceb00eab,expired,payload_too_large,False,reduce_payload_size
evt_522a1114add6,delivered,none,False,none
evt_48ad920b235d,expired,customer_endpoint_down,True,wait_and_retry
evt_de335a0776c8,delivered,none,False,none
evt_823ea6435837,expired,payload_too_large,False,reduce_payload_size
evt_30765bcceb0e,delivered,none,False,none
evt_aa5d4f267181,delivered,none,False,none
evt_9f52cfa51565,delivered,none,False,none
evt_49f3688729a9,delivered,none,False,none
evt_da8b92495bfc,delivered,none,False,none
evt_6ae06cf5ac1a,expired,payload_too_large,False,reduce_payload_size
evt_ed2dd1968968,delivered,none,False,none
evt_0a6722a6e406,expired,endpoint_deleted,False,contact_customer_endpoint_deleted
evt_be878b7afad0,delivered,none,False,none
evt_73f10700fd30,delivered,none,False,none
evt_1b66bc633dfe,expired,payload_too_large,False,reduce_payload_size
evt_f55b68b36fd4,expired,payload_too_large,False,reduce_payload_size
evt_215e4ffc8594,delivered,none,False,none
evt_807552174921,expired,payload_too_large,False,reduce_payload_size
evt_346bf201844d,delivered,none,False,none
evt_b5c65299d3d5,expired,payload_too_large,False,reduce_payload_size
evt_0c3f1bd6dc6c,delivered,none,False,none
evt_5cce68b797b3,expired,payload_too_large,False,reduce_payload_size
evt_3d8972d0a4d1,expired,customer_endpoint_down,True,wait_and_retry
evt_89a995c11c14,expired,payload_too_large,False,reduce_payload_size
evt_563934e38e8e,delivered,none,False,none
evt_e90bf0fbbe0c,delivered,none,False,none
evt_b3bdfaf87c14,expired,payload_too_large,False,reduce_payload_size
evt_0abade431782,delivered,none,False,none
evt_3dcefa91c069,expired,endpoint_deleted,False,contact_customer_endpoint_deleted
evt_be63e9a7e58c,expired,payload_too_large,False,reduce_payload_size
evt_d90a42f4cf6b,expired,payload_too_large,False,reduce_payload_size
evt_91884114f869,expired,payload_too_large,False,reduce_payload_size
evt_7238713aa2a9,delivered,none,False,none
evt_0d13a8a36b80,expired,payload_too_large,False,reduce_payload_size
evt_4bf2a890ea5f,delivered,none,False,none
evt_b605a7f5c80e,delivered,none,False,none
evt_8e4894838014,delivered,none,False,none
evt_2f74df1299e2,expired,payload_too_large,False,reduce_payload_size
evt_33f796c7c2d3,expired,payload_too_large,False,reduce_payload_size
evt_0655f0bf3a95,delivered,none,False,none
evt_f8b2eb1b219c,delivered,none,False,none
evt_9f554b48cd53,expired,payload_too_large,False,reduce_payload_size
evt_ad13899383f9,duplicate,duplicate_event,False,fix_retry_logic
evt_489dbaaff8e4,delivered,none,False,none
evt_400213637123,expired,payload_too_large,False,reduce_payload_size
evt_ae0c14354d06,delivered,none,False,none
evt_db3f922bedde,expired,payload_too_large,False,reduce_payload_size
evt_28b959ca8f1b,expired,payload_too_large,False,reduce_payload_size
evt_4b86df3aa24c,expired,payload_too_large,False,reduce_payload_size
evt_1746562e8cd5,delivered,none,False,none
evt_18404e09706c,delivered,none,False,none
evt_fc251a269baa,delivered,none,False,none
evt_8c779cf9e398,duplicate,duplicate_event,False,fix_retry_logic
evt_9ecfd005e0fb,expired,payload_too_large,False,reduce_payload_size
evt_c9587d8ba9de,expired,payload_too_large,False,reduce_payload_size
evt_df312ad532e0,expired,payload_too_large,False,reduce_payload_size
evt_1107a044ed55,delivered,none,False,none
evt_1af7bd3cbd26,expired,endpoint_deleted,False,contact_customer_endpoint_deleted
evt_2c8aa13039aa,delivered,none,False,none
evt_880e4627420a,expired,payload_too_large,False,reduce_payload_size
evt_cbc8a679ecd9,delivered,none,False,none
evt_9b8039ce4204,expired,payload_too_large,False,reduce_payload_size
evt_b780a5660f19,expired,payload_too_large,False,reduce_payload_size
evt_36ec90761642,delivered,none,False,none
evt_50e97038a903,expired,endpoint_deleted,False,contact_customer_endpoint_deleted
evt_597a88bf85e0,delivered,none,False,none
evt_5639f7a40ca3,delivered,none,False,none
evt_e8e1a4761b3a,expired,payload_too_large,False,reduce_payload_size
evt_b8f5559ebcb8,expired,endpoint_deleted,False,contact_customer_endpoint_deleted
evt_1732a2a916d8,delivered,none,False,none
evt_e9d8847475cf,delivered,none,False,none
evt_376d4a8bf211,expired,endpoint_deleted,False,contact_customer_endpoint_deleted
evt_d8e50017d798,expired,payload_too_large,False,reduce_payload_size
evt_6a102f6b2f4b,delivered,none,False,none
evt_5b792cf7d54f,delivered,none,False,none
evt_70db22243419,delivered,none,False,none
evt_311f707146b6,expired,payload_too_large,False,reduce_payload_size
evt_a9b3a85dee27,delivered,none,False,none
evt_1ce70274a72a,delivered,none,False,none
evt_bd8527bd16a3,expired,payload_too_large,False,reduce_payload_size
evt_14443f283821,delivered,none,False,none
evt_2a93e325ae37,expired,endpoint_deleted,False,contact_customer_endpoint_deleted
evt_ccdb1dc00eca,expired,invalid_signature,True,verify_signature_config
evt_d1fc0c63b2da,expired,timeout,True,investigate
evt_2d0434185e2e,expired,payload_too_large,False,reduce_payload_size
evt_3e4dbb2813c5,expired,payload_too_large,False,reduce_payload_size
evt_30a41742a660,expired,payload_too_large,False,reduce_payload_size
evt_eed6720295d0,delivered,none,False,none
evt_c442faf26c59,delivered,none,False,none
evt_a20e6f1bb682,delivered,none,False,none
evt_32bb8387f0d1,delivered,none,False,none
evt_e3404df94d50,delivered,none,False,none
evt_9d472c71232f,expired,payload_too_large,False,reduce_payload_size
evt_acf7385fbc84,expired,payload_too_large,False,reduce_payload_size
evt_f11c107f816c,expired,payload_too_large,False,reduce_payload_size
evt_c5c61822302d,delivered,none,False,none
evt_45857658a930,expired,endpoint_deleted,False,contact_customer_endpoint_deleted
evt_7b93c104cab3,expired,endpoint_deleted,False,contact_customer_endpoint_deleted
evt_2023b07205b4,expired,payload_too_large,False,reduce_payload_size
evt_5f54f31d490b,delivered,none,False,none
evt_1452525bc199,delivered,none,False,none
evt_6b22145572bb,expired,payload_too_large,False,reduce_payload_size
evt_ff9f78653109,expired,payload_too_large,False,reduce_payload_size
evt_44d41a709cb8,delivered,none,False,none
evt_f8ad54572f82,expired,endpoint_deleted,False,contact_customer_endpoint_deleted
evt_97568d1ffd95,delivered,none,False,none
evt_1a4d0a3eeb0d,expired,endpoint_deleted,False,contact_customer_endpoint_deleted
evt_97f0f94253b6,expired,payload_too_large,False,reduce_payload_size
evt_e9c5e24ca8e0,expired,payload_too_large,False,reduce_payload_size
evt_0c0439af5b3b,delivered,none,False,none
evt_f20a1ec9a8cb,expired,payload_too_large,False,reduce_payload_size
evt_3206a6c90f47,delivered,none,False,none
evt_0d36f4ca262a,expired,payload_too_large,False,reduce_payload_size
evt_f0c577b82423,expired,payload_too_large,False,reduce_payload_size
evt_c75084f347d0,expired,payload_too_large,False,reduce_payload_size
evt_abba76da2ba0,expired,payload_too_large,False,reduce_payload_size
evt_130a5661819a,delivered,none,False,none
evt_953cb1b75718,duplicate,duplicate_event,False,fix_retry_logic
evt_65d045c44482,expired,payload_too_large,False,reduce_payload_size
evt_9f6456ec0524,expired,payload_too_large,False,reduce_payload_size
evt_22d84c64173c,expired,payload_too_large,False,reduce_payload_size
evt_9a9aca86cee6,expired,payload_too_large,False,reduce_payload_size
evt_bc7d41516aa9,delivered,none,False,none
evt_ee6d38f9f3af,delivered,none,False,none
evt_f66547a59db2,expired,payload_too_large,False,reduce_payload_size
evt_c365e256601c,expired,endpoint_deleted,False,contact_customer_endpoint_deleted
evt_ba27964f5251,expired,endpoint_deleted,False,contact_customer_endpoint_deleted
evt_5f667ab3c330,delivered,none,False,none
evt_1c8899a3eea6,expired,payload_too_large,False,reduce_payload_size
evt_fd9d879a5c7b,delivered,none,False,none
evt_1842e0d14e00,expired,payload_too_large,False,reduce_payload_size
evt_29eb4b636ab4,expired,payload_too_large,False,reduce_payload_size
evt_9e36c955a27c,expired,payload_too_large,False,reduce_payload_size
evt_98355a86e678,expired,invalid_signature,True,verify_signature_config
evt_3af64151498b,expired,customer_endpoint_down,True,wait_and_retry
evt_beb223e4ab79,expired,payload_too_large,False,reduce_payload_size
evt_89e482726c03,delivered,none,False,none
evt_64624c8e5d5a,delivered,none,False,none
evt_9873af001d88,expired,payload_too_large,False,reduce_payload_size
evt_0d2bfa82bfdd,expired,payload_too_large,False,reduce_payload_size
evt_b9d858602bdc,expired,payload_too_large,False,reduce_payload_size
evt_837045de4bc1,delivered,none,False,none
evt_59a24d8440e5,expired,payload_too_large,False,reduce_payload_size
evt_04e981b5da6f,expired,payload_too_large,False,reduce_payload_size
evt_3e27018cb1e5,delivered,none,False,none
evt_a45c50b907c1,expired,endpoint_deleted,False,contact_customer_endpoint_deleted
evt_67e5c7c880ea,delivered,none,False,none
evt_056275b4f72f,duplicate,duplicate_event,False,fix_retry_logic
evt_b3e92424dc98,expired,payload_too_large,False,reduce_payload_size
evt_d32ee278e807,expired,endpoint_deleted,False,contact_customer_endpoint_deleted
evt_8ce03dc82cc6,expired,payload_too_large,False,reduce_payload_size
evt_2f51037b5d6c,expired,payload_too_large,False,reduce_payload_size
evt_9e3ae033e049,expired,payload_too_large,False,reduce_payload_size
evt_486207de233c,delivered,none,False,none
evt_eef97065cc18,expired,timeout,True,investigate
evt_404f68f597bb,expired,payload_too_large,False,reduce_payload_size
evt_a467569add63,delivered,none,False,none
evt_8daab2d02d5c,delivered,none,False,none
evt_2dbc8260927a,delivered,none,False,none
evt_e491a773fdeb,delivered,none,False,none
evt_d64aa6943725,expired,payload_too_large,False,reduce_payload_size
evt_325ba91d2de3,expired,endpoint_deleted,False,contact_customer_endpoint_deleted
evt_198bd0f3aa76,expired,endpoint_deleted,False,contact_customer_endpoint_deleted
evt_2d615a631438,expired,payload_too_large,False,reduce_payload_size
evt_a42cb765a627,expired,payload_too_large,False,reduce_payload_size
evt_9dbb77a80df1,expired,payload_too_large,False,reduce_payload_size
evt_961a628e8bfa,delivered,none,False,none
evt_c269fdddbd3f,expired,payload_too_large,False,reduce_payload_size
evt_f6a82239029b,delivered,none,False,none
evt_ebdf53c775f4,delivered,none,False,none
evt_c402ab3cfb36,delivered,none,False,none
evt_d3b62fe5573a,expired,payload_too_large,False,reduce_payload_size
evt_6bfa9e37daad,delivered,none,False,none
evt_22de820a2d4d,expired,payload_too_large,False,reduce_payload_size
evt_853d4430f9c0,expired,endpoint_deleted,False,contact_customer_endpoint_deleted
evt_f7a16e55efe5,expired,replay_without_fix,False,investigate
evt_89068f949e82,duplicate,duplicate_event,False,fix_retry_logic
evt_82835337f08d,delivered,none,False,none
evt_6bf5c14b1cf4,expired,payload_too_large,False,reduce_payload_size
evt_c4ec3bd238e3,delivered,none,False,none
evt_0b09b82cc833,expired,payload_too_large,False,reduce_payload_size
evt_69b08f364114,delivered,none,False,none
evt_c96208d26506,expired,endpoint_deleted,False,contact_customer_endpoint_deleted
evt_f3d40717b15f,delivered,none,False,none
evt_18c03efc2022,expired,payload_too_large,False,reduce_payload_size
evt_165086b4adf6,expired,payload_too_large,False,reduce_payload_size
evt_ebdf553e6472,expired,payload_too_large,False,reduce_payload_size
evt_32fed852c2ed,expired,endpoint_deleted,False,contact_customer_endpoint_deleted
evt_8b4dd3a6fdb2,expired,payload_too_large,False,reduce_payload_size
evt_af77a14cbe55,delivered,none,False,none
evt_0f96641355be,delivered,none,False,none
evt_1e83264b9dd5,expired,timeout,True,investigate
evt_01627be79f88,delivered,none,False,none
evt_97858a3188c8,delivered,none,False,none
evt_1a2feadcb45d,delivered,none,False,none
evt_eee4ecf1204c,expired,payload_too_large,False,reduce_payload_size
evt_e189ef907f53,delivered,none,False,none
evt_321b6970eec7,expired,payload_too_large,False,reduce_payload_size
evt_852f6c2d5757,expired,payload_too_large,False,reduce_payload_size
evt_6071033f9f1d,expired,payload_too_large,False,reduce_payload_size
evt_61f15d913e13,delivered,none,False,none
evt_713d0e8c8581,expired,endpoint_deleted,False,contact_customer_endpoint_deleted
evt_d18ad8bfa45c,delivered,none,False,none
evt_bcbe94e14209,expired,endpoint_deleted,False,contact_customer_endpoint_deleted
evt_b957a0d4b55a,expired,invalid_signature,True,verify_signature_config
evt_9b64a6c7ea92,delivered,none,False,none
evt_a8b3967362ac,expired,endpoint_deleted,False,contact_customer_endpoint_deleted
evt_2035f7770701,expired,payload_too_large,False,reduce_payload_size
evt_757a9b9c77bb,delivered,none,False,none
evt_f9660a27cd63,expired,payload_too_large,False,reduce_payload_size
evt_7350521ff8ac,expired,payload_too_large,False,reduce_payload_size
evt_c9c425c50217,expired,customer_endpoint_down,True,wait_and_retry
evt_ab29ad8ac2fc,delivered,none,False,none
evt_623ae3c7d90e,delivered,none,False,none
evt_9a448a318732,expired,malformed_response,True,investigate
evt_d2c14e0b97e1,expired,payload_too_large,False,reduce_payload_size
evt_5cc8fa845807,delivered,none,False,none
evt_b8510e28d433,expired,payload_too_large,False,reduce_payload_size
evt_fbab1228c931,delivered,none,False,none
evt_823d2979335d,delivered,none,False,none
evt_04a42c6bdfb5,expired,endpoint_deleted,False,contact_customer_endpoint_deleted
evt_0da2a4c74849,expired,payload_too_large,False,reduce_payload_size
evt_24f98fce3291,delivered,none,False,none
evt_560434560a27,expired,payload_too_large,False,reduce_payload_size
evt_a2133fd38cee,expired,payload_too_large,False,reduce_payload_size
evt_2343b638bf7c,expired,endpoint_deleted,False,contact_customer_endpoint_deleted
evt_ba71ff9261d3,delivered,none,False,none
evt_47b484e80fda,expired,payload_too_large,False,reduce_payload_size
evt_53a7f12bd01e,delivered,none,False,none
evt_0999d73cc5f8,expired,timeout,True,investigate
evt_fe72f8d6f39f,expired,endpoint_deleted,False,contact_customer_endpoint_deleted
evt_4e66ebab7154,expired,timeout,True,investigate
evt_12beb1ebce08,expired,payload_too_large,False,reduce_payload_size
evt_550fd3ec1fb6,delivered,none,False,none
evt_08587d11482a,expired,payload_too_large,False,reduce_payload_size
evt_06f27705a012,delivered,none,False,none
evt_d6aa2af8b847,delivered,none,False,none
evt_25aeb23cbbe9,delivered,none,False,none
evt_fb3b4257c54e,delivered,none,False,none
evt_b6b13f8b9f14,delivered,none,False,none
evt_b3c6bc1a23ed,expired,payload_too_large,False,reduce_payload_size
evt_9d28ca63d75c,delivered,none,False,none
evt_798ab2f4f090,expired,timeout,True,investigate
evt_2511213a99bf,delivered,none,False,none
evt_72daf1f8f347,delivered,none,False,none
evt_d7830a6e6466,expired,payload_too_large,False,reduce_payload_size
evt_744c4747a3f6,delivered,none,False,none
evt_460f20060e5c,expired,customer_endpoint_down,True,wait_and_retry
evt_f0042f78ae5c,delivered,none,False,none
evt_aa7ea4e7b66b,expired,payload_too_large,False,reduce_payload_size
evt_fbfa397d021b,expired,payload_too_large,False,reduce_payload_size
evt_06934057ff18,expired,endpoint_deleted,False,contact_customer_endpoint_deleted
evt_7417ccaaabed,delivered,none,False,none
evt_f5b3c1648f94,expired,payload_too_large,False,reduce_payload_size
evt_c68727481563,expired,payload_too_large,False,reduce_payload_size
evt_cc7a1e794eab,expired,payload_too_large,False,reduce_payload_size
evt_89487b0962bb,delivered,none,False,none
evt_dc6de3f97a4a,expired,payload_too_large,False,reduce_payload_size
evt_d72f1c8bd4c3,expired,malformed_response,True,investigate
evt_af7177955191,expired,payload_too_large,False,reduce_payload_size
evt_a59ec709fe1a,expired,customer_endpoint_down,True,wait_and_retry
evt_3fe40f02df37,expired,endpoint_deleted,False,contact_customer_endpoint_deleted
evt_443b3a90a255,expired,payload_too_large,False,reduce_payload_size
evt_ca79365b0d35,expired,endpoint_deleted,False,contact_customer_endpoint_deleted
evt_0ec5e50ce118,delivered,none,False,none
evt_d7c1cf837f86,expired,payload_too_large,False,reduce_payload_size
evt_f7aabc2b31d2,expired,payload_too_large,False,reduce_payload_size
evt_8ce15c143333,expired,payload_too_large,False,reduce_payload_size
evt_f8a9b1c4d520,expired,customer_endpoint_down,True,wait_and_retry
evt_f83292d4c271,expired,payload_too_large,False,reduce_payload_size
evt_98e4567f4da9,delivered,none,False,none
evt_6029eee668d5,expired,payload_too_large,False,reduce_payload_size
evt_b34313eaf8d1,expired,endpoint_deleted,False,contact_customer_endpoint_deleted
evt_489d5f80738e,expired,payload_too_large,False,reduce_payload_size
evt_c8d885f2318a,delivered,none,False,none
evt_51e4d10fd2cd,expired,payload_too_large,False,reduce_payload_size
evt_5337d2eb86ec,delivered,none,False,none
evt_5a2c95f04b9e,delivered,none,False,none
evt_1c7777ef068c,delivered,none,False,none
evt_0307e12a0d29,delivered,none,False,none
evt_b2c3eaf8f961,expired,payload_too_large,False,reduce_payload_size
evt_df9364383fd6,delivered,none,False,none
evt_8c56ec912847,delivered,none,False,none
evt_7706194fee15,expired,malformed_response,True,investigate
evt_9aba22e2e5f5,delivered,none,False,none
evt_af3423c03dd1,expired,payload_too_large,False,reduce_payload_size
evt_5fa1d762cf5b,delivered,none,False,none
evt_b17d07183a3b,expired,payload_too_large,False,reduce_payload_size
evt_5be581864594,expired,payload_too_large,False,reduce_payload_size
evt_a65372727a20,duplicate,duplicate_event,False,fix_retry_logic
evt_e214a56c2afc,delivered,none,False,none
evt_3c92a1a12c5d,expired,payload_too_large,False,reduce_payload_size
evt_e8c7a025f39f,expired,timeout,True,investigate
evt_27be83e35fd8,expired,payload_too_large,False,reduce_payload_size
evt_c50f47f024e2,expired,customer_endpoint_down,True,wait_and_retry
evt_18fd4e38538d,delivered,none,False,none
evt_378065f51860,delivered,none,False,none
evt_a6d75af22916,expired,payload_too_large,False,reduce_payload_size
evt_d5de1ca9cd1f,expired,payload_too_large,False,reduce_payload_size
evt_500252d864b4,delivered,none,False,none
evt_16491d601f01,expired,payload_too_large,False,reduce_payload_size
evt_de13cf159507,delivered,none,False,none
evt_9daca5a35226,delivered,none,False,none
evt_dbbf5466837d,delivered,none,False,none
evt_2b4f1ea2889c,delivered,none,False,none
evt_74ab9bec3376,expired,payload_too_large,False,reduce_payload_size
evt_e19308f1bc58,expired,endpoint_deleted,False,contact_customer_endpoint_deleted
evt_161df1f9d903,delivered,none,False,none
evt_3331078f44a9,expired,malformed_response,True,investigate
evt_099619b14df9,delivered,none,False,none
evt_0190bed51013,delivered,none,False,none
evt_248bb750ae4c,expired,endpoint_deleted,False,contact_customer_endpoint_deleted
evt_0a1a4c544071,delivered,none,False,none
evt_93c5c7310f95,expired,endpoint_deleted,False,contact_customer_endpoint_deleted
evt_7beaa8be929b,delivered,none,False,none
evt_31c64604fda9,delivered,none,False,none
evt_d1264196099f,expired,endpoint_deleted,False,contact_customer_endpoint_deleted
evt_c89d01d16b7b,delivered,none,False,none
evt_505da8a06f8d,expired,endpoint_deleted,False,contact_customer_endpoint_deleted
evt_bca3dc6f99a6,expired,payload_too_large,False,reduce_payload_size
evt_89acb60fa8e6,expired,endpoint_deleted,False,contact_customer_endpoint_deleted
evt_da4c30da32a6,delivered,none,False,none
evt_f25a0e4bd622,delivered,none,False,none
evt_78288a4ecded,delivered,none,False,none
evt_0ac6e78c92d1,expired,payload_too_large,False,reduce_payload_size
evt_782bc7fdfcd8,delivered,none,False,none
evt_993cdaf80352,delivered,none,False,none
evt_962e708ead2c,expired,payload_too_large,False,reduce_payload_size
evt_184ef4488322,expired,payload_too_large,False,reduce_payload_size
evt_b9ccc6cee4e5,expired,invalid_signature,True,verify_signature_config
evt_e5efb4d4f46d,expired,payload_too_large,False,reduce_payload_size
evt_35d50a1d9958,expired,payload_too_large,False,reduce_payload_size
evt_1ac0e29803b1,delivered,none,False,none
evt_21407f6f891d,expired,payload_too_large,False,reduce_payload_size
evt_bfd191272b4d,delivered,none,False,none
evt_874932790545,expired,endpoint_deleted,False,contact_customer_endpoint_deleted
evt_dba6eb583e90,expired,payload_too_large,False,reduce_payload_size
evt_0547a7f79f2b,expired,payload_too_large,False,reduce_payload_size
evt_1f0a94d58d64,expired,payload_too_large,False,reduce_payload_size
evt_8213b52443d8,delivered,none,False,none
evt_5f602f307e11,delivered,none,False,none
evt_17a83cd12d41,expired,payload_too_large,False,reduce_payload_size
evt_f19f09b68e0c,expired,payload_too_large,False,reduce_payload_size
evt_f40940147022,expired,timeout,True,investigate
evt_17db593b8b7f,delivered,none,False,none
evt_759aa4e015fc,delivered,none,False,none
evt_083c3f5156dc,expired,payload_too_large,False,reduce_payload_size
evt_e079d3382bb3,delivered,none,False,none
evt_3efd0b31c6ea,expired,payload_too_large,False,reduce_payload_size
evt_929d717ff942,expired,endpoint_deleted,False,contact_customer_endpoint_deleted
evt_c8329878effb,expired,payload_too_large,False,reduce_payload_size
evt_ddaf536cfc1d,delivered,none,False,none
evt_53df99f65f65,delivered,none,False,none
evt_9cd55dd898e1,expired,rate_limited,True,apply_exponential_backoff
evt_bb115b702d61,delivered,none,False,none
evt_af1a16474bf0,delivered,none,False,none
evt_4c653eb33b05,expired,payload_too_large,False,reduce_payload_size
evt_32cd0e7d64c8,expired,timeout,True,investigate
evt_484703a0ff5a,delivered,none,False,none
evt_5b94875777f5,delivered,none,False,none
evt_225f968da02f,delivered,none,False,none
evt_dc7ba86cf632,duplicate,duplicate_event,False,fix_retry_logic
evt_ed3f4d85bca9,expired,payload_too_large,False,reduce_payload_size
evt_5593796459b6,expired,payload_too_large,False,reduce_payload_size
evt_2e28829e6e0d,expired,payload_too_large,False,reduce_payload_size
evt_0cd3a03ee13f,delivered,none,False,none
evt_36bfa5706f5c,recovered,none,False,none
evt_ab88a773ad7b,expired,payload_too_large,False,reduce_payload_size
evt_4dd283d78124,expired,payload_too_large,False,reduce_payload_size
evt_ece223cd21b3,expired,payload_too_large,False,reduce_payload_size
evt_1c7ad418c640,delivered,none,False,none
evt_60d99cf74654,expired,customer_endpoint_down,True,wait_and_retry
evt_af1f935abbfa,delivered,none,False,none
evt_1a4390549ef7,delivered,none,False,none
evt_9e5580c1dfd9,expired,timeout,True,investigate
evt_5fb80e02d582,expired,payload_too_large,False,reduce_payload_size
evt_35516b624def,expired,endpoint_deleted,False,contact_customer_endpoint_deleted
evt_81b1ce3e0421,expired,endpoint_deleted,False,contact_customer_endpoint_deleted
evt_e78b3726d7b6,expired,payload_too_large,False,reduce_payload_size
evt_625eb9331413,delivered,none,False,none
evt_1127d1631f6a,delivered,none,False,none
evt_90a2c16df11c,expired,payload_too_large,False,reduce_payload_size
evt_da5a51570271,delivered,none,False,none
evt_290476badec1,delivered,none,False,none
evt_aa7ead015632,expired,payload_too_large,False,reduce_payload_size
evt_55cef05373d7,expired,payload_too_large,False,reduce_payload_size
evt_98aaf92d3992,expired,payload_too_large,False,reduce_payload_size
evt_17d266c2fa0a,expired,payload_too_large,False,reduce_payload_size
evt_650ccf3ee2c2,delivered,none,False,none
evt_8c16818e1bee,delivered,none,False,none
evt_daa47ec976ee,expired,payload_too_large,False,reduce_payload_size
evt_e9e9b4e581ad,expired,payload_too_large,False,reduce_payload_size
evt_e0de8a8bbd10,delivered,none,False,none
evt_5131fe65fbc7,delivered,none,False,none
evt_b3c829e33949,expired,malformed_response,True,investigate
evt_adcf747926ed,expired,payload_too_large,False,reduce_payload_size
evt_653fd2a890de,expired,endpoint_deleted,False,contact_customer_endpoint_deleted
evt_44a504f62017,expired,payload_too_large,False,reduce_payload_size
evt_41471fbf22d7,expired,endpoint_deleted,False,contact_customer_endpoint_deleted
evt_c9f3de0f7f9f,delivered,none,False,none
evt_ebb92fabd26a,delivered,none,False,none
evt_cd4d17109739,expired,payload_too_large,False,reduce_payload_size
evt_c5889dad802d,delivered,none,False,none
evt_2da002ac7ea8,expired,payload_too_large,False,reduce_payload_size
evt_c5d610398a14,delivered,none,False,none
evt_34b236839f56,delivered,none,False,none
evt_623dbf3ecb5f,delivered,none,False,none
evt_13d45fbe38bf,expired,payload_too_large,False,reduce_payload_size
evt_b9e80dccc4da,expired,payload_too_large,False,reduce_payload_size
evt_8eca221872ed,delivered,none,False,none
evt_0c83234e7fce,delivered,none,False,none
evt_c5ef1464243f,delivered,none,False,none
evt_6e41d6366519,expired,timeout,True,investigate
evt_df0fe344e912,delivered,none,False,none
evt_88bfe79f6c46,delivered,none,False,none
evt_f560ba069575,expired,payload_too_large,False,reduce_payload_size
evt_b52986976655,expired,payload_too_large,False,reduce_payload_size
evt_15cbb6f2d56e,expired,payload_too_large,False,reduce_payload_size
evt_0c0549fba551,delivered,none,False,none
evt_371b79576c51,expired,payload_too_large,False,reduce_payload_size
evt_fa7b369627bf,expired,endpoint_deleted,False,contact_customer_endpoint_deleted
evt_4363c017b993,expired,payload_too_large,False,reduce_payload_size
evt_32d1dfd32338,expired,payload_too_large,False,reduce_payload_size
evt_6c5f71a90f93,expired,endpoint_deleted,False,contact_customer_endpoint_deleted
evt_8db26c585c14,expired,payload_too_large,False,reduce_payload_size
evt_12541e970628,delivered,none,False,none
evt_1e1bf2c038bf,delivered,none,False,none
evt_844dca87b6ab,delivered,none,False,none
evt_1c7a5b41ceaa,expired,payload_too_large,False,reduce_payload_size
evt_4e1f5cabefea,expired,payload_too_large,False,reduce_payload_size
evt_b4a4ce04e561,expired,payload_too_large,False,reduce_payload_size
evt_7867ab458ae1,delivered,none,False,none
evt_8abd3582d391,expired,payload_too_large,False,reduce_payload_size
evt_7ed7ff8f0de1,delivered,none,False,none
evt_577f9bf28b15,delivered,none,False,none
evt_bcc6c2b69484,expired,timeout,True,investigate
evt_39f64332c2d6,delivered,none,False,none
evt_d8c881dd8da9,expired,endpoint_deleted,False,contact_customer_endpoint_deleted
evt_3f5c8f4d1fb4,delivered,none,False,none
evt_fb1c4ce14bef,delivered,none,False,none
evt_14c11d5b8789,delivered,none,False,none
evt_72187ed0dc4d,expired,replay_without_fix,False,investigate
evt_572afb56c1ac,expired,endpoint_deleted,False,contact_customer_endpoint_deleted
evt_8d0d3177a6be,delivered,none,False,none
evt_71cc721a1f8f,expired,timeout,True,investigate
evt_ace4cbb34b15,delivered,none,False,none
evt_90ed46401425,expired,payload_too_large,False,reduce_payload_size
evt_b9d708ca9e25,expired,endpoint_deleted,False,contact_customer_endpoint_deleted
evt_dd774dd4a838,expired,malformed_response,True,investigate
evt_282400e0e7a7,expired,customer_endpoint_down,True,wait_and_retry
evt_cd411d37d2ec,expired,payload_too_large,False,reduce_payload_size
evt_a33188bab340,expired,payload_too_large,False,reduce_payload_size
evt_17a69da2fdd0,expired,endpoint_deleted,False,contact_customer_endpoint_deleted
evt_0c1726305066,expired,payload_too_large,False,reduce_payload_size
evt_55a18d2a21fd,expired,malformed_response,True,investigate
evt_528d99bacb8f,delivered,none,False,none
evt_02c2e596fc04,delivered,none,False,none
evt_fcde1d1cb160,delivered,none,False,none
evt_1f8e25f103fa,delivered,none,False,none
evt_cd6cca081347,expired,payload_too_large,False,reduce_payload_size
evt_cacd657d5e94,expired,payload_too_large,False,reduce_payload_size
evt_78f7de5cf65a,delivered,none,False,none
evt_1aa3edd78ca9,expired,payload_too_large,False,reduce_payload_size
evt_5ced17947511,delivered,none,False,none
evt_abb43950794c,expired,rate_limited,True,apply_exponential_backoff
evt_dc635f2ba53b,delivered,none,False,none
evt_4c0e3ae95120,delivered,none,False,none
evt_9b03f76023e2,delivered,none,False,none
evt_ab9ede539aae,delivered,none,False,none
evt_c2b7565e46ba,delivered,none,False,none
evt_4ddfeb007c8f,delivered,none,False,none
evt_edaeb692f88f,delivered,none,False,none
evt_817546d91329,delivered,none,False,none
evt_1465204dc422,delivered,none,False,none
evt_378033fe01da,delivered,none,False,none
evt_8920b0709e6d,expired,endpoint_deleted,False,contact_customer_endpoint_deleted
evt_b48f8250dcf7,expired,endpoint_deleted,False,contact_customer_endpoint_deleted
evt_5713ecdd3406,delivered,none,False,none
evt_1e1f6c179bb7,delivered,none,False,none
evt_6afff1f49e08,delivered,none,False,none
evt_0e99c18cce82,delivered,none,False,none
evt_6d99f2dd6695,expired,payload_too_large,False,reduce_payload_size
evt_d8065a62ceed,expired,endpoint_deleted,False,contact_customer_endpoint_deleted
evt_9da93b890d76,expired,endpoint_deleted,False,contact_customer_endpoint_deleted
evt_ddd8ecc93d3f,delivered,none,False,none
evt_b386c73a14f2,expired,payload_too_large,False,reduce_payload_size
evt_eb1cc4a16c97,expired,payload_too_large,False,reduce_payload_size
evt_f9e3f47cf8bd,delivered,none,False,none
evt_416492b6e53a,delivered,none,False,none
evt_2459da04c454,delivered,none,False,none
evt_8420af7b4736,delivered,none,False,none
evt_d6d7e02c5a6f,expired,endpoint_deleted,False,contact_customer_endpoint_deleted
evt_46721a45bd8c,expired,payload_too_large,False,reduce_payload_size
evt_daa6054f7336,expired,payload_too_large,False,reduce_payload_size
evt_1c52b0d8f910,expired,payload_too_large,False,reduce_payload_size
evt_67fad87dd1a3,expired,endpoint_deleted,False,contact_customer_endpoint_deleted
evt_128446bf1d17,delivered,none,False,none
evt_af8b6109ead3,delivered,none,False,none
evt_b9e4cb32cedc,delivered,none,False,none
evt_67dc3541f470,expired,endpoint_deleted,False,contact_customer_endpoint_deleted
evt_9219354f2f29,expired,endpoint_deleted,False,contact_customer_endpoint_deleted
evt_44603bd39646,delivered,none,False,none
evt_a008c9b6d062,delivered,none,False,none
evt_cb8270837466,expired,payload_too_large,False,reduce_payload_size
evt_7ca100cc4bae,expired,invalid_signature,True,verify_signature_config
evt_e2e4ee88c3ba,expired,endpoint_deleted,False,contact_customer_endpoint_deleted
evt_fe43e37ad2e4,expired,endpoint_deleted,False,contact_customer_endpoint_deleted
evt_e00f5f5ed27e,delivered,none,False,none
evt_a476af09db3d,expired,endpoint_deleted,False,contact_customer_endpoint_deleted
evt_2871df293da5,expired,payload_too_large,False,reduce_payload_size
evt_ffb6ccd54247,expired,payload_too_large,False,reduce_payload_size
evt_218361f8f0ca,delivered,none,False,none
evt_a6ed07312ac4,expired,endpoint_deleted,False,contact_customer_endpoint_deleted
evt_d93be8d172c4,delivered,none,False,none
evt_59b34640fdf3,delivered,none,False,none
evt_c7cb9b5ca9db,delivered,none,False,none
evt_b651abc3edcb,delivered,none,False,none
evt_935fa947d5b7,expired,payload_too_large,False,reduce_payload_size
evt_6b46b8d72aca,expired,timeout,True,investigate
evt_e6cac0a12779,delivered,none,False,none
evt_c25cc1e8a3d4,expired,payload_too_large,False,reduce_payload_size
evt_e5c85f643fe8,delivered,none,False,none
evt_bd0b5da4da2e,expired,endpoint_deleted,False,contact_customer_endpoint_deleted
evt_f33eccac2730,expired,invalid_signature,True,verify_signature_config
evt_704f2316112d,expired,payload_too_large,False,reduce_payload_size
evt_08d2348635b8,expired,timeout,True,investigate
evt_874408ee552c,delivered,none,False,none
evt_9648d71bd117,delivered,none,False,none
evt_9538149e7fc2,expired,endpoint_deleted,False,contact_customer_endpoint_deleted
evt_81d9bc4e1416,duplicate,duplicate_event,False,fix_retry_logic
evt_3c183bdbdd4e,delivered,none,False,none
evt_7ff2f5f2a0a0,delivered,none,False,none
evt_7c5207588d45,expired,payload_too_large,False,reduce_payload_size
evt_454c52d37ca4,expired,payload_too_large,False,reduce_payload_size
evt_22b78b2d3445,expired,payload_too_large,False,reduce_payload_size
evt_b6aa8b5accea,expired,payload_too_large,False,reduce_payload_size
evt_85e37128f95a,expired,endpoint_deleted,False,contact_customer_endpoint_deleted
evt_be128b9e9fd2,expired,payload_too_large,False,reduce_payload_size
evt_8e5b7423a00f,delivered,none,False,none
evt_333882491f59,expired,endpoint_deleted,False,contact_customer_endpoint_deleted
evt_9036bed0e569,expired,endpoint_deleted,False,contact_customer_endpoint_deleted
evt_4304da36bfd1,delivered,none,False,none
evt_4b8db6165cb3,expired,payload_too_large,False,reduce_payload_size
evt_2b18b0076195,expired,endpoint_deleted,False,contact_customer_endpoint_deleted
evt_aea7a87bd27b,expired,payload_too_large,False,reduce_payload_size
evt_8fd643e2f7d2,delivered,none,False,none
evt_10da4a7bfc9b,expired,payload_too_large,False,reduce_payload_size
evt_0df0ffc8ab4c,delivered,none,False,none
evt_82af3160a219,delivered,none,False,none
evt_61bfc02b0f54,delivered,none,False,none
evt_220f056d8ab5,expired,payload_too_large,False,reduce_payload_size
evt_7a6a01db7439,duplicate,duplicate_event,False,fix_retry_logic
evt_fb8edb32c8ea,expired,payload_too_large,False,reduce_payload_size
evt_b43282267fef,expired,payload_too_large,False,reduce_payload_size
evt_7e46821ff693,delivered,none,False,none
evt_d0b2d7f21d52,expired,payload_too_large,False,reduce_payload_size
evt_f45c3e57287d,duplicate,duplicate_event,False,fix_retry_logic
evt_8ee2e901177e,delivered,none,False,none
evt_a74350a7cf4e,expired,payload_too_large,False,reduce_payload_size
evt_518487448129,delivered,none,False,none
evt_4901065ab820,delivered,none,False,none
evt_8e51a22834ce,delivered,none,False,none
evt_d6201c4e600c,expired,payload_too_large,False,reduce_payload_size
evt_3643811741fa,expired,payload_too_large,False,reduce_payload_size
evt_cccd33a89542,duplicate,duplicate_event,False,fix_retry_logic
evt_d9549b81a003,expired,malformed_response,True,investigate
evt_c58af7e6afe9,delivered,none,False,none
evt_5e298a972d1b,expired,endpoint_deleted,False,contact_customer_endpoint_deleted
evt_04f12188ee94,expired,endpoint_deleted,False,contact_customer_endpoint_deleted
evt_2f1f9dccafa4,expired,endpoint_deleted,False,contact_customer_endpoint_deleted
evt_4f1e0e6c41f3,expired,endpoint_deleted,False,contact_customer_endpoint_deleted
evt_77169240aa0c,delivered,none,False,none
evt_d9de9986214c,expired,malformed_response,True,investigate
evt_072b9c1c3bf8,delivered,none,False,none
evt_7fc28ddcd3c1,expired,payload_too_large,False,reduce_payload_size
evt_64e16c9dbaf6,delivered,none,False,none
evt_2b0e1c23ff3f,delivered,none,False,none
evt_9545fc5e35fa,expired,endpoint_deleted,False,contact_customer_endpoint_deleted
evt_c9f84b658248,delivered,none,False,none
evt_8e90124ed8f0,expired,payload_too_large,False,reduce_payload_size
evt_fbc58ee073a0,expired,endpoint_deleted,False,contact_customer_endpoint_deleted
evt_3dd2b6c93108,delivered,none,False,none
evt_4d676fde73a0,expired,payload_too_large,False,reduce_payload_size
evt_6f7021c75be5,expired,payload_too_large,False,reduce_payload_size
evt_caaea40c1e60,expired,payload_too_large,False,reduce_payload_size
evt_9a158381cc09,recovered,none,False,none
evt_f30bd1a720ce,expired,payload_too_large,False,reduce_payload_size
evt_8cd5ca4cc8aa,delivered,none,False,none
evt_ae37351feef6,delivered,none,False,none
evt_61989f4ad7b9,expired,payload_too_large,False,reduce_payload_size
evt_fd8811cc667a,delivered,none,False,none
evt_0ca2b4e552cc,delivered,none,False,none
evt_a7cd1b661dd3,expired,payload_too_large,False,reduce_payload_size
evt_237c57e1f73e,delivered,none,False,none
evt_9f83c9ee0e97,delivered,none,False,none
evt_b9dc2fcab424,expired,endpoint_deleted,False,contact_customer_endpoint_deleted
evt_f8057f674edf,delivered,none,False,none
evt_31eae4a16342,delivered,none,False,none
evt_d6ebcd2ece4f,expired,replay_without_fix,False,investigate
evt_87817523c330,expired,endpoint_deleted,False,contact_customer_endpoint_deleted
evt_bab17cdc209b,expired,payload_too_large,False,reduce_payload_size
evt_36c319dacbc4,delivered,none,False,none
evt_5383f976a162,delivered,none,False,none
evt_63c73e521cc9,delivered,none,False,none
evt_51333265cfbb,delivered,none,False,none
evt_4ee1545b8b40,delivered,none,False,none
evt_78cfc1078f57,expired,payload_too_large,False,reduce_payload_size
evt_b3a931fd881c,expired,payload_too_large,False,reduce_payload_size
evt_ce1b1e0050df,delivered,none,False,none
evt_990db378eb7d,delivered,none,False,none
evt_ae2f6cbc35bf,expired,endpoint_deleted,False,contact_customer_endpoint_deleted
evt_a4196a046d5e,delivered,none,False,none
evt_b283d6cfc0b7,expired,endpoint_deleted,False,contact_customer_endpoint_deleted
evt_2582befb15bb,delivered,none,False,none
evt_45a3bbafa903,expired,payload_too_large,False,reduce_payload_size
evt_34f8b861bca3,delivered,none,False,none
evt_190e78fbfe48,delivered,none,False,none
evt_3a7c9fc51aa7,delivered,none,False,none
evt_d06620cbf36b,expired,payload_too_large,False,reduce_payload_size
evt_7a4b2a2dd452,delivered,none,False,none
evt_c71c7f41cab3,delivered,none,False,none
evt_13069415ab69,expired,endpoint_deleted,False,contact_customer_endpoint_deleted
evt_ade2cc777ff4,delivered,none,False,none
evt_1fba26eac36c,delivered,none,False,none
evt_30cf15a4c1cb,expired,payload_too_large,False,reduce_payload_size
evt_d8869a3a786b,expired,payload_too_large,False,reduce_payload_size
evt_3d96aa61437a,expired,payload_too_large,False,reduce_payload_size
evt_a49ea00cd7af,delivered,none,False,none
evt_bdb40a2a49c3,expired,payload_too_large,False,reduce_payload_size
evt_0ea2f87d184d,expired,rate_limited,True,apply_exponential_backoff
evt_e80bac38edc5,delivered,none,False,none
evt_86e45adabb55,expired,payload_too_large,False,reduce_payload_size
evt_44fd6870dfce,delivered,none,False,none
evt_3849642039e6,expired,payload_too_large,False,reduce_payload_size
evt_2bdc2fc99f04,delivered,none,False,none
evt_9bf255284373,expired,endpoint_deleted,False,contact_customer_endpoint_deleted
evt_f352a5c52b21,delivered,none,False,none
evt_93e41ebecb9b,delivered,none,False,none
evt_900e47a58c12,expired,replay_without_fix,False,investigate
evt_b65b34873cd3,delivered,none,False,none
evt_28b2447aca1c,expired,payload_too_large,False,reduce_payload_size
evt_e843912ebd39,expired,payload_too_large,False,reduce_payload_size
evt_66244c62f9be,delivered,none,False,none
evt_26a7fa2b5e52,expired,payload_too_large,False,reduce_payload_size
evt_da6f5784022d,expired,endpoint_deleted,False,contact_customer_endpoint_deleted
evt_cf1a869cd3cb,delivered,none,False,none
evt_891e9be8d8d1,delivered,none,False,none
evt_f08db17bfdca,delivered,none,False,none
evt_3059ce87c0ad,expired,endpoint_deleted,False,contact_customer_endpoint_deleted
evt_28a29885818c,delivered,none,False,none
evt_7c4f7b67873b,expired,timeout,True,investigate
evt_8693eb549ef6,delivered,none,False,none
evt_c53b2de1036c,delivered,none,False,none
evt_f0679419c3ce,expired,endpoint_deleted,False,contact_customer_endpoint_deleted
evt_2fc84655b3ff,expired,payload_too_large,False,reduce_payload_size
evt_fa26355f5d8d,delivered,none,False,none
evt_b84e89194475,expired,payload_too_large,False,reduce_payload_size
evt_6eb6dab1a4e7,expired,endpoint_deleted,False,contact_customer_endpoint_deleted
evt_1a12bdf06ac2,delivered,none,False,none
evt_252dad6de5fa,delivered,none,False,none
evt_281a7daeaf9c,delivered,none,False,none
evt_f8bf66d93480,expired,payload_too_large,False,reduce_payload_size
evt_0e02575546bc,expired,payload_too_large,False,reduce_payload_size
evt_5ec40dc3ed30,expired,endpoint_deleted,False,contact_customer_endpoint_deleted
evt_3105443c23b0,delivered,none,False,none
evt_9731835a08f1,expired,payload_too_large,False,reduce_payload_size
evt_cb383be01efc,expired,payload_too_large,False,reduce_payload_size
evt_08a575888b13,delivered,none,False,none
evt_9b4dd9fee3aa,expired,rate_limited,True,apply_exponential_backoff
evt_1078d82d79f2,expired,payload_too_large,False,reduce_payload_size
evt_83018503a08d,expired,payload_too_large,False,reduce_payload_size
evt_1d013080becd,expired,payload_too_large,False,reduce_payload_size
evt_dc9b2e61587f,delivered,none,False,none
evt_fd6fd88d13f3,expired,payload_too_large,False,reduce_payload_size
evt_2f5f51e88c6a,expired,endpoint_deleted,False,contact_customer_endpoint_deleted
evt_74e94efa2e9c,expired,payload_too_large,False,reduce_payload_size
evt_2443ebc70f41,delivered,none,False,none
evt_71035ff124e9,delivered,none,False,none
evt_d82b1c34ad18,delivered,none,False,none
evt_be6268fb76b5,delivered,none,False,none
evt_a1f8a7fd2a7c,expired,payload_too_large,False,reduce_payload_size
evt_9aecbac05ab6,delivered,none,False,none
evt_c076f8bf95ed,delivered,none,False,none
evt_1e69214542c9,delivered,none,False,none
evt_14992b5c269c,delivered,none,False,none
evt_a0feb353e805,delivered,none,False,none
evt_bc9061d986a3,delivered,none,False,none
evt_d819811f1a25,expired,payload_too_large,False,reduce_payload_size
evt_ae809b5519ba,expired,endpoint_deleted,False,contact_customer_endpoint_deleted
evt_aca62797073b,expired,payload_too_large,False,reduce_payload_size
evt_bfe7b73ea70f,expired,payload_too_large,False,reduce_payload_size
evt_955d40bd4ce2,expired,payload_too_large,False,reduce_payload_size
evt_eb463c89c3db,delivered,none,False,none
evt_c032218e5173,delivered,none,False,none
evt_b8d2f4e59521,expired,customer_endpoint_down,True,wait_and_retry
evt_6b9c7d8adb3d,delivered,none,False,none
evt_3442671aae33,delivered,none,False,none
evt_d831944b877d,expired,endpoint_deleted,False,contact_customer_endpoint_deleted
evt_6aeca8deefc1,delivered,none,False,none
evt_3d8a8c906237,delivered,none,False,none
evt_0943bfc52586,expired,payload_too_large,False,reduce_payload_size
evt_76df86cafa29,delivered,none,False,none
evt_3b7a223b2886,delivered,none,False,none
evt_e9bca4fb5870,delivered,none,False,none
evt_3ab4d3d63906,expired,endpoint_deleted,False,contact_customer_endpoint_deleted
evt_00a7d6e00ece,expired,endpoint_deleted,False,contact_customer_endpoint_deleted
evt_a6330adb9114,expired,payload_too_large,False,reduce_payload_size
evt_c668aa123a25,expired,payload_too_large,False,reduce_payload_size
evt_de0e42907c19,delivered,none,False,none
evt_b0ebad191360,expired,payload_too_large,False,reduce_payload_size
evt_7610a6fb3569,expired,payload_too_large,False,reduce_payload_size
evt_b3369b5ec821,recovered,none,False,none
evt_36d5320d7baa,expired,payload_too_large,False,reduce_payload_size
evt_450e180a98d6,delivered,none,False,none
evt_9ea5e61f2c7e,delivered,none,False,none
evt_7af8ebe45f55,delivered,none,False,none
evt_888537ddb13a,expired,payload_too_large,False,reduce_payload_size
evt_f68b29ce6d40,delivered,none,False,none
evt_95a04669ec0f,expired,replay_without_fix,False,investigate
evt_38a66712a83c,delivered,none,False,none
evt_dda30c263819,expired,payload_too_large,False,reduce_payload_size
evt_6c8591cd8ae6,delivered,none,False,none
evt_1cb084eeccc4,expired,payload_too_large,False,reduce_payload_size
evt_84cf6d8708b3,expired,customer_endpoint_down,True,wait_and_retry
evt_ef685fb63555,expired,endpoint_deleted,False,contact_customer_endpoint_deleted
evt_ed9378e6cd20,delivered,none,False,none
evt_058d48679eb1,expired,payload_too_large,False,reduce_payload_size
evt_10f71cf0f5fa,delivered,none,False,none
evt_85b2f541ef4f,expired,invalid_signature,True,verify_signature_config
evt_d1455ae9a51d,delivered,none,False,none
evt_ba46c3cf7bbe,expired,payload_too_large,False,reduce_payload_size
evt_82199e398a86,delivered,none,False,none
evt_fdddabeb5332,duplicate,duplicate_event,False,fix_retry_logic
evt_8cdf37086672,delivered,none,False,none
evt_d8292f2a13fc,delivered,none,False,none
evt_e2a77d38def8,expired,endpoint_deleted,False,contact_customer_endpoint_deleted
evt_9a2ce7b2af31,expired,payload_too_large,False,reduce_payload_size
evt_23563107c355,expired,payload_too_large,False,reduce_payload_size
evt_9e518aea3e5a,delivered,none,False,none
evt_95fb4db5a86f,duplicate,duplicate_event,False,fix_retry_logic
evt_f7b0e8d25393,delivered,none,False,none
evt_2b57062d4ddd,expired,payload_too_large,False,reduce_payload_size
evt_484c19c707a6,expired,payload_too_large,False,reduce_payload_size
evt_da443491d05d,expired,payload_too_large,False,reduce_payload_size
evt_3f53ad17a48b,expired,timeout,True,investigate
evt_9628d7906864,delivered,none,False,none
evt_7c75707491c5,delivered,none,False,none
evt_d291b076d27a,expired,payload_too_large,False,reduce_payload_size
evt_d97d0d092907,delivered,none,False,none
evt_2c25505379b4,duplicate,duplicate_event,False,fix_retry_logic
evt_9c22cf18e993,delivered,none,False,none
evt_01a0da52cd8a,expired,endpoint_deleted,False,contact_customer_endpoint_deleted
evt_4bee57ed79e6,delivered,none,False,none
evt_f4921e34b94f,expired,endpoint_deleted,False,contact_customer_endpoint_deleted
evt_95912d878807,expired,payload_too_large,False,reduce_payload_size
evt_9d43d7331ba5,expired,payload_too_large,False,reduce_payload_size
evt_b749c3a0b19f,delivered,none,False,none
evt_b0351f9aea02,expired,endpoint_deleted,False,contact_customer_endpoint_deleted
evt_a14a105e3ce1,expired,payload_too_large,False,reduce_payload_size
evt_941afa55afa0,expired,endpoint_deleted,False,contact_customer_endpoint_deleted
evt_1204fe301c38,duplicate,duplicate_event,False,fix_retry_logic
evt_3c407afc0422,delivered,none,False,none
evt_b368e09e1f03,delivered,none,False,none
evt_04da2e375c21,delivered,none,False,none
evt_e68978b55a7e,delivered,none,False,none
evt_40a9d2212fbd,expired,payload_too_large,False,reduce_payload_size
evt_72c297e20805,expired,timeout,True,investigate
evt_f43871731425,expired,payload_too_large,False,reduce_payload_size
evt_99bdb7f193aa,delivered,none,False,none
evt_e196d9939add,delivered,none,False,none
evt_f50b47c7b4a2,expired,payload_too_large,False,reduce_payload_size
evt_b0b5041690f6,delivered,none,False,none
evt_3c26a62f049b,expired,payload_too_large,False,reduce_payload_size
evt_b80fa3d0051c,delivered,none,False,none
evt_37611922debb,expired,payload_too_large,False,reduce_payload_size
evt_aec98cadc4e7,duplicate,duplicate_event,False,fix_retry_logic
evt_944286348ede,expired,payload_too_large,False,reduce_payload_size
evt_39b88dcc8a4e,expired,payload_too_large,False,reduce_payload_size
evt_431b9723993d,delivered,none,False,none
evt_55e3382d6609,expired,payload_too_large,False,reduce_payload_size
evt_03c37e91e3aa,duplicate,duplicate_event,False,fix_retry_logic
evt_b141e651d922,delivered,none,False,none
evt_77584067401b,expired,malformed_response,True,investigate
evt_8ed34cceeb7b,expired,endpoint_deleted,False,contact_customer_endpoint_deleted
evt_906b508b1b45,delivered,none,False,none
evt_5a6e59f092d0,expired,payload_too_large,False,reduce_payload_size
evt_d1f7e1fc4795,delivered,none,False,none
evt_e7a60f131f59,expired,payload_too_large,False,reduce_payload_size
evt_c3a2ffeaadbc,delivered,none,False,none
evt_8178587a01c9,expired,payload_too_large,False,reduce_payload_size
evt_27fe92ca2aca,expired,payload_too_large,False,reduce_payload_size
evt_e9b8f1d3818e,expired,payload_too_large,False,reduce_payload_size
evt_dc60dea49960,expired,payload_too_large,False,reduce_payload_size
evt_9feb3803b07f,expired,endpoint_deleted,False,contact_customer_endpoint_deleted
evt_828d89f6007f,delivered,none,False,none
evt_30feac32d931,expired,endpoint_deleted,False,contact_customer_endpoint_deleted
evt_38747ab9f0aa,expired,payload_too_large,False,reduce_payload_size
evt_8a708f036842,expired,endpoint_deleted,False,contact_customer_endpoint_deleted
evt_bcc1fcf90068,delivered,none,False,none
evt_b7bb5d57fca1,expired,payload_too_large,False,reduce_payload_size
evt_cfa5c8694fba,expired,payload_too_large,False,reduce_payload_size
evt_73cd89f2cb61,expired,payload_too_large,False,reduce_payload_size
evt_8b5abb72cfc7,expired,endpoint_deleted,False,contact_customer_endpoint_deleted
evt_eee02463a2aa,delivered,none,False,none
evt_772df91fd359,delivered,none,False,none
evt_aaa1414ce6f2,expired,endpoint_deleted,False,contact_customer_endpoint_deleted
evt_bae33c5d7e18,expired,payload_too_large,False,reduce_payload_size
evt_699f136e4cab,expired,endpoint_deleted,False,contact_customer_endpoint_deleted
evt_ec4caebdbd4c,duplicate,duplicate_event,False,fix_retry_logic
evt_bfb54ee7751e,expired,payload_too_large,False,reduce_payload_size
evt_18da9ab43d49,expired,payload_too_large,False,reduce_payload_size
evt_c8fe20d23c3f,delivered,none,False,none
evt_e1bfc8d76ea5,expired,payload_too_large,False,reduce_payload_size
evt_0161ba1c8d33,recovered,none,False,none
evt_3a75967c3be5,expired,payload_too_large,False,reduce_payload_size
evt_411f547a0010,delivered,none,False,none
evt_aac83c75cbf8,delivered,none,False,none
evt_6a1c27996ecb,delivered,none,False,none
evt_094722e536ef,delivered,none,False,none
evt_0d66601ea9a4,delivered,none,False,none
evt_17b95e547623,expired,payload_too_large,False,reduce_payload_size
evt_0ed61750b795,expired,payload_too_large,False,reduce_payload_size
evt_08a85da6a3b7,delivered,none,False,none
evt_a1756a06d9dd,expired,payload_too_large,False,reduce_payload_size
evt_875594516fab,expired,payload_too_large,False,reduce_payload_size
evt_3691b4ce4491,delivered,none,False,none
evt_728101a3cacf,delivered,none,False,none
evt_f8708d27b425,expired,payload_too_large,False,reduce_payload_size
evt_1e78732c83b4,delivered,none,False,none
evt_9651fd13191d,delivered,none,False,none
evt_df5acb46458b,expired,timeout,True,investigate
evt_b84ccdea3983,delivered,none,False,none
evt_d58ad7c73745,delivered,none,False,none
evt_1e107b5efb71,expired,payload_too_large,False,reduce_payload_size
evt_8c6397497c5d,delivered,none,False,none
evt_2556109c5a1f,expired,endpoint_deleted,False,contact_customer_endpoint_deleted
evt_ab6833537501,recovered,none,False,none
evt_aac49230176f,delivered,none,False,none
evt_7001a2b4ba30,expired,malformed_response,True,investigate
evt_0f49e133b820,delivered,none,False,none
evt_c9f6129b86bf,delivered,none,False,none
evt_16b92f209ec3,expired,payload_too_large,False,reduce_payload_size
evt_e59e4dfc6069,expired,timeout,True,investigate
evt_5746d4627a77,delivered,none,False,none
evt_d4a58913047a,expired,payload_too_large,False,reduce_payload_size
evt_f7904a2f16cc,expired,payload_too_large,False,reduce_payload_size
evt_a52261813490,expired,endpoint_deleted,False,contact_customer_endpoint_deleted
evt_f769497717a8,expired,payload_too_large,False,reduce_payload_size
evt_4f945afd9c4e,expired,payload_too_large,False,reduce_payload_size
evt_f699288e41b6,delivered,none,False,none
evt_527ac00fe3a7,expired,payload_too_large,False,reduce_payload_size
evt_5a904b5dcb50,expired,payload_too_large,False,reduce_payload_size
evt_ddaca851bc2e,expired,payload_too_large,False,reduce_payload_size
evt_8e7156012bdf,expired,endpoint_deleted,False,contact_customer_endpoint_deleted
evt_e6f3359e45a0,delivered,none,False,none
evt_2d7774d8f708,expired,endpoint_deleted,False,contact_customer_endpoint_deleted
evt_7168ee255241,delivered,none,False,none
evt_b1229e3be25b,expired,payload_too_large,False,reduce_payload_size
evt_ff08bd088c47,expired,payload_too_large,False,reduce_payload_size
evt_50e97e28376d,expired,payload_too_large,False,reduce_payload_size
evt_32537738f641,expired,payload_too_large,False,reduce_payload_size
evt_af99dfeaab9f,expired,payload_too_large,False,reduce_payload_size
evt_1933217cdddb,expired,payload_too_large,False,reduce_payload_size
evt_2deb8e5f8703,expired,payload_too_large,False,reduce_payload_size
evt_d3c537c7c838,delivered,none,False,none
evt_84953f002317,expired,payload_too_large,False,reduce_payload_size
evt_f479cea093c3,delivered,none,False,none
evt_e89ee462131b,delivered,none,False,none
evt_b7a4728c509a,expired,payload_too_large,False,reduce_payload_size
evt_ddf6472fecd1,delivered,none,False,none
evt_25585b9e26c9,expired,malformed_response,True,investigate
evt_bffc05b31122,expired,endpoint_deleted,False,contact_customer_endpoint_deleted
evt_a19497c92732,expired,endpoint_deleted,False,contact_customer_endpoint_deleted
evt_7f6b4b269683,expired,payload_too_large,False,reduce_payload_size
evt_b8f6819b0f62,delivered,none,False,none
evt_f0ced6df8217,delivered,none,False,none
evt_ef48fd10c3a9,expired,payload_too_large,False,reduce_payload_size
evt_e43bc68d57fb,expired,timeout,True,investigate
evt_6499ad7aed46,expired,payload_too_large,False,reduce_payload_size
evt_3bac206d278f,expired,customer_endpoint_down,True,wait_and_retry
evt_a90aa7d34ee6,expired,payload_too_large,False,reduce_payload_size
evt_07a1c266ee86,delivered,none,False,none
evt_13c13c186194,expired,payload_too_large,False,reduce_payload_size
evt_53c87b239a71,delivered,none,False,none
evt_1ab90256b64c,expired,payload_too_large,False,reduce_payload_size
evt_c501f721f6ab,expired,endpoint_deleted,False,contact_customer_endpoint_deleted
evt_7e7c29afb6b6,expired,customer_endpoint_down,True,wait_and_retry
evt_8b3ef5a83fbc,expired,payload_too_large,False,reduce_payload_size
evt_bfd3acf97603,expired,payload_too_large,False,reduce_payload_size
evt_e3ea474bdb46,expired,payload_too_large,False,reduce_payload_size
evt_b498975dd46d,expired,payload_too_large,False,reduce_payload_size
evt_f1276da9e42e,delivered,none,False,none
evt_a77f492d4056,expired,payload_too_large,False,reduce_payload_size
evt_73f96ca9303e,delivered,none,False,none
evt_0754a21d8a5c,delivered,none,False,none
evt_97ae531ace1d,delivered,none,False,none
evt_eab97e0d81b6,delivered,none,False,none
evt_69d74df376f7,delivered,none,False,none
evt_582a2be65c3c,expired,payload_too_large,False,reduce_payload_size
evt_3624dfe4d13a,expired,payload_too_large,False,reduce_payload_size
evt_798015d1c4de,expired,payload_too_large,False,reduce_payload_size
evt_8a3337609421,delivered,none,False,none
evt_2860ec30fca3,duplicate,duplicate_event,False,fix_retry_logic
evt_c005cfa69a15,expired,endpoint_deleted,False,contact_customer_endpoint_deleted
evt_b7891acc7eaf,delivered,none,False,none
evt_5263731aa61e,expired,payload_too_large,False,reduce_payload_size
evt_7ba6b28a5e63,expired,replay_without_fix,False,investigate
evt_c0ef1cc5d7d3,duplicate,duplicate_event,False,fix_retry_logic
evt_42c12a1d6bb4,duplicate,duplicate_event,False,fix_retry_logic
evt_9efc9bf11e35,delivered,none,False,none
evt_a9b4a1559c9f,expired,invalid_signature,True,verify_signature_config
evt_a9deed7fd808,expired,endpoint_deleted,False,contact_customer_endpoint_deleted
evt_c9e8a584fda2,delivered,none,False,none
evt_5b5ef7c2322f,expired,payload_too_large,False,reduce_payload_size
evt_d524afb8fc79,duplicate,duplicate_event,False,fix_retry_logic
evt_ea3ed7ecd699,delivered,none,False,none
evt_997298a30671,expired,payload_too_large,False,reduce_payload_size
evt_0a2397c9fcb7,delivered,none,False,none
evt_ac9cbe255348,expired,endpoint_deleted,False,contact_customer_endpoint_deleted
evt_57be307edde4,expired,payload_too_large,False,reduce_payload_size
evt_dd8ab589382e,duplicate,duplicate_event,False,fix_retry_logic
evt_c8f972f39e41,delivered,none,False,none
evt_090a29c35440,delivered,none,False,none
evt_b9f97561fd04,expired,payload_too_large,False,reduce_payload_size
evt_f2d46f176b23,delivered,none,False,none
evt_e7d974a790e7,delivered,none,False,none
evt_1414d778d075,delivered,none,False,none
evt_4328615ad40a,expired,payload_too_large,False,reduce_payload_size
evt_fdaf392d78a5,duplicate,duplicate_event,False,fix_retry_logic
evt_306579426d96,delivered,none,False,none
evt_8ef886fedf17,expired,payload_too_large,False,reduce_payload_size
evt_d482d7d06242,expired,payload_too_large,False,reduce_payload_size
evt_364b18ddc9fa,delivered,none,False,none
evt_d4ab77deba12,expired,payload_too_large,False,reduce_payload_size
evt_0edf1956dc15,expired,customer_endpoint_down,True,wait_and_retry
evt_0095a8d6a768,expired,payload_too_large,False,reduce_payload_size
evt_5504c9f53b35,expired,payload_too_large,False,reduce_payload_size
evt_0ba2105f5569,expired,payload_too_large,False,reduce_payload_size
evt_5edc31e4959e,delivered,none,False,none
evt_c772324c2279,delivered,none,False,none
evt_27f811e70fa7,delivered,none,False,none
evt_14f8fb959f49,delivered,none,False,none
evt_d7d8085d8911,expired,payload_too_large,False,reduce_payload_size
evt_ab82f90b261e,delivered,none,False,none
evt_f9d6a5046e10,delivered,none,False,none
evt_76e2f4371db7,delivered,none,False,none
evt_fe8324e28ddc,delivered,none,False,none
evt_dfec0e77361b,expired,payload_too_large,False,reduce_payload_size
evt_ee48fb4201b6,expired,endpoint_deleted,False,contact_customer_endpoint_deleted
evt_6a348a6bebcd,delivered,none,False,none
evt_76cb176012bf,delivered,none,False,none
evt_906595b4aeed,expired,payload_too_large,False,reduce_payload_size
evt_c6b42620e84d,expired,payload_too_large,False,reduce_payload_size
evt_190e11216a97,expired,endpoint_deleted,False,contact_customer_endpoint_deleted
evt_0680cc5dd504,expired,payload_too_large,False,reduce_payload_size
evt_2cfd6ca887a3,expired,endpoint_deleted,False,contact_customer_endpoint_deleted
evt_536543405ed8,delivered,none,False,none
evt_5dd860ea77f9,delivered,none,False,none
evt_f68d6da5e9b3,expired,payload_too_large,False,reduce_payload_size
evt_fc36c904eebc,expired,endpoint_deleted,False,contact_customer_endpoint_deleted
evt_eba22bfd61dc,expired,payload_too_large,False,reduce_payload_size
evt_ad428cce1587,expired,payload_too_large,False,reduce_payload_size
evt_44a0558b158d,expired,payload_too_large,False,reduce_payload_size
evt_67897b16d81b,expired,payload_too_large,False,reduce_payload_size
evt_0096c5ae64f3,delivered,none,False,none
evt_b514a18aa6e8,delivered,none,False,none
evt_e55f95e51cd5,expired,endpoint_deleted,False,contact_customer_endpoint_deleted
evt_b93adfe94b75,expired,timeout,True,investigate
evt_1ea2b053f659,expired,endpoint_deleted,False,contact_customer_endpoint_deleted
evt_8183b12322d1,delivered,none,False,none
evt_29b10521afd6,expired,payload_too_large,False,reduce_payload_size
evt_87763eeb8e3e,delivered,none,False,none
evt_4df4ac49b358,expired,payload_too_large,False,reduce_payload_size
evt_125ce37d5967,delivered,none,False,none
evt_c308eb324a17,delivered,none,False,none
evt_9ca61ada96b5,expired,payload_too_large,False,reduce_payload_size
evt_b1985e1c9fd9,delivered,none,False,none
evt_ce0b3d803e7b,delivered,none,False,none
evt_0fb823ef067c,expired,payload_too_large,False,reduce_payload_size
evt_fc9ba3fa97c0,expired,endpoint_deleted,False,contact_customer_endpoint_deleted
evt_78390828c2b0,expired,endpoint_deleted,False,contact_customer_endpoint_deleted
evt_9588ae212d07,expired,payload_too_large,False,reduce_payload_size
evt_98349930913b,delivered,none,False,none
evt_b0c0d2f2c372,expired,endpoint_deleted,False,contact_customer_endpoint_deleted
evt_fe5e1c088ee9,delivered,none,False,none
evt_aeef05a1e0fa,expired,payload_too_large,False,reduce_payload_size
evt_254eff073dd4,delivered,none,False,none
evt_f7ffd416ecd6,expired,payload_too_large,False,reduce_payload_size
evt_c5917092f9f8,delivered,none,False,none
evt_6e9f4dad11fc,delivered,none,False,none
evt_f90516316ef3,delivered,none,False,none
evt_094ed6e855be,expired,replay_without_fix,False,investigate
evt_148f068ce435,delivered,none,False,none
evt_fed7c1aef5ca,expired,payload_too_large,False,reduce_payload_size
evt_c5b0a9d04bfa,delivered,none,False,none
evt_9735f67693c5,delivered,none,False,none
evt_e4df0cc989ef,expired,payload_too_large,False,reduce_payload_size
evt_f8fd49110b6e,expired,payload_too_large,False,reduce_payload_size
evt_a46ba54186a0,expired,payload_too_large,False,reduce_payload_size
evt_8e506cbd5558,expired,payload_too_large,False,reduce_payload_size
evt_099f4417d5bc,expired,payload_too_large,False,reduce_payload_size
evt_d4f659e04b8e,expired,payload_too_large,False,reduce_payload_size
evt_6b729393c78e,delivered,none,False,none
evt_99a49724e76c,expired,endpoint_deleted,False,contact_customer_endpoint_deleted
evt_4a5e50c42cd9,expired,rate_limited,True,apply_exponential_backoff
evt_8121a93c672b,delivered,none,False,none
evt_b514d58b910b,expired,payload_too_large,False,reduce_payload_size
evt_3d90aed16f3f,expired,payload_too_large,False,reduce_payload_size
evt_8cb898cffe86,expired,payload_too_large,False,reduce_payload_size
evt_dace1d161297,delivered,none,False,none
evt_045b9f65b9e5,expired,payload_too_large,False,reduce_payload_size
evt_6c74042d60c9,expired,customer_endpoint_down,True,wait_and_retry
evt_e847e44e3828,expired,customer_endpoint_down,True,wait_and_retry
evt_799270472031,expired,payload_too_large,False,reduce_payload_size
evt_4bb39c677735,expired,payload_too_large,False,reduce_payload_size
evt_65f3625f4025,expired,payload_too_large,False,reduce_payload_size
evt_58c5aa52081d,delivered,none,False,none
evt_f584efd1d297,delivered,none,False,none
evt_514c2971f783,expired,endpoint_deleted,False,contact_customer_endpoint_deleted
evt_725cf1462591,delivered,none,False,none
evt_7dcffbce8657,delivered,none,False,none
evt_7e150fd98c70,delivered,none,False,none
evt_78f6d1e089da,expired,endpoint_deleted,False,contact_customer_endpoint_deleted
evt_831560c643ca,expired,payload_too_large,False,reduce_payload_size
evt_8b52fe19f8ac,delivered,none,False,none
evt_cfe944c651d3,delivered,none,False,none
evt_4937960d2659,expired,payload_too_large,False,reduce_payload_size
evt_80557859d7bc,delivered,none,False,none
evt_0e9728b12c11,expired,endpoint_deleted,False,contact_customer_endpoint_deleted
evt_05eac158102a,delivered,none,False,none
evt_9eb93cb91adf,delivered,none,False,none
evt_9dbf95196f45,delivered,none,False,none
evt_498f7995b8f3,delivered,none,False,none
evt_7c731a825aa3,expired,invalid_signature,True,verify_signature_config
evt_6a396e9fe239,delivered,none,False,none
evt_7ff9678d49a9,delivered,none,False,none
evt_7b8f40c7d21c,expired,payload_too_large,False,reduce_payload_size
evt_5da7e116df49,expired,payload_too_large,False,reduce_payload_size
evt_83ba2908d951,delivered,none,False,none
evt_72c9105f21af,expired,payload_too_large,False,reduce_payload_size
evt_61522bced3ce,expired,malformed_response,True,investigate
evt_63312bf9055d,expired,malformed_response,True,investigate
evt_55793dbbced6,delivered,none,False,none
evt_65a1048f7fe6,expired,payload_too_large,False,reduce_payload_size
evt_153081cd69c8,expired,payload_too_large,False,reduce_payload_size
evt_06f3907e477f,expired,endpoint_deleted,False,contact_customer_endpoint_deleted
evt_15017068c1a5,expired,payload_too_large,False,reduce_payload_size
evt_15133ef9841d,expired,payload_too_large,False,reduce_payload_size
evt_750c933e27af,expired,payload_too_large,False,reduce_payload_size
evt_fd855aef8b89,delivered,none,False,none
evt_55a8245025f7,expired,customer_endpoint_down,True,wait_and_retry
evt_c519525b2729,expired,payload_too_large,False,reduce_payload_size
evt_6bf4560abe5c,expired,payload_too_large,False,reduce_payload_size
evt_43b362be5bb2,delivered,none,False,none
evt_e2247f82de12,delivered,none,False,none
evt_71faadbfbcfd,expired,payload_too_large,False,reduce_payload_size
evt_90a7791c8d73,expired,payload_too_large,False,reduce_payload_size
evt_fc371e9fe322,expired,payload_too_large,False,reduce_payload_size
evt_99c3487eb5d8,expired,payload_too_large,False,reduce_payload_size
evt_165c5e1001b1,expired,payload_too_large,False,reduce_payload_size
evt_7686f136bb26,expired,payload_too_large,False,reduce_payload_size
evt_d76e4f97f4ac,delivered,none,False,none
evt_f2dab208c9ec,expired,payload_too_large,False,reduce_payload_size
evt_c6d96980bfd7,delivered,none,False,none
evt_8f3187bc9705,delivered,none,False,none
evt_9829fa91ee9d,delivered,none,False,none
evt_b903812cf9d6,expired,payload_too_large,False,reduce_payload_size
evt_84940c02b96e,delivered,none,False,none
evt_d5aa0dbe9d86,delivered,none,False,none
evt_a0d5a1dae34f,duplicate,duplicate_event,False,fix_retry_logic
evt_d4e7a5f61dcc,expired,payload_too_large,False,reduce_payload_size
evt_0857ae1327d9,expired,endpoint_deleted,False,contact_customer_endpoint_deleted
evt_f24a00f44344,expired,payload_too_large,False,reduce_payload_size
evt_6bf03b136466,expired,customer_endpoint_down,True,wait_and_retry
evt_6c69ee452e60,expired,endpoint_deleted,False,contact_customer_endpoint_deleted
evt_bfc52a9fbd52,delivered,none,False,none
evt_d4b0194a7dee,expired,payload_too_large,False,reduce_payload_size
evt_0face553b0eb,delivered,none,False,none
evt_08bb5431b27f,expired,endpoint_deleted,False,contact_customer_endpoint_deleted
evt_d5a21103c72d,expired,payload_too_large,False,reduce_payload_size
evt_d6dac5b76764,expired,endpoint_deleted,False,contact_customer_endpoint_deleted
evt_6a39a26b2a59,expired,payload_too_large,False,reduce_payload_size
evt_d080e245fbf2,expired,payload_too_large,False,reduce_payload_size
evt_76a05f96cb0b,expired,payload_too_large,False,reduce_payload_size
evt_e87be7bb93b1,delivered,none,False,none
evt_1525b231ec32,delivered,none,False,none
evt_0f3522bf20f2,expired,endpoint_deleted,False,contact_customer_endpoint_deleted
evt_2328413e391d,delivered,none,False,none
evt_83ad6ceb6f91,expired,payload_too_large,False,reduce_payload_size
evt_94ca33100dc1,expired,payload_too_large,False,reduce_payload_size
evt_77fd7e022cf7,expired,payload_too_large,False,reduce_payload_size
evt_ba7cc6dd12cc,delivered,none,False,none
evt_70cd7a4f4f4f,expired,payload_too_large,False,reduce_payload_size
evt_880044316da5,delivered,none,False,none
evt_877159bb55cc,expired,endpoint_deleted,False,contact_customer_endpoint_deleted
evt_721fbb568fb7,expired,payload_too_large,False,reduce_payload_size
evt_93edfb2ab02b,expired,payload_too_large,False,reduce_payload_size
evt_30b63166f4b8,delivered,none,False,none
evt_13df40966c00,delivered,none,False,none
evt_143752d61708,expired,payload_too_large,False,reduce_payload_size
evt_8ca1d7ea39fc,delivered,none,False,none
evt_e3c78bd9c71c,delivered,none,False,none
evt_59a213789543,delivered,none,False,none
evt_da484ae73d9c,delivered,none,False,none
evt_a0bc0cac5ff8,expired,payload_too_large,False,reduce_payload_size
evt_4a4f81c3af43,expired,endpoint_deleted,False,contact_customer_endpoint_deleted
evt_05b08f680588,delivered,none,False,none
evt_fefd46cc66b3,expired,payload_too_large,False,reduce_payload_size
evt_f3b43a30f701,delivered,none,False,none
evt_03f4eb620bd2,expired,payload_too_large,False,reduce_payload_size
evt_8928991eb855,delivered,none,False,none
evt_728046d9c58b,expired,payload_too_large,False,reduce_payload_size
evt_fcc87ec4d538,delivered,none,False,none
evt_a98589afb954,delivered,none,False,none
evt_82460f5529c3,delivered,none,False,none
evt_af644fcb1065,delivered,none,False,none
evt_016cec01b8a1,expired,payload_too_large,False,reduce_payload_size
evt_49a5663e43db,delivered,none,False,none
evt_b2e579148a71,expired,payload_too_large,False,reduce_payload_size
evt_fcf5b1fd8231,expired,payload_too_large,False,reduce_payload_size
evt_7f2a9bdbfbed,delivered,none,False,none
evt_93035edd0439,delivered,none,False,none
evt_ce3d885f2e36,delivered,none,False,none
evt_47062aee91c5,expired,payload_too_large,False,reduce_payload_size
evt_9ed028b09168,delivered,none,False,none
evt_ed3d9e5ef57d,expired,payload_too_large,False,reduce_payload_size
evt_7641a0b22054,expired,payload_too_large,False,reduce_payload_size
evt_f0d64acd3941,expired,endpoint_deleted,False,contact_customer_endpoint_deleted
evt_ca2b0a8e051b,delivered,none,False,none
evt_31a9ee50a6d1,delivered,none,False,none
evt_9427a06bf0fe,expired,payload_too_large,False,reduce_payload_size
evt_acf26e9650db,delivered,none,False,none
evt_6f003f33e1b1,expired,payload_too_large,False,reduce_payload_size
evt_c64f6aca713e,expired,payload_too_large,False,reduce_payload_size
evt_a11c330f7b64,delivered,none,False,none
evt_3139bfe5ad09,duplicate,duplicate_event,False,fix_retry_logic
evt_aa3c720d9987,delivered,none,False,none
evt_8f5a8d0d66a2,expired,malformed_response,True,investigate
evt_8ac73666427f,expired,endpoint_deleted,False,contact_customer_endpoint_deleted
evt_077c026e6d48,duplicate,duplicate_event,False,fix_retry_logic
evt_1e4d16e44044,delivered,none,False,none
evt_6ac0e7e34eaa,expired,payload_too_large,False,reduce_payload_size
evt_f5d26d8393b1,expired,payload_too_large,False,reduce_payload_size
evt_87ba1ae78773,expired,payload_too_large,False,reduce_payload_size
evt_64231a88b056,delivered,none,False,none
evt_8b9de9edd9dd,delivered,none,False,none
evt_4966b509b632,delivered,none,False,none
evt_a1de557afa59,expired,payload_too_large,False,reduce_payload_size
evt_fd2433feade0,expired,payload_too_large,False,reduce_payload_size
evt_94fb5d1a62e3,delivered,none,False,none
evt_37e3aa648dbf,delivered,none,False,none
evt_35598d26dd79,delivered,none,False,none
evt_649bfcebd60a,expired,payload_too_large,False,reduce_payload_size
evt_baa43487de53,expired,endpoint_deleted,False,contact_customer_endpoint_deleted
evt_98ac19493cc8,delivered,none,False,none
evt_593d56cfe3c9,expired,payload_too_large,False,reduce_payload_size
evt_b1edf85452c9,duplicate,duplicate_event,False,fix_retry_logic
evt_31ec97486c63,delivered,none,False,none
evt_6cedaeb78b48,delivered,none,False,none
evt_4e9343ed0549,delivered,none,False,none
evt_b34957f3209c,delivered,none,False,none
evt_66d3c21a9cf9,expired,endpoint_deleted,False,contact_customer_endpoint_deleted
evt_6750cd3eee4c,expired,payload_too_large,False,reduce_payload_size
evt_22b6fd0b34c9,delivered,none,False,none
evt_bffc4e4c1215,delivered,none,False,none
evt_49cf3f8edd54,expired,endpoint_deleted,False,contact_customer_endpoint_deleted
evt_c5cee286a7f5,delivered,none,False,none
evt_e9ff126a4b36,delivered,none,False,none
evt_3d5154ee9c90,expired,timeout,True,investigate
evt_f95ecd9cc769,delivered,none,False,none
evt_61a8bea02abc,expired,payload_too_large,False,reduce_payload_size
evt_64726dc04d7f,expired,payload_too_large,False,reduce_payload_size
evt_afb4b040d97a,expired,payload_too_large,False,reduce_payload_size
evt_fc526f2c9388,delivered,none,False,none
evt_900d1f383720,delivered,none,False,none
evt_b66376c64e58,delivered,none,False,none
evt_4a9e78bcabd8,expired,rate_limited,True,apply_exponential_backoff
evt_40064cfad1cb,expired,payload_too_large,False,reduce_payload_size
evt_1fd889d5767d,delivered,none,False,none
evt_947ae275b96b,expired,payload_too_large,False,reduce_payload_size
evt_c8d2a1dc03f6,expired,payload_too_large,False,reduce_payload_size
evt_f4f6abb5b154,expired,endpoint_deleted,False,contact_customer_endpoint_deleted
evt_d69c37826e76,expired,replay_without_fix,False,investigate
evt_c592c9cb3380,expired,payload_too_large,False,reduce_payload_size
evt_f277cf71af09,expired,endpoint_deleted,False,contact_customer_endpoint_deleted
evt_f5dfd0bed64b,expired,payload_too_large,False,reduce_payload_size
evt_06fceb8fbc04,expired,payload_too_large,False,reduce_payload_size
evt_6de4c962f553,expired,payload_too_large,False,reduce_payload_size
evt_901a45f0ff3d,expired,payload_too_large,False,reduce_payload_size
evt_2c9b1b06f5b4,delivered,none,False,none
evt_8c0f0986fd68,delivered,none,False,none
evt_a825def9fe9c,delivered,none,False,none
evt_89b9a33ca0bb,expired,payload_too_large,False,reduce_payload_size
evt_d7938816b84a,delivered,none,False,none
evt_1421ee670576,expired,endpoint_deleted,False,contact_customer_endpoint_deleted
evt_39fce8653e49,delivered,none,False,none
evt_30603dcd0980,expired,payload_too_large,False,reduce_payload_size
evt_724ba4f3a8a5,expired,payload_too_large,False,reduce_payload_size
evt_462509302abd,expired,payload_too_large,False,reduce_payload_size
evt_d34bee5f3da1,delivered,none,False,none
evt_30de1bd3f59c,expired,payload_too_large,False,reduce_payload_size
evt_a7c2c00fb775,expired,endpoint_deleted,False,contact_customer_endpoint_deleted
evt_f939efdf1d3b,delivered,none,False,none
evt_5d49f36ac6d6,expired,payload_too_large,False,reduce_payload_size
evt_5f9f04f1ce09,duplicate,duplicate_event,False,fix_retry_logic
evt_1f76eeaf6c55,expired,payload_too_large,False,reduce_payload_size
evt_33ad32a5d18e,expired,payload_too_large,False,reduce_payload_size
evt_e386c6af3db2,expired,payload_too_large,False,reduce_payload_size
evt_0d7f5f2dbf01,expired,endpoint_deleted,False,contact_customer_endpoint_deleted
evt_ba96bc93761d,delivered,none,False,none
evt_16e2b794f2e1,expired,payload_too_large,False,reduce_payload_size
evt_a600229ee95c,expired,payload_too_large,False,reduce_payload_size
evt_2003f47e1ad1,delivered,none,False,none
evt_01721a7eeeae,expired,payload_too_large,False,reduce_payload_size
evt_7798dcef2c31,expired,payload_too_large,False,reduce_payload_size
evt_48b9d54a30cd,delivered,none,False,none
evt_053fd10d1aff,delivered,none,False,none
evt_a334ce886726,recovered,none,False,none
evt_820402362cc5,expired,payload_too_large,False,reduce_payload_size
evt_ed0e397d1cbf,delivered,none,False,none
evt_341818171801,expired,endpoint_deleted,False,contact_customer_endpoint_deleted
evt_b48b3399ee08,delivered,none,False,none
evt_d59bd4501303,expired,replay_without_fix,False,investigate
evt_4a0c0ad86ed3,delivered,none,False,none
evt_afd10f5c8aa1,delivered,none,False,none
evt_0102c4c8f3bb,delivered,none,False,none
evt_5f2d3f214f4d,delivered,none,False,none
evt_ebc5b894fc9f,expired,payload_too_large,False,reduce_payload_size
evt_e626272c4345,expired,endpoint_deleted,False,contact_customer_endpoint_deleted
evt_b5ef476a04f4,delivered,none,False,none
evt_5839ab138c24,expired,payload_too_large,False,reduce_payload_size
evt_6308c70ff09e,expired,payload_too_large,False,reduce_payload_size
evt_da73cd766eef,delivered,none,False,none
evt_0ce6f17e8cfe,delivered,none,False,none
evt_07759c864689,expired,malformed_response,True,investigate
evt_aa49ebd15cfc,expired,payload_too_large,False,reduce_payload_size
evt_7d42ead0fb59,delivered,none,False,none
evt_250d1921dc85,expired,payload_too_large,False,reduce_payload_size
evt_03e1c1fb6111,delivered,none,False,none
evt_72280ec7470b,expired,endpoint_deleted,False,contact_customer_endpoint_deleted
evt_2b77fc02f17b,delivered,none,False,none
evt_9496dde062b8,delivered,none,False,none
evt_1f517863d8f6,delivered,none,False,none
evt_2ddb25dd7cdd,delivered,none,False,none
evt_8513338fa021,expired,payload_too_large,False,reduce_payload_size
evt_cecc876a6547,expired,payload_too_large,False,reduce_payload_size
evt_b93a6b6a8c37,delivered,none,False,none
evt_7cb47b0d950a,expired,endpoint_deleted,False,contact_customer_endpoint_deleted
evt_6eb709a7802a,expired,endpoint_deleted,False,contact_customer_endpoint_deleted
evt_216243e4b0d8,expired,endpoint_deleted,False,contact_customer_endpoint_deleted
evt_24ceb10cf90c,expired,payload_too_large,False,reduce_payload_size
evt_b3bd3e857e55,expired,endpoint_deleted,False,contact_customer_endpoint_deleted
evt_117e7fcf89e1,expired,payload_too_large,False,reduce_payload_size
evt_e1298045f4f3,delivered,none,False,none
evt_07a0367fe835,expired,malformed_response,True,investigate
evt_4891fa6a810e,expired,payload_too_large,False,reduce_payload_size
evt_dde42d445474,delivered,none,False,none
evt_97218643c8ae,delivered,none,False,none
evt_eda44d20af50,expired,payload_too_large,False,reduce_payload_size
evt_169f98d2e7ca,expired,endpoint_deleted,False,contact_customer_endpoint_deleted
evt_76b000797b35,expired,payload_too_large,False,reduce_payload_size
evt_6db27470f3c7,delivered,none,False,none
evt_3fe579d2f679,delivered,none,False,none
evt_438112835325,delivered,none,False,none
evt_1c222f588596,expired,payload_too_large,False,reduce_payload_size
evt_a1e498807195,duplicate,duplicate_event,False,fix_retry_logic
evt_d58efd0b0b83,expired,payload_too_large,False,reduce_payload_size
evt_991fadf2dd3e,expired,payload_too_large,False,reduce_payload_size
evt_b3e15d514f6b,expired,payload_too_large,False,reduce_payload_size
evt_792c653f5f7e,expired,payload_too_large,False,reduce_payload_size
evt_22e5924799fa,delivered,none,False,none
evt_e145a18ee1d1,expired,payload_too_large,False,reduce_payload_size
evt_11634d0b39b7,expired,invalid_signature,True,verify_signature_config
evt_d83a4a53eb10,expired,malformed_response,True,investigate
evt_033306146019,duplicate,duplicate_event,False,fix_retry_logic
evt_a2a16098c230,delivered,none,False,none
evt_b8d23320f2d8,expired,payload_too_large,False,reduce_payload_size
evt_d3bab408b520,expired,endpoint_deleted,False,contact_customer_endpoint_deleted
evt_7ad42769d2ca,delivered,none,False,none
evt_83beb6b8db70,delivered,none,False,none
evt_3f5fc33e618a,delivered,none,False,none
evt_327b24db2c0c,expired,endpoint_deleted,False,contact_customer_endpoint_deleted
evt_da1bcf2c3332,expired,payload_too_large,False,reduce_payload_size
evt_74505a5e0f73,expired,payload_too_large,False,reduce_payload_size
evt_1541a4db28f0,delivered,none,False,none
evt_296f3025d199,expired,endpoint_deleted,False,contact_customer_endpoint_deleted
evt_102017129054,expired,endpoint_deleted,False,contact_customer_endpoint_deleted
evt_32aa7d9bf55d,expired,payload_too_large,False,reduce_payload_size
evt_a802d6e08250,expired,timeout,True,investigate
evt_e79fc41e7241,expired,endpoint_deleted,False,contact_customer_endpoint_deleted
evt_b54b718ff40c,expired,replay_without_fix,False,investigate
evt_555f02b42c8a,expired,payload_too_large,False,reduce_payload_size
evt_55d6a94a4292,expired,payload_too_large,False,reduce_payload_size
evt_3ddd79bb064a,delivered,none,False,none
evt_0507ffb9d8dd,expired,payload_too_large,False,reduce_payload_size
evt_94152f1b81a2,expired,endpoint_deleted,False,contact_customer_endpoint_deleted
evt_c50da9de7530,expired,endpoint_deleted,False,contact_customer_endpoint_deleted
evt_a505863b2a55,expired,malformed_response,True,investigate
evt_6d7edb5a9d17,expired,payload_too_large,False,reduce_payload_size
evt_7103cc50aebc,expired,endpoint_deleted,False,contact_customer_endpoint_deleted
evt_008d330f43d7,delivered,none,False,none
evt_92cce20b1748,expired,payload_too_large,False,reduce_payload_size
evt_2c6ca762de7b,expired,endpoint_deleted,False,contact_customer_endpoint_deleted
evt_0f6ba118309d,expired,payload_too_large,False,reduce_payload_size
evt_0b0a002205e3,expired,payload_too_large,False,reduce_payload_size
evt_b1036e93947e,expired,payload_too_large,False,reduce_payload_size
evt_c9665fbe3d39,expired,endpoint_deleted,False,contact_customer_endpoint_deleted
evt_908df60df7a9,duplicate,duplicate_event,False,fix_retry_logic
evt_ab9d4e2981f6,delivered,none,False,none
evt_7b745219a018,delivered,none,False,none
evt_30e7566e1719,duplicate,duplicate_event,False,fix_retry_logic
evt_171d9e4ded53,expired,payload_too_large,False,reduce_payload_size
evt_0f47b6cf7368,delivered,none,False,none
evt_9160f743d4ca,expired,payload_too_large,False,reduce_payload_size
evt_d498c0182f56,expired,payload_too_large,False,reduce_payload_size
evt_7160640089fe,delivered,none,False,none
evt_e82a5c5f5561,expired,payload_too_large,False,reduce_payload_size
evt_429c400d535a,delivered,none,False,none
evt_92614d9941b8,delivered,none,False,none
evt_74c33ff2d77d,expired,endpoint_deleted,False,contact_customer_endpoint_deleted
evt_11af64e7b511,expired,payload_too_large,False,reduce_payload_size
evt_e7b4233118f7,delivered,none,False,none
evt_530410e09830,delivered,none,False,none
evt_32ce83c8bd14,delivered,none,False,none
evt_fc62bb009bb0,delivered,none,False,none
evt_9d86e01a4e62,delivered,none,False,none
evt_b0fd15fbfb1e,delivered,none,False,none
evt_0882452e0d1d,delivered,none,False,none
evt_eeb03e2c4e17,expired,endpoint_deleted,False,contact_customer_endpoint_deleted
evt_b9b9fe710685,delivered,none,False,none
evt_0e96b12ea9ba,delivered,none,False,none
evt_83ef310c6ec5,delivered,none,False,none
evt_254de20c697a,expired,rate_limited,True,apply_exponential_backoff
evt_a0a8c4d8b018,delivered,none,False,none
evt_5f7923e8a6ae,delivered,none,False,none
evt_0c7dc35b38f6,expired,endpoint_deleted,False,contact_customer_endpoint_deleted
evt_acf387ba2852,expired,payload_too_large,False,reduce_payload_size
evt_649da9a84331,expired,payload_too_large,False,reduce_payload_size
evt_b45200cc4c89,expired,payload_too_large,False,reduce_payload_size
evt_d28b3de39b08,delivered,none,False,none
evt_4ecec213b225,delivered,none,False,none
evt_3c22e8af4bf1,expired,endpoint_deleted,False,contact_customer_endpoint_deleted
evt_c175bb4987e9,expired,payload_too_large,False,reduce_payload_size
evt_fc2569b3a38d,delivered,none,False,none
evt_fe95c118254b,delivered,none,False,none
evt_d2c774a7aa27,delivered,none,False,none
evt_7cb4a8d3a4e7,delivered,none,False,none
evt_4d44f93ef499,delivered,none,False,none
evt_5bc105fbd030,delivered,none,False,none
evt_9edf39d62d53,delivered,none,False,none
evt_123e7979d974,expired,payload_too_large,False,reduce_payload_size
evt_2b4cf056d09e,expired,endpoint_deleted,False,contact_customer_endpoint_deleted
evt_2e2dd8680ba8,delivered,none,False,none
evt_830a91556b1f,expired,payload_too_large,False,reduce_payload_size
evt_de8a64337f3e,delivered,none,False,none
evt_bf665dffbb26,expired,payload_too_large,False,reduce_payload_size
evt_725f37c2b31a,duplicate,duplicate_event,False,fix_retry_logic
evt_32805103d6b5,expired,payload_too_large,False,reduce_payload_size
evt_b887553897bf,expired,payload_too_large,False,reduce_payload_size
evt_57ea2d7dda32,delivered,none,False,none
evt_858442c474ae,expired,payload_too_large,False,reduce_payload_size
evt_49aba6a3d7ce,delivered,none,False,none
evt_61b336062233,delivered,none,False,none
evt_12a90143ee91,expired,endpoint_deleted,False,contact_customer_endpoint_deleted
evt_61b36b778c89,expired,payload_too_large,False,reduce_payload_size
evt_6c5422cca3f8,delivered,none,False,none
evt_75e6f3e2ea41,expired,payload_too_large,False,reduce_payload_size
evt_229d4b6bf924,delivered,none,False,none
evt_5ae8eb41935a,expired,endpoint_deleted,False,contact_customer_endpoint_deleted
evt_b6d1fc209f46,delivered,none,False,none
evt_67dfe5824362,delivered,none,False,none
evt_d4df79c566b8,expired,endpoint_deleted,False,contact_customer_endpoint_deleted
evt_cbc67dd6d596,expired,malformed_response,True,investigate
evt_caeee040252d,delivered,none,False,none
evt_a744a1d765b6,delivered,none,False,none
evt_b5e4a7e6d67a,delivered,none,False,none
evt_1a1654160d15,delivered,none,False,none
evt_37deec002ab8,expired,timeout,True,investigate
evt_30eaa998e735,delivered,none,False,none
evt_1d690d30c252,expired,payload_too_large,False,reduce_payload_size
evt_7dfe388f22d6,expired,endpoint_deleted,False,contact_customer_endpoint_deleted
evt_5a94c00ab499,delivered,none,False,none
evt_760cd4fdb23f,expired,payload_too_large,False,reduce_payload_size
evt_314ceed5b925,expired,replay_without_fix,False,investigate
evt_81b962a07da4,delivered,none,False,none
evt_d9ba2e6f08e6,delivered,none,False,none
evt_60e44613c784,delivered,none,False,none
evt_390b463b621c,duplicate,duplicate_event,False,fix_retry_logic
evt_b06f571c2677,expired,payload_too_large,False,reduce_payload_size
evt_7e090b0ea60f,expired,endpoint_deleted,False,contact_customer_endpoint_deleted
evt_85567c92f5b4,expired,payload_too_large,False,reduce_payload_size
evt_256965c0fba1,delivered,none,False,none
evt_e01f92ee5734,delivered,none,False,none
evt_184fb350dfbd,delivered,none,False,none
evt_174f45cf8940,delivered,none,False,none
evt_e791b586296c,expired,endpoint_deleted,False,contact_customer_endpoint_deleted
evt_d2cd08de10b8,delivered,none,False,none
evt_123da07f1528,expired,endpoint_deleted,False,contact_customer_endpoint_deleted
evt_cb7599263e01,expired,payload_too_large,False,reduce_payload_size
evt_0c23312087e6,delivered,none,False,none
evt_68d5fb2ecbde,delivered,none,False,none
evt_7d074f4c7961,delivered,none,False,none
evt_88e75cde0237,delivered,none,False,none
evt_fa863fb61c69,expired,payload_too_large,False,reduce_payload_size
evt_24b8e6534feb,expired,payload_too_large,False,reduce_payload_size
evt_c45a27b33a63,delivered,none,False,none
evt_0fdcac20f404,delivered,none,False,none
evt_468038e02387,expired,customer_endpoint_down,True,wait_and_retry
evt_69aaab803be1,expired,payload_too_large,False,reduce_payload_size
evt_762c5efbeda3,expired,payload_too_large,False,reduce_payload_size
evt_11ca0e58cf91,expired,payload_too_large,False,reduce_payload_size
evt_f67afae13254,expired,payload_too_large,False,reduce_payload_size
evt_b3e92bec4698,delivered,none,False,none
evt_4e21a688025e,delivered,none,False,none
evt_28b507e2967c,delivered,none,False,none
evt_c17002398245,expired,timeout,True,investigate
evt_f7d4fcd569bb,delivered,none,False,none
evt_e03794d08f86,delivered,none,False,none
evt_1763d412b992,delivered,none,False,none
evt_088efe6c729b,expired,payload_too_large,False,reduce_payload_size
evt_e0074cb7acbf,delivered,none,False,none
evt_2e9c2b26680d,expired,payload_too_large,False,reduce_payload_size
evt_c5df21165da4,delivered,none,False,none
evt_85043caf0fa5,expired,endpoint_deleted,False,contact_customer_endpoint_deleted
evt_1aca28afe588,duplicate,duplicate_event,False,fix_retry_logic
evt_70fc544ef4a7,expired,payload_too_large,False,reduce_payload_size
evt_a47ebab7be22,expired,payload_too_large,False,reduce_payload_size
evt_d4e4ec1d19a4,expired,payload_too_large,False,reduce_payload_size
evt_d091a98f869c,expired,payload_too_large,False,reduce_payload_size
evt_48ee0bb17cbb,delivered,none,False,none
evt_78845577380f,delivered,none,False,none
evt_ebcffdf623d7,expired,payload_too_large,False,reduce_payload_size
evt_df15d72aa963,expired,customer_endpoint_down,True,wait_and_retry
evt_e0db3598d408,delivered,none,False,none
evt_41ee164b836d,expired,payload_too_large,False,reduce_payload_size
evt_396411464e59,duplicate,duplicate_event,False,fix_retry_logic
evt_5364e93504b0,expired,payload_too_large,False,reduce_payload_size
evt_1bab4a2743ca,expired,endpoint_deleted,False,contact_customer_endpoint_deleted
evt_0379ff9f95cb,expired,endpoint_deleted,False,contact_customer_endpoint_deleted
evt_1e8d4ae239fc,expired,malformed_response,True,investigate
evt_09c6fa8679b2,delivered,none,False,none
evt_4cc9a5e069ae,delivered,none,False,none
evt_2c9b7cd42fd2,expired,endpoint_deleted,False,contact_customer_endpoint_deleted
evt_64096288c904,expired,payload_too_large,False,reduce_payload_size
evt_9d37b5ac532a,expired,payload_too_large,False,reduce_payload_size
evt_d33b60b26b37,delivered,none,False,none
evt_79afbfd24dba,expired,malformed_response,True,investigate
evt_c6843b9a0b52,delivered,none,False,none
evt_70792d065a08,expired,payload_too_large,False,reduce_payload_size
evt_843fa8da6bae,expired,payload_too_large,False,reduce_payload_size
evt_6ba2a922ccf4,expired,payload_too_large,False,reduce_payload_size
evt_78bbf3036576,expired,endpoint_deleted,False,contact_customer_endpoint_deleted
evt_db9f704eb5a8,expired,payload_too_large,False,reduce_payload_size
evt_af493f44a752,expired,payload_too_large,False,reduce_payload_size
evt_73999fa77b62,expired,payload_too_large,False,reduce_payload_size
evt_b97da4032a7a,expired,payload_too_large,False,reduce_payload_size
evt_049d37bbf9f1,expired,payload_too_large,False,reduce_payload_size
evt_467f82bca450,delivered,none,False,none
evt_e1fa91622e27,expired,payload_too_large,False,reduce_payload_size
evt_d63600f6214a,expired,endpoint_deleted,False,contact_customer_endpoint_deleted
evt_96841cd72eb1,expired,payload_too_large,False,reduce_payload_size
evt_1a0912e8adec,expired,payload_too_large,False,reduce_payload_size
evt_2e86564e672d,expired,endpoint_deleted,False,contact_customer_endpoint_deleted
evt_71cd025b45ba,delivered,none,False,none
evt_b4c1ea71d1e7,expired,endpoint_deleted,False,contact_customer_endpoint_deleted
evt_27a15ace6a0a,expired,payload_too_large,False,reduce_payload_size
evt_8fbe031e111b,expired,customer_endpoint_down,True,wait_and_retry
evt_9192c1928487,expired,payload_too_large,False,reduce_payload_size
evt_bef841bebe0a,expired,customer_endpoint_down,True,wait_and_retry
evt_6707370b7b62,expired,payload_too_large,False,reduce_payload_size
evt_d6e7b1a94335,expired,endpoint_deleted,False,contact_customer_endpoint_deleted
evt_4ead6105d125,delivered,none,False,none
evt_522e2fea218f,delivered,none,False,none
evt_30ad88d2de2d,delivered,none,False,none
evt_2f1a11bd1177,delivered,none,False,none
evt_ca31d14a4d65,delivered,none,False,none
evt_57b032f8da6f,expired,replay_without_fix,False,investigate
evt_96829c39a719,delivered,none,False,none
evt_3f1315ca196a,delivered,none,False,none
evt_83fe4c396d62,expired,payload_too_large,False,reduce_payload_size
evt_718aac563c5f,expired,payload_too_large,False,reduce_payload_size
evt_d44489c4d12e,expired,payload_too_large,False,reduce_payload_size
evt_58ba1d233788,expired,endpoint_deleted,False,contact_customer_endpoint_deleted
evt_6e11899404dc,delivered,none,False,none
evt_018f3c9f4f48,expired,malformed_response,True,investigate
evt_247b3b19d234,delivered,none,False,none
evt_bb3259c0369a,delivered,none,False,none
evt_0a2f9d011211,expired,payload_too_large,False,reduce_payload_size
evt_dab0764d518c,delivered,none,False,none
evt_ee7a050b0ebd,expired,endpoint_deleted,False,contact_customer_endpoint_deleted
evt_fc321b651909,expired,payload_too_large,False,reduce_payload_size
evt_1a48c9da0f17,expired,payload_too_large,False,reduce_payload_size
evt_cc38d6f72163,expired,payload_too_large,False,reduce_payload_size
evt_a40f90eab251,delivered,none,False,none
evt_5a21e2ff2373,expired,payload_too_large,False,reduce_payload_size
evt_04198cdde05b,delivered,none,False,none
evt_ad4089de8133,duplicate,duplicate_event,False,fix_retry_logic
evt_5536ab2c044d,expired,payload_too_large,False,reduce_payload_size
evt_570f00ce6988,expired,payload_too_large,False,reduce_payload_size
evt_00089fb969ca,expired,payload_too_large,False,reduce_payload_size
evt_6f693821bf2f,expired,endpoint_deleted,False,contact_customer_endpoint_deleted
evt_f5077b6b9659,delivered,none,False,none
evt_b7b819361762,expired,payload_too_large,False,reduce_payload_size
evt_91a34985a3f8,expired,endpoint_deleted,False,contact_customer_endpoint_deleted
evt_6ba4e5b2922c,expired,payload_too_large,False,reduce_payload_size
evt_8693d24ea25c,expired,payload_too_large,False,reduce_payload_size
evt_d4cf92e28146,expired,malformed_response,True,investigate
evt_7a508efa384d,expired,payload_too_large,False,reduce_payload_size
evt_d2bdf231d8da,expired,payload_too_large,False,reduce_payload_size
evt_cf1ac46cd804,expired,payload_too_large,False,reduce_payload_size
evt_23b3f5de9f3b,expired,payload_too_large,False,reduce_payload_size
evt_cec6a5472de5,expired,endpoint_deleted,False,contact_customer_endpoint_deleted
evt_4884d2c9a27a,expired,payload_too_large,False,reduce_payload_size
evt_bebe6e2d807c,delivered,none,False,none
evt_85f23101b6ee,delivered,none,False,none
evt_6b5a16449bbe,delivered,none,False,none
evt_6c7b092f05e8,delivered,none,False,none
evt_d95d2e0b2baf,expired,payload_too_large,False,reduce_payload_size
evt_2ce0b3935724,expired,payload_too_large,False,reduce_payload_size
evt_957f7919e8e3,delivered,none,False,none
evt_b60062914455,expired,timeout,True,investigate
evt_365f170641e5,delivered,none,False,none
evt_a95fe3b59ec6,delivered,none,False,none
evt_5664d9bb1d94,expired,payload_too_large,False,reduce_payload_size
evt_d644cf952bbd,expired,payload_too_large,False,reduce_payload_size
evt_2b836c72dd4e,expired,payload_too_large,False,reduce_payload_size
evt_15b285e2c305,expired,endpoint_deleted,False,contact_customer_endpoint_deleted
evt_b9a26e5401fa,expired,payload_too_large,False,reduce_payload_size
evt_eeff72c34829,expired,payload_too_large,False,reduce_payload_size
evt_1c3d00e7bf77,delivered,none,False,none
evt_b01427cb3121,delivered,none,False,none
evt_f3b4f4b3aa6f,duplicate,duplicate_event,False,fix_retry_logic
evt_60c19bd0f340,delivered,none,False,none
evt_8fb03fd2a625,expired,rate_limited,True,apply_exponential_backoff
evt_b60431955055,delivered,none,False,none
evt_31a7974b1dd8,delivered,none,False,none
evt_92fab5ef6cae,delivered,none,False,none
evt_5f76f3749db5,expired,payload_too_large,False,reduce_payload_size
evt_ddd5a7cc9f15,expired,endpoint_deleted,False,contact_customer_endpoint_deleted
evt_f9115b831a13,delivered,none,False,none
evt_3323d5479296,delivered,none,False,none
evt_9749909fbf06,expired,endpoint_deleted,False,contact_customer_endpoint_deleted
evt_55e68a6ec390,expired,payload_too_large,False,reduce_payload_size
evt_55d78e1d3b55,delivered,none,False,none
evt_3f2fa09c8b52,expired,payload_too_large,False,reduce_payload_size
evt_4c7c05bccc8c,expired,rate_limited,True,apply_exponential_backoff
evt_ff9212a1812a,expired,payload_too_large,False,reduce_payload_size
evt_b280c3ad4b5f,delivered,none,False,none
evt_ae3a5ce3bc47,expired,payload_too_large,False,reduce_payload_size
evt_3f0474d92fe9,delivered,none,False,none
evt_5486cabc1e03,delivered,none,False,none
evt_39bf9c7f4622,expired,payload_too_large,False,reduce_payload_size
evt_78fd968df70b,expired,payload_too_large,False,reduce_payload_size
evt_81d32e471a21,expired,endpoint_deleted,False,contact_customer_endpoint_deleted
evt_df9e4d64ae5b,expired,payload_too_large,False,reduce_payload_size
evt_b77bf6d38d3e,delivered,none,False,none
evt_a7b9734ebafc,delivered,none,False,none
evt_48bd36a74e6c,expired,payload_too_large,False,reduce_payload_size
evt_26cba0ff6c91,expired,payload_too_large,False,reduce_payload_size
evt_bd9527fc03fe,delivered,none,False,none
evt_94755255cd6b,expired,malformed_response,True,investigate
evt_cf0c6e4d53d1,delivered,none,False,none
evt_f7d6922e68b3,expired,payload_too_large,False,reduce_payload_size
evt_7e8aed18d14f,expired,malformed_response,True,investigate
evt_08d26ad63cb7,expired,payload_too_large,False,reduce_payload_size
evt_306b7c66043a,delivered,none,False,none
evt_c5614a589e1d,delivered,none,False,none
evt_431b9e7e5aee,delivered,none,False,none
evt_2211973c97e7,delivered,none,False,none
evt_8cc1ab3dfe9e,delivered,none,False,none
evt_7335f2db51c4,delivered,none,False,none
evt_cc02944f533f,delivered,none,False,none
evt_635124b60ce5,expired,payload_too_large,False,reduce_payload_size
evt_99833e04f37d,expired,payload_too_large,False,reduce_payload_size
evt_703889d238b0,delivered,none,False,none
evt_962005e0b7bc,expired,endpoint_deleted,False,contact_customer_endpoint_deleted
evt_eee5aa2a6d6e,delivered,none,False,none
evt_1f0b29db6a82,expired,endpoint_deleted,False,contact_customer_endpoint_deleted
evt_ef791aa35f78,expired,endpoint_deleted,False,contact_customer_endpoint_deleted
evt_dd6d9fbcfc25,expired,payload_too_large,False,reduce_payload_size
evt_0c7393a64b11,delivered,none,False,none
evt_e17bdebc9b28,delivered,none,False,none
evt_c33e883901a7,delivered,none,False,none
evt_9faaf6954b30,expired,payload_too_large,False,reduce_payload_size
evt_f959af132570,delivered,none,False,none
evt_4ed34af91b55,delivered,none,False,none
evt_9ef16cc78e11,expired,payload_too_large,False,reduce_payload_size
evt_c29fda69f788,expired,payload_too_large,False,reduce_payload_size
evt_d12ddc0596cf,expired,timeout,True,investigate
evt_e325559d6ff3,expired,payload_too_large,False,reduce_payload_size
evt_5020f2d1061b,expired,endpoint_deleted,False,contact_customer_endpoint_deleted
evt_b0f06145f812,delivered,none,False,none
evt_e814751850f3,delivered,none,False,none
evt_8db763ef380b,delivered,none,False,none
evt_4351e674a055,expired,payload_too_large,False,reduce_payload_size
evt_a7430f8d4e87,expired,payload_too_large,False,reduce_payload_size
evt_4824b8d4e844,delivered,none,False,none
evt_b4eac8ed6ed7,expired,payload_too_large,False,reduce_payload_size
evt_a945e65bfb72,expired,payload_too_large,False,reduce_payload_size
evt_aa571e39975a,recovered,none,False,none
evt_be134ceade23,expired,payload_too_large,False,reduce_payload_size
evt_6bf7659fb96a,expired,payload_too_large,False,reduce_payload_size
evt_f82d26a43a7d,expired,payload_too_large,False,reduce_payload_size
evt_55f3feae5973,expired,payload_too_large,False,reduce_payload_size
evt_a054778448f1,expired,payload_too_large,False,reduce_payload_size
evt_c0c570278880,expired,endpoint_deleted,False,contact_customer_endpoint_deleted
evt_503215da8081,expired,payload_too_large,False,reduce_payload_size
evt_64b5a7095aa3,expired,payload_too_large,False,reduce_payload_size
evt_642dbdcbe438,expired,payload_too_large,False,reduce_payload_size
evt_c9902af3c1ac,expired,payload_too_large,False,reduce_payload_size
evt_f0f3269c4fa9,delivered,none,False,none
evt_5729f009ba25,expired,endpoint_deleted,False,contact_customer_endpoint_deleted
evt_60867e639deb,delivered,none,False,none
evt_68acb0deb20f,expired,endpoint_deleted,False,contact_customer_endpoint_deleted
evt_fe5c333b75fd,delivered,none,False,none
evt_bb11ac5dddb5,delivered,none,False,none
evt_d7308b2c2e3b,expired,payload_too_large,False,reduce_payload_size
evt_537a7a47ee9a,expired,payload_too_large,False,reduce_payload_size
evt_5887c0c8a035,expired,payload_too_large,False,reduce_payload_size
evt_b9000f9d077c,expired,endpoint_deleted,False,contact_customer_endpoint_deleted
evt_0c01b933fb81,delivered,none,False,none
evt_485c085fb7c1,expired,payload_too_large,False,reduce_payload_size
evt_08f8a3dde7c6,delivered,none,False,none
evt_d1d073fbf5bc,delivered,none,False,none
evt_ddcd9265b18a,expired,payload_too_large,False,reduce_payload_size
evt_5ed6d913934e,expired,endpoint_deleted,False,contact_customer_endpoint_deleted
evt_3f98fbdb62d8,expired,malformed_response,True,investigate
evt_13b6817bc8d2,expired,payload_too_large,False,reduce_payload_size
evt_be494c9c4b8d,delivered,none,False,none
evt_efb4c36b66f1,expired,payload_too_large,False,reduce_payload_size
evt_a6b0b943e988,expired,endpoint_deleted,False,contact_customer_endpoint_deleted
evt_cb397c7a5ca9,expired,payload_too_large,False,reduce_payload_size
evt_d989a4c2c24f,delivered,none,False,none
evt_a09cbdc9cd51,delivered,none,False,none
evt_ee3234245bcf,delivered,none,False,none
evt_b0136a1c6d62,delivered,none,False,none
evt_aed539e831f9,delivered,none,False,none
evt_74fbf48f9e8e,expired,payload_too_large,False,reduce_payload_size
evt_e98f4a7e774b,expired,payload_too_large,False,reduce_payload_size
evt_4f5dc2fda1e4,expired,payload_too_large,False,reduce_payload_size
evt_f72633e73abd,delivered,none,False,none
evt_b662af83a3d3,delivered,none,False,none
evt_5927d2cedc70,delivered,none,False,none
evt_ef49bc68f8dc,expired,payload_too_large,False,reduce_payload_size
evt_b3e35f7e166f,delivered,none,False,none
evt_14a230f2a51c,delivered,none,False,none
evt_cabda1a1a1f3,delivered,none,False,none
evt_72a3028c6f33,duplicate,duplicate_event,False,fix_retry_logic
evt_82f36c5cd8a1,delivered,none,False,none
evt_9926aa09a6a7,expired,malformed_response,True,investigate
evt_b19689ddd5d5,delivered,none,False,none
evt_c75aa097a563,expired,payload_too_large,False,reduce_payload_size
evt_4bafe313b7e7,duplicate,duplicate_event,False,fix_retry_logic
evt_5f4da264d57e,expired,replay_without_fix,False,investigate
evt_691d870072bf,delivered,none,False,none
evt_da7b68936253,expired,endpoint_deleted,False,contact_customer_endpoint_deleted
evt_d51b577bd2e2,delivered,none,False,none
evt_45967fd1c3cf,expired,endpoint_deleted,False,contact_customer_endpoint_deleted
evt_0d78dc8f9349,expired,replay_without_fix,False,investigate
evt_d72373046cfe,delivered,none,False,none
evt_1aadac59a810,delivered,none,False,none
evt_739eaa58532a,expired,payload_too_large,False,reduce_payload_size
evt_9d27a306da18,expired,payload_too_large,False,reduce_payload_size
evt_a69385efd0f2,expired,payload_too_large,False,reduce_payload_size
evt_527d769c648b,expired,endpoint_deleted,False,contact_customer_endpoint_deleted
evt_27962e9513e7,expired,payload_too_large,False,reduce_payload_size
evt_5063452d34de,delivered,none,False,none
evt_db7dff97a49f,expired,payload_too_large,False,reduce_payload_size
evt_571d1de4fbb3,delivered,none,False,none
evt_7a6be28a7d68,expired,rate_limited,True,apply_exponential_backoff
evt_8697099a58ef,expired,customer_endpoint_down,True,wait_and_retry
evt_1b5b677b7d51,expired,payload_too_large,False,reduce_payload_size
evt_8869587eea0a,expired,rate_limited,True,apply_exponential_backoff
evt_eec9147b27df,expired,payload_too_large,False,reduce_payload_size
evt_e760227798b8,expired,invalid_signature,True,verify_signature_config
evt_e5a5a6a18c71,expired,payload_too_large,False,reduce_payload_size
evt_65c2fa79d7fb,delivered,none,False,none
evt_8063552f027e,expired,endpoint_deleted,False,contact_customer_endpoint_deleted
evt_7b3d660990b6,delivered,none,False,none
evt_deae939141d9,delivered,none,False,none
evt_99e354aa9606,delivered,none,False,none
evt_0d7d8051ca5f,delivered,none,False,none
evt_ff37aff9c749,delivered,none,False,none
evt_8ac3ffebfe89,delivered,none,False,none
evt_137c7032ef11,expired,payload_too_large,False,reduce_payload_size
evt_6491c389f74b,delivered,none,False,none
evt_56b8acc1a963,delivered,none,False,none
evt_fd5781629de9,delivered,none,False,none
evt_5cfe3493b498,expired,payload_too_large,False,reduce_payload_size
evt_3991eb63dc92,recovered,none,False,none
evt_fbf3acbc300e,delivered,none,False,none
evt_8feb6b34e1cf,delivered,none,False,none
evt_9c25b77191e1,expired,payload_too_large,False,reduce_payload_size
evt_f5549f0a9244,delivered,none,False,none
evt_6eb2680800e2,delivered,none,False,none
evt_981171f5e3f3,expired,endpoint_deleted,False,contact_customer_endpoint_deleted
evt_ecdcb0c0044a,expired,payload_too_large,False,reduce_payload_size
evt_4fb048ad92a9,expired,endpoint_deleted,False,contact_customer_endpoint_deleted
evt_fc856e51dde6,expired,payload_too_large,False,reduce_payload_size
evt_cfbc7b2d696d,expired,payload_too_large,False,reduce_payload_size
evt_90aafc2ba465,expired,payload_too_large,False,reduce_payload_size
evt_7cf7cbe18579,expired,payload_too_large,False,reduce_payload_size
evt_e9b537ceac20,delivered,none,False,none
evt_bf93b958b45a,expired,endpoint_deleted,False,contact_customer_endpoint_deleted
evt_b12823819eee,delivered,none,False,none
evt_a77f49e38364,delivered,none,False,none
evt_e766af07132f,expired,payload_too_large,False,reduce_payload_size
evt_88da8c59797d,expired,payload_too_large,False,reduce_payload_size
evt_9070cbc16de3,expired,endpoint_deleted,False,contact_customer_endpoint_deleted
evt_0aa64a66c306,expired,payload_too_large,False,reduce_payload_size
evt_ebc04888b15e,expired,endpoint_deleted,False,contact_customer_endpoint_deleted
evt_42b8565f4627,duplicate,duplicate_event,False,fix_retry_logic
evt_c3f4f7ee3b09,delivered,none,False,none
evt_8f5b50f6f9c0,delivered,none,False,none
evt_a033fdc97cd7,duplicate,duplicate_event,False,fix_retry_logic
evt_7f07d8573824,expired,payload_too_large,False,reduce_payload_size
evt_d121ea41769e,expired,payload_too_large,False,reduce_payload_size
evt_9abc1438300f,delivered,none,False,none
evt_194e8fea2411,expired,payload_too_large,False,reduce_payload_size
evt_df142550b932,duplicate,duplicate_event,False,fix_retry_logic
evt_d125db9554eb,delivered,none,False,none
evt_e6bdae8c682e,expired,payload_too_large,False,reduce_payload_size
evt_5fda2ffd2d21,delivered,none,False,none
evt_902457550972,delivered,none,False,none
evt_f5ee6367571e,expired,payload_too_large,False,reduce_payload_size
evt_a06f04ca813a,expired,endpoint_deleted,False,contact_customer_endpoint_deleted
evt_23ecccecc67a,expired,payload_too_large,False,reduce_payload_size
evt_6d3dd777b6dc,expired,endpoint_deleted,False,contact_customer_endpoint_deleted
evt_521832757a88,expired,payload_too_large,False,reduce_payload_size
evt_45cffd18ffbe,expired,payload_too_large,False,reduce_payload_size
evt_820d5217723b,delivered,none,False,none
evt_86156292244e,expired,payload_too_large,False,reduce_payload_size
evt_fd15c9071f56,delivered,none,False,none
evt_1222b32b4298,expired,payload_too_large,False,reduce_payload_size
evt_3755659aa838,expired,payload_too_large,False,reduce_payload_size
evt_3c1755e6c8c9,expired,payload_too_large,False,reduce_payload_size
evt_abf52c6a64f8,expired,payload_too_large,False,reduce_payload_size
evt_3ae718f160af,expired,endpoint_deleted,False,contact_customer_endpoint_deleted
evt_dc2f4d3ab110,delivered,none,False,none
evt_bfe6450612e4,expired,payload_too_large,False,reduce_payload_size
evt_09a11a05fad6,duplicate,duplicate_event,False,fix_retry_logic
evt_fb8175ebec98,delivered,none,False,none
evt_dcbc72fa7d64,expired,payload_too_large,False,reduce_payload_size
evt_0a73885c082d,expired,payload_too_large,False,reduce_payload_size
evt_ef9229edc2df,delivered,none,False,none
evt_f497a7a484b2,expired,payload_too_large,False,reduce_payload_size
evt_eefacad91717,duplicate,duplicate_event,False,fix_retry_logic
evt_9a638a85d8a6,expired,payload_too_large,False,reduce_payload_size
evt_0a6feb27bdd2,delivered,none,False,none
evt_c9355ea12d93,delivered,none,False,none
evt_8ff605021e87,delivered,none,False,none
evt_981fd0a9b25e,delivered,none,False,none
evt_65c48b4d8f59,expired,payload_too_large,False,reduce_payload_size
evt_7ba8ed130bb2,expired,payload_too_large,False,reduce_payload_size
evt_bfbb13ba72c6,delivered,none,False,none
evt_84ab6a9503f0,duplicate,duplicate_event,False,fix_retry_logic
evt_3ba3b56f01b4,delivered,none,False,none
evt_20bdd1c7b245,delivered,none,False,none
evt_30c8d7fefc1d,delivered,none,False,none
evt_58c5dcb00e1d,delivered,none,False,none
evt_a3b4e92e984a,delivered,none,False,none
evt_2689d67be515,delivered,none,False,none
evt_617c0301304f,delivered,none,False,none
evt_82f26cc99466,expired,payload_too_large,False,reduce_payload_size
evt_c0f52c106f67,delivered,none,False,none
evt_bbeb0b3a5367,delivered,none,False,none
evt_fa0806110711,expired,endpoint_deleted,False,contact_customer_endpoint_deleted
evt_31c671b5c8e3,delivered,none,False,none
evt_7539a78b99f3,expired,payload_too_large,False,reduce_payload_size
evt_28cae82bb86b,delivered,none,False,none
evt_32d7391c8f41,expired,payload_too_large,False,reduce_payload_size
evt_b0043e094a1a,delivered,none,False,none
evt_d55d522dfc73,expired,payload_too_large,False,reduce_payload_size
evt_9d2351d3d63d,expired,payload_too_large,False,reduce_payload_size
evt_abdbdb539be2,expired,payload_too_large,False,reduce_payload_size
evt_cb188f2c94ee,expired,payload_too_large,False,reduce_payload_size
evt_291525d445d4,expired,payload_too_large,False,reduce_payload_size
evt_3af8b24bce0f,expired,invalid_signature,True,verify_signature_config
evt_6d8f9ffb554a,expired,malformed_response,True,investigate
evt_862f6b56863e,delivered,none,False,none
evt_a456c2c51dd3,delivered,none,False,none
evt_eb92cf48170b,delivered,none,False,none
evt_77b9a217d100,delivered,none,False,none
evt_a54fdc62ea06,expired,payload_too_large,False,reduce_payload_size
evt_9435eee18eb8,delivered,none,False,none
evt_73710a121c7d,delivered,none,False,none
evt_207e3704c73f,expired,malformed_response,True,investigate
evt_39211ae0d41c,delivered,none,False,none
evt_2204ee863ab6,delivered,none,False,none
evt_fbaaba288efc,duplicate,duplicate_event,False,fix_retry_logic
evt_c6b131df3f50,delivered,none,False,none
evt_27ca7f991f9b,delivered,none,False,none
evt_cd90f1807aa7,duplicate,duplicate_event,False,fix_retry_logic
evt_7cadc97e8da6,delivered,none,False,none
evt_335bc39faffe,expired,endpoint_deleted,False,contact_customer_endpoint_deleted
evt_ff272aa39f8c,expired,payload_too_large,False,reduce_payload_size
evt_8e2d3d72c834,delivered,none,False,none
evt_494a772ea22f,expired,payload_too_large,False,reduce_payload_size
evt_41f29f337dd3,delivered,none,False,none
evt_d725b0443454,delivered,none,False,none
evt_7a57b08cae91,expired,payload_too_large,False,reduce_payload_size
evt_c6e8c730aacb,expired,payload_too_large,False,reduce_payload_size
evt_61e0d98bfddf,expired,payload_too_large,False,reduce_payload_size
evt_285c6b435167,expired,malformed_response,True,investigate
evt_0e93e688524c,expired,payload_too_large,False,reduce_payload_size
evt_b7a47fc72240,delivered,none,False,none
evt_3c5ef0dfaa50,delivered,none,False,none
evt_849ec1aef333,expired,endpoint_deleted,False,contact_customer_endpoint_deleted
evt_c06ebf001bda,expired,endpoint_deleted,False,contact_customer_endpoint_deleted
evt_9833937fe0bf,delivered,none,False,none
evt_75927f666e6b,delivered,none,False,none
evt_6fcd390895b3,expired,payload_too_large,False,reduce_payload_size
evt_065e807b293e,delivered,none,False,none
evt_a677a823e72a,delivered,none,False,none
evt_e1be7cb2bd5d,delivered,none,False,none
evt_36bf08df12c0,expired,payload_too_large,False,reduce_payload_size
evt_91dd4b61f09f,expired,malformed_response,True,investigate
evt_c22ecb10371c,expired,endpoint_deleted,False,contact_customer_endpoint_deleted
evt_9b5aefa2fa79,delivered,none,False,none
evt_f3d44086bce0,duplicate,duplicate_event,False,fix_retry_logic
evt_9a52dc7e9763,delivered,none,False,none
evt_00e2b820237b,delivered,none,False,none
evt_e0f418bfb77a,expired,payload_too_large,False,reduce_payload_size
evt_c86ba4e61ee4,duplicate,duplicate_event,False,fix_retry_logic
evt_df0eb350e345,delivered,none,False,none
evt_29a20995cb21,expired,endpoint_deleted,False,contact_customer_endpoint_deleted
evt_860456c44427,delivered,none,False,none
evt_1d4d23c3d144,delivered,none,False,none
evt_934c40e47ff8,delivered,none,False,none
evt_c0382645f9ac,expired,payload_too_large,False,reduce_payload_size
evt_aece389c892c,delivered,none,False,none
evt_41807ff072c0,expired,payload_too_large,False,reduce_payload_size
evt_783eab0a522a,expired,payload_too_large,False,reduce_payload_size
evt_a76fb635ba1c,expired,payload_too_large,False,reduce_payload_size
evt_5dac840b0b85,expired,payload_too_large,False,reduce_payload_size
evt_182751ae9566,expired,endpoint_deleted,False,contact_customer_endpoint_deleted
evt_519d836c6946,expired,payload_too_large,False,reduce_payload_size
evt_df0b2c38ab9d,delivered,none,False,none
evt_134a186542d7,expired,payload_too_large,False,reduce_payload_size
evt_dcf26a74c4a3,delivered,none,False,none
evt_cc4112ec4421,delivered,none,False,none
evt_ac731c367412,delivered,none,False,none
evt_19df867897a1,expired,payload_too_large,False,reduce_payload_size
evt_fe8fdf9e287c,delivered,none,False,none
evt_10ecd4299e33,delivered,none,False,none
evt_87fa0af47480,expired,endpoint_deleted,False,contact_customer_endpoint_deleted
evt_85edc203d59c,expired,payload_too_large,False,reduce_payload_size
evt_a98ac012eca0,expired,payload_too_large,False,reduce_payload_size
evt_3f591256462f,expired,payload_too_large,False,reduce_payload_size
evt_f8087e1591b6,delivered,none,False,none
evt_bb72d244614c,expired,payload_too_large,False,reduce_payload_size
evt_897deb687a0d,expired,payload_too_large,False,reduce_payload_size
evt_406053a96be9,duplicate,duplicate_event,False,fix_retry_logic
evt_162dc6829255,expired,endpoint_deleted,False,contact_customer_endpoint_deleted
evt_918b18c4bcdd,expired,endpoint_deleted,False,contact_customer_endpoint_deleted
evt_f3eebd70d63e,delivered,none,False,none
evt_c37a781f095b,expired,payload_too_large,False,reduce_payload_size
evt_e10733ae525e,delivered,none,False,none
evt_1c51e8d6b488,delivered,none,False,none
evt_884ad8d18f5a,delivered,none,False,none
evt_4adae51650b9,expired,endpoint_deleted,False,contact_customer_endpoint_deleted
evt_07393ab8c31b,delivered,none,False,none
evt_79930e5ac026,delivered,none,False,none
evt_d4c48be964ba,delivered,none,False,none
evt_22069279a6ec,delivered,none,False,none
evt_d1f9e568c86b,expired,payload_too_large,False,reduce_payload_size
evt_483d5847e51c,delivered,none,False,none
evt_c1ea24f7b7cf,delivered,none,False,none
evt_bebcd3cfc21b,expired,timeout,True,investigate
evt_7fd57b7a863e,expired,payload_too_large,False,reduce_payload_size
evt_f2d236641ecb,expired,payload_too_large,False,reduce_payload_size
evt_4b80bc32b1c7,recovered,none,False,none
evt_1b5e2d523913,delivered,none,False,none
evt_3ed31879cc3a,delivered,none,False,none
evt_1ba10a64cc27,expired,payload_too_large,False,reduce_payload_size
evt_61cf1ed64ca9,expired,endpoint_deleted,False,contact_customer_endpoint_deleted
evt_c7d0d37ac9fa,duplicate,duplicate_event,False,fix_retry_logic
evt_37c7084f01cc,delivered,none,False,none
evt_211909fa2b1b,expired,payload_too_large,False,reduce_payload_size
evt_7f8208967d3b,expired,payload_too_large,False,reduce_payload_size
evt_e22613694eb0,expired,payload_too_large,False,reduce_payload_size
evt_9e201a8b4cf9,delivered,none,False,none
evt_565d65491c31,expired,payload_too_large,False,reduce_payload_size
evt_7b6f703aa185,expired,payload_too_large,False,reduce_payload_size
evt_070d11676b1c,expired,payload_too_large,False,reduce_payload_size
evt_086ab3802e32,expired,timeout,True,investigate
evt_a8bcdc5aa6c5,expired,payload_too_large,False,reduce_payload_size
evt_c1af01439dbe,delivered,none,False,none
evt_b9638a7f40fd,expired,endpoint_deleted,False,contact_customer_endpoint_deleted
evt_2479e34b2f3d,expired,customer_endpoint_down,True,wait_and_retry
evt_bb99b32eac1c,delivered,none,False,none
evt_7f8b6896a591,delivered,none,False,none
evt_6f121c9d7961,expired,payload_too_large,False,reduce_payload_size
evt_c87742c2087d,expired,payload_too_large,False,reduce_payload_size
evt_1d414750db95,delivered,none,False,none
evt_c85ba8a2bcfa,expired,malformed_response,True,investigate
evt_57a47bf9592b,expired,endpoint_deleted,False,contact_customer_endpoint_deleted
evt_81702725153e,expired,endpoint_deleted,False,contact_customer_endpoint_deleted
evt_d39a617d0f9b,delivered,none,False,none
evt_14ca4bd72bce,expired,payload_too_large,False,reduce_payload_size
evt_9fe314f04e33,expired,payload_too_large,False,reduce_payload_size
evt_18ae9e5bb3a5,expired,payload_too_large,False,reduce_payload_size
evt_cb65ae73150f,delivered,none,False,none
evt_194c383fc0b1,expired,payload_too_large,False,reduce_payload_size
evt_3defc29f6d38,delivered,none,False,none
evt_0600ae7321f9,expired,endpoint_deleted,False,contact_customer_endpoint_deleted
evt_1d2755f41bd7,delivered,none,False,none
evt_28296ebc1ea2,expired,payload_too_large,False,reduce_payload_size
evt_3a507038ef12,delivered,none,False,none
evt_d040877bf826,delivered,none,False,none
evt_601f8b65dd29,delivered,none,False,none
evt_574e3869bc52,delivered,none,False,none
evt_728564a598ce,expired,payload_too_large,False,reduce_payload_size
evt_5a8ed3cf233c,expired,timeout,True,investigate
evt_e7b7c45d857a,expired,endpoint_deleted,False,contact_customer_endpoint_deleted
evt_38a9f038f2ef,expired,payload_too_large,False,reduce_payload_size
evt_fd3b2046a10b,delivered,none,False,none
evt_fe60464d731a,delivered,none,False,none
evt_2208b5ba947f,expired,payload_too_large,False,reduce_payload_size
evt_9a934d1ea2d5,delivered,none,False,none
evt_2304d3dcdaff,expired,payload_too_large,False,reduce_payload_size
evt_364c9c61ef14,delivered,none,False,none
evt_fbd9ece64c91,expired,endpoint_deleted,False,contact_customer_endpoint_deleted
evt_8992692c1963,delivered,none,False,none
evt_6b3313b1848a,delivered,none,False,none
evt_088b39b31a11,delivered,none,False,none
evt_9cc2c7ecdb68,expired,payload_too_large,False,reduce_payload_size
evt_defb42faaa92,delivered,none,False,none
evt_e3f4386357f8,expired,payload_too_large,False,reduce_payload_size
evt_c3fffe62057f,expired,payload_too_large,False,reduce_payload_size
evt_1f159f62f4b6,expired,payload_too_large,False,reduce_payload_size
evt_e27c322d2abb,delivered,none,False,none
evt_2d79de377d34,delivered,none,False,none
evt_b62d4172e161,expired,payload_too_large,False,reduce_payload_size
evt_047e853d006c,delivered,none,False,none
evt_9d30fe4cc5db,expired,timeout,True,investigate
evt_091d97de698c,delivered,none,False,none
evt_a3dcf3cc948b,delivered,none,False,none
evt_f8e3c9d06f58,expired,payload_too_large,False,reduce_payload_size
evt_982d2b46a6b2,expired,payload_too_large,False,reduce_payload_size
evt_ea7e1814f867,expired,payload_too_large,False,reduce_payload_size
evt_e872bc769058,delivered,none,False,none
evt_a7d9c20bfa7b,expired,payload_too_large,False,reduce_payload_size
evt_a9efc9fc9bef,expired,payload_too_large,False,reduce_payload_size
evt_c77b80ff92ed,expired,payload_too_large,False,reduce_payload_size
evt_1e8e621f6c0e,delivered,none,False,none
evt_dbfec8480571,delivered,none,False,none
evt_b37c38b001d6,expired,payload_too_large,False,reduce_payload_size
evt_e508e96ea413,delivered,none,False,none
evt_38301ce474c8,expired,payload_too_large,False,reduce_payload_size
evt_ad2cf53af2b1,expired,endpoint_deleted,False,contact_customer_endpoint_deleted
evt_48d12b402d0f,expired,payload_too_large,False,reduce_payload_size
evt_7a590e102285,delivered,none,False,none
evt_e8748fed21fb,expired,endpoint_deleted,False,contact_customer_endpoint_deleted
evt_4b908f44cb9e,delivered,none,False,none
evt_a9807f058ab5,delivered,none,False,none
evt_b9c7142e0da8,recovered,none,False,none
evt_bae8aace139f,expired,endpoint_deleted,False,contact_customer_endpoint_deleted
evt_88670ca5e97f,delivered,none,False,none
evt_d581616e8474,delivered,none,False,none
evt_be2c9d4616ec,delivered,none,False,none
evt_ee132a412423,expired,payload_too_large,False,reduce_payload_size
evt_75154ad79b54,expired,payload_too_large,False,reduce_payload_size
evt_d3c334f1b421,recovered,none,False,none
evt_2ae6a34487a7,expired,endpoint_deleted,False,contact_customer_endpoint_deleted
evt_8eb38276b29e,delivered,none,False,none
evt_2710a97f8ead,expired,payload_too_large,False,reduce_payload_size
evt_43fca3af7428,delivered,none,False,none
evt_5e8948c50bef,expired,replay_without_fix,False,investigate
evt_af9d13265dbc,expired,payload_too_large,False,reduce_payload_size
evt_43df908ebccd,expired,endpoint_deleted,False,contact_customer_endpoint_deleted
evt_94911e781c6e,expired,payload_too_large,False,reduce_payload_size
evt_da4210b466e7,expired,invalid_signature,True,verify_signature_config
evt_55fff4929444,delivered,none,False,none
evt_923149ce1a10,expired,payload_too_large,False,reduce_payload_size
evt_66bee2baa941,expired,endpoint_deleted,False,contact_customer_endpoint_deleted
evt_53e4903ff42e,expired,payload_too_large,False,reduce_payload_size
evt_63f0c54d1c1e,delivered,none,False,none
evt_1b941cf784fe,delivered,none,False,none
evt_1c4fe572d4df,expired,endpoint_deleted,False,contact_customer_endpoint_deleted
evt_360a50f89e04,delivered,none,False,none
evt_a9fa411e4d92,expired,payload_too_large,False,reduce_payload_size
evt_9260c280e353,expired,endpoint_deleted,False,contact_customer_endpoint_deleted
evt_be8494af9d52,duplicate,duplicate_event,False,fix_retry_logic
evt_d866d687be5d,delivered,none,False,none
evt_e8b24936db99,delivered,none,False,none
evt_70e7aa87c0c8,expired,customer_endpoint_down,True,wait_and_retry
evt_46bd69449521,expired,payload_too_large,False,reduce_payload_size
evt_961ee3de8a1d,delivered,none,False,none
evt_4adfe40135f3,expired,payload_too_large,False,reduce_payload_size
evt_9565e480137a,expired,payload_too_large,False,reduce_payload_size
evt_fe2d304992e5,delivered,none,False,none
evt_1ee0ec352258,delivered,none,False,none
evt_f9ed32213b02,delivered,none,False,none
evt_48b3bcbeb7a9,delivered,none,False,none
evt_7ed143fe64d2,expired,endpoint_deleted,False,contact_customer_endpoint_deleted
evt_4a91da1068be,expired,payload_too_large,False,reduce_payload_size
evt_b8f90ddb0707,delivered,none,False,none
evt_99d621339524,expired,payload_too_large,False,reduce_payload_size
evt_7cfa20da27f5,expired,endpoint_deleted,False,contact_customer_endpoint_deleted
evt_5e827a21eba7,delivered,none,False,none
evt_52a0273159a9,recovered,none,False,none
evt_a1591f201f65,expired,endpoint_deleted,False,contact_customer_endpoint_deleted
evt_f74ac904a489,delivered,none,False,none
evt_bec83ead7b7d,delivered,none,False,none
evt_3a112ce2dada,delivered,none,False,none
evt_e7819c71a658,delivered,none,False,none
evt_9519ca46705e,delivered,none,False,none
evt_778b96813c2c,expired,endpoint_deleted,False,contact_customer_endpoint_deleted
evt_d750039446fd,expired,payload_too_large,False,reduce_payload_size
evt_a0629aca408e,expired,payload_too_large,False,reduce_payload_size
evt_f5bc7a9184cf,expired,replay_without_fix,False,investigate
evt_a7ca5328cd17,expired,payload_too_large,False,reduce_payload_size
evt_8d9c2ccc37f1,expired,payload_too_large,False,reduce_payload_size
evt_9de117812234,duplicate,duplicate_event,False,fix_retry_logic
evt_f7e239a33132,delivered,none,False,none
evt_62c30ba4761e,delivered,none,False,none
evt_761911a44ffe,expired,payload_too_large,False,reduce_payload_size
evt_48b5a2631f94,duplicate,duplicate_event,False,fix_retry_logic
evt_19eb079421a6,expired,endpoint_deleted,False,contact_customer_endpoint_deleted
evt_b64c17a35fb5,delivered,none,False,none
evt_1931b435b381,delivered,none,False,none
evt_192af77e6bda,delivered,none,False,none
evt_83f61fd9dc10,expired,payload_too_large,False,reduce_payload_size
evt_9fc91829f336,delivered,none,False,none
evt_e447b9a4242f,delivered,none,False,none
evt_bd39da86022e,expired,payload_too_large,False,reduce_payload_size
evt_9db8536f10cd,expired,payload_too_large,False,reduce_payload_size
evt_888f7e4a52e7,delivered,none,False,none
evt_9028db9d9760,delivered,none,False,none
evt_14865cd578e2,expired,payload_too_large,False,reduce_payload_size
evt_6f253cb3b88c,delivered,none,False,none
evt_3569c247e60b,delivered,none,False,none
evt_43e85a81ab6c,expired,payload_too_large,False,reduce_payload_size
evt_e42661ea6461,expired,payload_too_large,False,reduce_payload_size
evt_769238106ce0,expired,payload_too_large,False,reduce_payload_size
evt_97e47fd4b0ae,delivered,none,False,none
evt_b1ff0bdc8190,expired,payload_too_large,False,reduce_payload_size
evt_58ccf0db96b1,delivered,none,False,none
evt_b7b7d28bbcca,expired,payload_too_large,False,reduce_payload_size
evt_0ddbe891e2f5,delivered,none,False,none
evt_dc9eedc0e740,expired,endpoint_deleted,False,contact_customer_endpoint_deleted
evt_2899d7b51096,delivered,none,False,none
evt_574eb4bac989,expired,endpoint_deleted,False,contact_customer_endpoint_deleted
evt_2431b255eb09,expired,payload_too_large,False,reduce_payload_size
evt_4a6c696bed95,expired,payload_too_large,False,reduce_payload_size
evt_acdcbcea1313,delivered,none,False,none
evt_4d6f09384b94,delivered,none,False,none
evt_8b681c9fb5ad,expired,payload_too_large,False,reduce_payload_size
evt_5ca4d8011382,expired,payload_too_large,False,reduce_payload_size
evt_d4b414839e81,expired,replay_without_fix,False,investigate
evt_6a9e6e7531dd,delivered,none,False,none
evt_514546b8dba8,expired,endpoint_deleted,False,contact_customer_endpoint_deleted
evt_3c2434e69f32,expired,payload_too_large,False,reduce_payload_size
evt_794771701646,expired,payload_too_large,False,reduce_payload_size
evt_b35f39d4205f,delivered,none,False,none
evt_17b9c350fa75,expired,payload_too_large,False,reduce_payload_size
evt_7a546e3d0d09,expired,payload_too_large,False,reduce_payload_size
evt_ac5512eb7ee3,expired,payload_too_large,False,reduce_payload_size
evt_dc41621acd7f,expired,payload_too_large,False,reduce_payload_size
evt_4f2b76ec4b82,delivered,none,False,none
evt_c7bb8f0604ed,expired,payload_too_large,False,reduce_payload_size
evt_1038fc27a0d5,delivered,none,False,none
evt_9c51f3b51702,expired,endpoint_deleted,False,contact_customer_endpoint_deleted
evt_fc1ed41509e6,duplicate,duplicate_event,False,fix_retry_logic
evt_9193657ee3de,delivered,none,False,none
evt_837837681721,delivered,none,False,none
evt_9dae9777dbf1,expired,endpoint_deleted,False,contact_customer_endpoint_deleted
evt_df0fe2128197,expired,endpoint_deleted,False,contact_customer_endpoint_deleted
evt_1878e25e0929,delivered,none,False,none
evt_293f81a9d695,expired,payload_too_large,False,reduce_payload_size
evt_70cf9f34a0cf,expired,payload_too_large,False,reduce_payload_size
evt_48e41710b7bd,expired,payload_too_large,False,reduce_payload_size
evt_75c7b1aba8aa,delivered,none,False,none
evt_99c63b35d70a,expired,payload_too_large,False,reduce_payload_size
evt_03718292a17f,expired,payload_too_large,False,reduce_payload_size
evt_72a57b638f14,delivered,none,False,none
evt_9a3234598c59,delivered,none,False,none
evt_682b001914a9,expired,payload_too_large,False,reduce_payload_size
evt_16b78a7ae33a,delivered,none,False,none
evt_a4bfb495f95e,delivered,none,False,none
evt_397a616dbba6,delivered,none,False,none
evt_0f03c333e2b9,expired,endpoint_deleted,False,contact_customer_endpoint_deleted
evt_56d24b9f0328,expired,payload_too_large,False,reduce_payload_size
evt_37eed9429673,expired,invalid_signature,True,verify_signature_config
evt_dbc07cd74986,expired,payload_too_large,False,reduce_payload_size
evt_4c8c2d63c5c9,expired,payload_too_large,False,reduce_payload_size
evt_863ec5b18ead,duplicate,duplicate_event,False,fix_retry_logic
evt_166edc74f225,delivered,none,False,none
evt_e0c6453f2128,expired,payload_too_large,False,reduce_payload_size
evt_3070c422b0f5,expired,timeout,True,investigate
evt_ccbdfb8786ff,delivered,none,False,none
evt_84908ae29240,expired,endpoint_deleted,False,contact_customer_endpoint_deleted
evt_38d3cc61122d,delivered,none,False,none
evt_273278e9fcbd,delivered,none,False,none
evt_7ab437c9e745,delivered,none,False,none
evt_a545707328c8,expired,endpoint_deleted,False,contact_customer_endpoint_deleted
evt_8cb44339a087,delivered,none,False,none
evt_d6ca0d395aee,expired,payload_too_large,False,reduce_payload_size
evt_c15c6c838d81,delivered,none,False,none
evt_337511483399,expired,payload_too_large,False,reduce_payload_size
evt_d3cb28b487d1,expired,payload_too_large,False,reduce_payload_size
evt_1a28ed11cf04,expired,endpoint_deleted,False,contact_customer_endpoint_deleted
evt_8fce45f39a00,expired,payload_too_large,False,reduce_payload_size
evt_3049ead22c88,delivered,none,False,none
evt_682a3ce46b85,expired,endpoint_deleted,False,contact_customer_endpoint_deleted
evt_81a737f89879,expired,payload_too_large,False,reduce_payload_size
evt_b7bd8fa66765,delivered,none,False,none
evt_53e521bd2b3f,delivered,none,False,none
evt_f6c210ceffc7,delivered,none,False,none
evt_4217ad4f61d9,delivered,none,False,none
evt_7b4402264055,delivered,none,False,none
evt_7eb83a7ff6b8,delivered,none,False,none
evt_b205f078b30b,expired,customer_endpoint_down,True,wait_and_retry
evt_c659a372d2f8,expired,payload_too_large,False,reduce_payload_size
evt_ffc1a5ab734a,expired,endpoint_deleted,False,contact_customer_endpoint_deleted
evt_fec89514aa48,expired,payload_too_large,False,reduce_payload_size
evt_b8b1cfaef19a,expired,payload_too_large,False,reduce_payload_size
evt_02bedf05a40a,delivered,none,False,none
evt_ed94cf8e355b,expired,payload_too_large,False,reduce_payload_size
evt_ac929c36a0eb,expired,payload_too_large,False,reduce_payload_size
evt_5af01bc26c36,expired,payload_too_large,False,reduce_payload_size
evt_9e3cc97ffec4,delivered,none,False,none
evt_225229743445,expired,endpoint_deleted,False,contact_customer_endpoint_deleted
evt_e5027cd650d2,delivered,none,False,none
evt_b485ea978cc5,delivered,none,False,none
evt_552f1df889d7,expired,endpoint_deleted,False,contact_customer_endpoint_deleted
evt_956621d7dc8a,expired,endpoint_deleted,False,contact_customer_endpoint_deleted
evt_f2cf43c5460b,delivered,none,False,none
evt_8df8e6b0c3a5,delivered,none,False,none
evt_e134df3e644d,expired,endpoint_deleted,False,contact_customer_endpoint_deleted
evt_a0c62c662f54,delivered,none,False,none
evt_c41177f4fb21,expired,payload_too_large,False,reduce_payload_size
evt_d35471073205,delivered,none,False,none
evt_cb9389d777a3,expired,payload_too_large,False,reduce_payload_size
evt_6eacbe093256,recovered,none,False,none
evt_fd85150a4daf,expired,endpoint_deleted,False,contact_customer_endpoint_deleted
evt_a6c8f11dbd67,expired,payload_too_large,False,reduce_payload_size
evt_cdc5dd071190,delivered,none,False,none
evt_f9de094e9846,duplicate,duplicate_event,False,fix_retry_logic
evt_03b62f712c27,expired,payload_too_large,False,reduce_payload_size
evt_0d5fd30dab47,expired,payload_too_large,False,reduce_payload_size
evt_c7eeb58c77d9,delivered,none,False,none
evt_aa07c46a4142,expired,payload_too_large,False,reduce_payload_size
evt_400d7d8396fb,expired,endpoint_deleted,False,contact_customer_endpoint_deleted
evt_be0219414270,expired,endpoint_deleted,False,contact_customer_endpoint_deleted
evt_5e494c9c211a,expired,payload_too_large,False,reduce_payload_size
evt_aafa20d94c9a,delivered,none,False,none
evt_709c54d2e239,duplicate,duplicate_event,False,fix_retry_logic
evt_6113181316e5,expired,payload_too_large,False,reduce_payload_size
evt_e4f29054c6d5,recovered,none,False,none
evt_6189163d5a0c,delivered,none,False,none
evt_1579c0fa7fd5,expired,payload_too_large,False,reduce_payload_size
evt_8a24c1f611ed,expired,endpoint_deleted,False,contact_customer_endpoint_deleted
evt_772dbe3f6fa5,expired,payload_too_large,False,reduce_payload_size
evt_6736d2100206,delivered,none,False,none
evt_6677c9a84b1d,expired,endpoint_deleted,False,contact_customer_endpoint_deleted
evt_b10980736e57,delivered,none,False,none
evt_2b78bb853311,expired,endpoint_deleted,False,contact_customer_endpoint_deleted
evt_6d3bcf20f2bf,duplicate,duplicate_event,False,fix_retry_logic
evt_24c9a28cb959,delivered,none,False,none
evt_9056ace36eae,delivered,none,False,none
evt_5b6fd3395951,delivered,none,False,none
evt_a6e5bd2cb516,expired,payload_too_large,False,reduce_payload_size
evt_33827d51c0b0,delivered,none,False,none
evt_f5d3c08ab909,expired,payload_too_large,False,reduce_payload_size
evt_fd183fc647ea,delivered,none,False,none
evt_878952cdce3a,expired,endpoint_deleted,False,contact_customer_endpoint_deleted
evt_dae687c8a8b8,delivered,none,False,none
evt_a4b18fa3bb24,expired,payload_too_large,False,reduce_payload_size
evt_7ed83d1fff09,expired,endpoint_deleted,False,contact_customer_endpoint_deleted
evt_e37eb27cc4df,expired,payload_too_large,False,reduce_payload_size
evt_d222bdb3e7d0,expired,payload_too_large,False,reduce_payload_size
evt_d4596123e262,expired,payload_too_large,False,reduce_payload_size
evt_adb735163635,duplicate,duplicate_event,False,fix_retry_logic
evt_56462cdb6aba,expired,payload_too_large,False,reduce_payload_size
evt_9eebb6b5c618,delivered,none,False,none
evt_a8c0a4aba5ef,recovered,none,False,none
evt_77fcd93ededf,expired,payload_too_large,False,reduce_payload_size
evt_8c5d83fa6615,expired,endpoint_deleted,False,contact_customer_endpoint_deleted
evt_9c6505438be1,delivered,none,False,none
evt_541a557a6b23,expired,payload_too_large,False,reduce_payload_size
evt_5a67e3141663,expired,payload_too_large,False,reduce_payload_size
evt_bc3a7e6f7051,expired,payload_too_large,False,reduce_payload_size
evt_fea17623dc57,expired,endpoint_deleted,False,contact_customer_endpoint_deleted
evt_0952a827450e,expired,payload_too_large,False,reduce_payload_size
evt_620df48268bb,delivered,none,False,none
evt_afcf8df72505,expired,payload_too_large,False,reduce_payload_size
evt_b61bd5e8269d,expired,endpoint_deleted,False,contact_customer_endpoint_deleted
evt_c5663b731ee4,recovered,none,False,none
evt_abcff88fe526,expired,endpoint_deleted,False,contact_customer_endpoint_deleted
evt_05c8b8c7ab97,expired,payload_too_large,False,reduce_payload_size
evt_1bc7e21bf823,delivered,none,False,none
evt_e979a9b27966,expired,rate_limited,True,apply_exponential_backoff
evt_7ba31dd63829,expired,payload_too_large,False,reduce_payload_size
evt_0fc92ff07879,delivered,none,False,none
evt_4e6f801fbf24,delivered,none,False,none
evt_b76399599419,expired,payload_too_large,False,reduce_payload_size
evt_05f32dbf853d,delivered,none,False,none
evt_e8aa1362acc2,delivered,none,False,none
evt_a9f7ef311d91,delivered,none,False,none
evt_6ee68f7e6a24,expired,payload_too_large,False,reduce_payload_size
evt_c37e7e809303,delivered,none,False,none
evt_e6bda2c0c548,delivered,none,False,none
evt_a3d6ecb29055,expired,payload_too_large,False,reduce_payload_size
evt_acf677ed3a53,delivered,none,False,none
evt_ae65ecd6dc09,delivered,none,False,none
evt_b9ac4856160f,delivered,none,False,none
evt_5b3103667652,expired,payload_too_large,False,reduce_payload_size
evt_b889f253a5d1,expired,payload_too_large,False,reduce_payload_size
evt_19da54c6c598,expired,payload_too_large,False,reduce_payload_size
evt_d2b42948f990,expired,endpoint_deleted,False,contact_customer_endpoint_deleted
evt_d9cf97df8f30,delivered,none,False,none
evt_06c5a99e343f,delivered,none,False,none
evt_8f0535f9315e,expired,payload_too_large,False,reduce_payload_size
evt_abf2d27fe842,delivered,none,False,none
evt_f9ff9b915bad,delivered,none,False,none
evt_414e57cc1813,expired,endpoint_deleted,False,contact_customer_endpoint_deleted
evt_b9fc131161f6,delivered,none,False,none
evt_e7bf74f7e3d2,expired,payload_too_large,False,reduce_payload_size
evt_58a59d0975cf,delivered,none,False,none
evt_4f375a0ae0f6,delivered,none,False,none
evt_3ae053e383ad,expired,payload_too_large,False,reduce_payload_size
evt_ca7fef305a0d,expired,payload_too_large,False,reduce_payload_size
evt_5804abcca3ff,delivered,none,False,none
evt_3041714c0a55,expired,endpoint_deleted,False,contact_customer_endpoint_deleted
evt_d264288a2aa6,delivered,none,False,none
evt_2fe2cc0ef698,expired,payload_too_large,False,reduce_payload_size
evt_63bd05558ffe,expired,payload_too_large,False,reduce_payload_size
evt_a4ec45d83a9a,delivered,none,False,none
evt_cfc300208018,delivered,none,False,none
evt_888a2c945397,delivered,none,False,none
evt_3cbc6be1651d,delivered,none,False,none
evt_f90d158160a1,delivered,none,False,none
evt_bbaec657d88d,delivered,none,False,none
evt_99a4b1abb57c,expired,payload_too_large,False,reduce_payload_size
evt_d213e455a62a,expired,payload_too_large,False,reduce_payload_size
evt_5dd1b55a4553,delivered,none,False,none
evt_147fc45d79c6,delivered,none,False,none
evt_5df1d176740e,expired,endpoint_deleted,False,contact_customer_endpoint_deleted
evt_61a02aa49a62,delivered,none,False,none
evt_a009781d3ad2,delivered,none,False,none
evt_4b5bc48130ac,expired,rate_limited,True,apply_exponential_backoff
evt_612f3a11c079,expired,customer_endpoint_down,True,wait_and_retry
evt_9f34d125d91a,delivered,none,False,none
evt_525d72f3cdc8,delivered,none,False,none
evt_e187272131de,expired,payload_too_large,False,reduce_payload_size
evt_6db4bb44b8d5,delivered,none,False,none
evt_fc6e5ce580cb,expired,endpoint_deleted,False,contact_customer_endpoint_deleted
evt_e6bb0f2d7d07,delivered,none,False,none
evt_631f24e44d7a,expired,timeout,True,investigate
evt_073a5885f5d3,delivered,none,False,none
evt_f71a526c7820,delivered,none,False,none
evt_f3c542294274,delivered,none,False,none
evt_5102757d1c05,expired,payload_too_large,False,reduce_payload_size
evt_07a42d5a0f54,delivered,none,False,none
evt_900157663fa8,expired,payload_too_large,False,reduce_payload_size
evt_b00e808ed1c1,duplicate,duplicate_event,False,fix_retry_logic
evt_4276ce3c1a35,expired,payload_too_large,False,reduce_payload_size
evt_75a3b9972850,expired,payload_too_large,False,reduce_payload_size
evt_7c40bce061de,expired,customer_endpoint_down,True,wait_and_retry
evt_01ae119967e4,expired,endpoint_deleted,False,contact_customer_endpoint_deleted
evt_5a6769d18c29,expired,payload_too_large,False,reduce_payload_size
evt_8c7c29e5ef41,expired,endpoint_deleted,False,contact_customer_endpoint_deleted
evt_4cf414afe8d8,expired,payload_too_large,False,reduce_payload_size
evt_4497aebf51c6,delivered,none,False,none
evt_60a0686e70ad,delivered,none,False,none
evt_cb1d98739643,delivered,none,False,none
evt_52f6dc6855df,expired,payload_too_large,False,reduce_payload_size
evt_a8617a89f2d9,expired,payload_too_large,False,reduce_payload_size
evt_ba1482a2743a,delivered,none,False,none
evt_d812dbe69d2f,expired,payload_too_large,False,reduce_payload_size
evt_d244bdd5c02a,expired,payload_too_large,False,reduce_payload_size
evt_ae0949953cae,expired,timeout,True,investigate
evt_914e99a4eb4e,expired,payload_too_large,False,reduce_payload_size
evt_20b3b3f4efcc,delivered,none,False,none
evt_1bff214790c1,expired,payload_too_large,False,reduce_payload_size
evt_926069fb0f2b,expired,payload_too_large,False,reduce_payload_size
evt_cf9d45eab293,delivered,none,False,none
evt_f305f9fd2919,delivered,none,False,none
evt_ef8ec9aa0bb0,expired,payload_too_large,False,reduce_payload_size
evt_03ca29c0d6f3,expired,endpoint_deleted,False,contact_customer_endpoint_deleted
evt_b68512ecd2bb,delivered,none,False,none
evt_41a4e3ae8bbf,delivered,none,False,none
evt_c165d4c58f2c,expired,timeout,True,investigate
evt_15ed60854b3d,expired,payload_too_large,False,reduce_payload_size
evt_5c87983579e8,expired,payload_too_large,False,reduce_payload_size
evt_bf5eb4834bee,delivered,none,False,none
evt_7e78b4aef3d2,delivered,none,False,none
evt_3ca4ea443e05,delivered,none,False,none
evt_80ded3b9def4,delivered,none,False,none
evt_408e3451afb8,delivered,none,False,none
evt_1102104a28e6,expired,malformed_response,True,investigate
evt_5ccd42b2c1f7,expired,payload_too_large,False,reduce_payload_size
evt_d8b47185a841,expired,endpoint_deleted,False,contact_customer_endpoint_deleted
evt_666c35c0b570,expired,payload_too_large,False,reduce_payload_size
evt_6636ea73592a,expired,payload_too_large,False,reduce_payload_size
evt_7522e1e14268,delivered,none,False,none
evt_2c98d92280e2,delivered,none,False,none
evt_60e56fb7acf8,delivered,none,False,none
evt_0cb8882c5cab,delivered,none,False,none
evt_5c6c3de9494c,delivered,none,False,none
evt_b652fe754ced,expired,endpoint_deleted,False,contact_customer_endpoint_deleted
evt_90a44b32f944,duplicate,duplicate_event,False,fix_retry_logic
evt_b7b6645c5edf,delivered,none,False,none
evt_fb3992b6cced,delivered,none,False,none
evt_ffa542995237,expired,endpoint_deleted,False,contact_customer_endpoint_deleted
evt_db2af7197771,delivered,none,False,none
evt_51e67062e519,expired,timeout,True,investigate
evt_2bfe44a0c73e,expired,endpoint_deleted,False,contact_customer_endpoint_deleted
evt_978c393de24c,expired,endpoint_deleted,False,contact_customer_endpoint_deleted
evt_d673e73f5026,expired,payload_too_large,False,reduce_payload_size
evt_a0d09a2a57c9,expired,payload_too_large,False,reduce_payload_size
evt_863480de1270,expired,endpoint_deleted,False,contact_customer_endpoint_deleted
evt_cb24707b77fc,expired,payload_too_large,False,reduce_payload_size
evt_d66c525f99fc,expired,payload_too_large,False,reduce_payload_size
evt_f4bd52f81e0e,duplicate,duplicate_event,False,fix_retry_logic
evt_1ebf9e612101,expired,payload_too_large,False,reduce_payload_size
evt_aac723939ce7,expired,payload_too_large,False,reduce_payload_size
evt_fedf1a9b547e,expired,payload_too_large,False,reduce_payload_size
evt_07194b31a6a7,expired,customer_endpoint_down,True,wait_and_retry
evt_da0b3b70013f,delivered,none,False,none
evt_4cf273108511,delivered,none,False,none
evt_8ef74bfac7d2,expired,endpoint_deleted,False,contact_customer_endpoint_deleted
evt_f9ef5a930a6f,delivered,none,False,none
evt_feb8ceffbd36,delivered,none,False,none
evt_cb1ea3dd17c7,delivered,none,False,none
evt_3929a8502ae6,delivered,none,False,none
evt_b0b3dd013038,delivered,none,False,none
evt_b51411d4887e,delivered,none,False,none
evt_e77df006b42f,delivered,none,False,none
evt_769750107856,expired,payload_too_large,False,reduce_payload_size
evt_107d3b70c4e5,expired,payload_too_large,False,reduce_payload_size
evt_c4e82ae8249f,expired,payload_too_large,False,reduce_payload_size
evt_5b0b33683b69,delivered,none,False,none
evt_d7f79f51d637,expired,payload_too_large,False,reduce_payload_size
evt_e1b064c72691,expired,malformed_response,True,investigate
evt_da6ae73c845d,delivered,none,False,none
evt_2a2463086d3b,delivered,none,False,none
evt_12164df2cea2,expired,payload_too_large,False,reduce_payload_size
evt_f0d758d2dd81,expired,endpoint_deleted,False,contact_customer_endpoint_deleted
evt_48ba33c1ea7f,delivered,none,False,none
evt_c93499829e58,expired,payload_too_large,False,reduce_payload_size
evt_aa6b53ebe31b,delivered,none,False,none
evt_e462380c2725,expired,rate_limited,True,apply_exponential_backoff
evt_9a8436f2f6e9,expired,endpoint_deleted,False,contact_customer_endpoint_deleted
evt_b7fdccbf574f,expired,payload_too_large,False,reduce_payload_size
evt_9db6948842d8,expired,endpoint_deleted,False,contact_customer_endpoint_deleted
evt_9d2a522cfdf7,expired,payload_too_large,False,reduce_payload_size
evt_0ad8c5336dd2,delivered,none,False,none
evt_442ae4315c4c,delivered,none,False,none
evt_ce634e830c06,delivered,none,False,none
evt_b5c2a3be452f,expired,replay_without_fix,False,investigate
evt_53dea4caab59,expired,payload_too_large,False,reduce_payload_size
evt_a1a5a69f418a,expired,endpoint_deleted,False,contact_customer_endpoint_deleted
evt_6b4e4683dd6d,delivered,none,False,none
evt_70b3cb81b45d,expired,payload_too_large,False,reduce_payload_size
evt_7db615b4556f,duplicate,duplicate_event,False,fix_retry_logic
evt_110994a18200,expired,endpoint_deleted,False,contact_customer_endpoint_deleted
evt_48c366e52cbe,delivered,none,False,none
evt_ed4df0441f07,expired,payload_too_large,False,reduce_payload_size
evt_b34e698ec299,expired,payload_too_large,False,reduce_payload_size
evt_cc282e909368,delivered,none,False,none
evt_3ecdfb061562,expired,endpoint_deleted,False,contact_customer_endpoint_deleted
evt_48a80dc582f3,expired,payload_too_large,False,reduce_payload_size
evt_4909e8f3db42,delivered,none,False,none
evt_2ccb27397860,expired,endpoint_deleted,False,contact_customer_endpoint_deleted
evt_0046daea45b9,expired,payload_too_large,False,reduce_payload_size
evt_97e4c99bf28c,expired,payload_too_large,False,reduce_payload_size
evt_93e3a60805ab,expired,payload_too_large,False,reduce_payload_size
evt_1db271b3f996,delivered,none,False,none
evt_69d0341bd3f0,expired,payload_too_large,False,reduce_payload_size
evt_242c921327d2,delivered,none,False,none
evt_2a86e6081e8f,expired,endpoint_deleted,False,contact_customer_endpoint_deleted
evt_190389497740,delivered,none,False,none
evt_2d76dd3a27af,expired,payload_too_large,False,reduce_payload_size
evt_529209d31f2c,delivered,none,False,none
evt_817505762784,expired,payload_too_large,False,reduce_payload_size
evt_d95ea69e4e39,expired,endpoint_deleted,False,contact_customer_endpoint_deleted
evt_3e5337ee8306,expired,payload_too_large,False,reduce_payload_size
evt_43e4fca6a018,expired,payload_too_large,False,reduce_payload_size
evt_d9596993a36d,expired,timeout,True,investigate
evt_f494143584ba,delivered,none,False,none
evt_e72da31b1516,expired,payload_too_large,False,reduce_payload_size
evt_4b5d8741bf0b,delivered,none,False,none
evt_104274f35bc9,duplicate,duplicate_event,False,fix_retry_logic
evt_77f5724d2332,expired,timeout,True,investigate
evt_16156f9e6d04,expired,payload_too_large,False,reduce_payload_size
evt_7e902b20939c,recovered,none,False,none
evt_57679b865045,expired,payload_too_large,False,reduce_payload_size
evt_dee91de7dd87,expired,endpoint_deleted,False,contact_customer_endpoint_deleted
evt_2069baa91be9,delivered,none,False,none
evt_a7f10687b508,expired,payload_too_large,False,reduce_payload_size
evt_dcae5121d52b,duplicate,duplicate_event,False,fix_retry_logic
evt_39c1d7d122f0,expired,payload_too_large,False,reduce_payload_size
evt_47aa35ba4387,delivered,none,False,none
evt_227275575cbe,delivered,none,False,none
evt_c3b652a8be65,delivered,none,False,none
evt_cd868df2cd60,expired,payload_too_large,False,reduce_payload_size
evt_2f08dc8d3372,expired,payload_too_large,False,reduce_payload_size
evt_2a4e7b2e095f,duplicate,duplicate_event,False,fix_retry_logic
evt_86d57b066be6,delivered,none,False,none
evt_61a74efb0ca7,delivered,none,False,none
evt_82e7c085692d,expired,payload_too_large,False,reduce_payload_size
evt_9aad3e28abed,delivered,none,False,none
evt_f76df56f8e04,expired,endpoint_deleted,False,contact_customer_endpoint_deleted
evt_01fba2c9ba23,delivered,none,False,none
evt_4a56e130e1a1,expired,payload_too_large,False,reduce_payload_size
evt_ac87773642d8,duplicate,duplicate_event,False,fix_retry_logic
evt_cc8d8cade4c4,delivered,none,False,none
evt_6c063d37d253,expired,endpoint_deleted,False,contact_customer_endpoint_deleted
evt_d52010b0d54d,delivered,none,False,none
evt_0026c3cefa9e,expired,endpoint_deleted,False,contact_customer_endpoint_deleted
evt_0fef8f4edcc0,expired,malformed_response,True,investigate
evt_a79e9c6db35b,delivered,none,False,none
evt_2e19f8736a1c,expired,payload_too_large,False,reduce_payload_size
evt_5ff48b23761d,delivered,none,False,none
evt_47dbdcfefc75,expired,payload_too_large,False,reduce_payload_size
evt_2c057f5dc809,delivered,none,False,none
evt_213bbb77f7cc,delivered,none,False,none
evt_77cd9bed23e3,expired,payload_too_large,False,reduce_payload_size
evt_b65477bd973a,delivered,none,False,none
evt_27e732bc9ceb,delivered,none,False,none
evt_1c19a56e2ae2,expired,endpoint_deleted,False,contact_customer_endpoint_deleted
evt_e940bec63b50,delivered,none,False,none
evt_b34396c79ac1,delivered,none,False,none
evt_10defb01db4d,expired,payload_too_large,False,reduce_payload_size
evt_5ea5d9e87296,delivered,none,False,none
evt_b6795a89c6a2,delivered,none,False,none
evt_f5bae3a79473,expired,payload_too_large,False,reduce_payload_size
evt_727e2d3a48d1,delivered,none,False,none
evt_c4184afb4dc0,delivered,none,False,none
evt_59b7e0c53a2e,delivered,none,False,none
evt_2396f01a9357,expired,payload_too_large,False,reduce_payload_size
evt_334991309e08,expired,payload_too_large,False,reduce_payload_size
evt_f41f67403234,delivered,none,False,none
evt_89c05cd82972,expired,payload_too_large,False,reduce_payload_size
evt_98194f1ce8dc,delivered,none,False,none
evt_1dc76f29ff31,delivered,none,False,none
evt_d9489de59c10,delivered,none,False,none
evt_a9b006dcb392,delivered,none,False,none
evt_7475451440dd,delivered,none,False,none
evt_60ffb0f93ea4,delivered,none,False,none
evt_6f87a6fb7430,delivered,none,False,none
evt_306af23e3a06,expired,payload_too_large,False,reduce_payload_size
evt_43a25bb564ac,delivered,none,False,none
evt_f995ee878f86,delivered,none,False,none
evt_7bc76bc0ad7c,expired,payload_too_large,False,reduce_payload_size
evt_8d98fb52a282,delivered,none,False,none
evt_dd7264e9426c,delivered,none,False,none
evt_8b8044de2f5b,duplicate,duplicate_event,False,fix_retry_logic
evt_fc3f5c6815d5,delivered,none,False,none
evt_d37b7089c5dc,expired,payload_too_large,False,reduce_payload_size
evt_58c772d79412,delivered,none,False,none
evt_dee05a0d114d,delivered,none,False,none
evt_ac1ed3040f82,expired,timeout,True,investigate
evt_ff44bb9037b5,expired,payload_too_large,False,reduce_payload_size
evt_088ea42f6566,expired,payload_too_large,False,reduce_payload_size
evt_0d64006582ad,duplicate,duplicate_event,False,fix_retry_logic
evt_a06a1468b3d1,delivered,none,False,none
evt_3b69e885b8f5,expired,payload_too_large,False,reduce_payload_size
evt_3207015d0aff,expired,endpoint_deleted,False,contact_customer_endpoint_deleted
evt_84a7f7b1d772,expired,payload_too_large,False,reduce_payload_size
evt_9e2f08346cc9,expired,payload_too_large,False,reduce_payload_size
evt_11a1f474dc98,expired,endpoint_deleted,False,contact_customer_endpoint_deleted
evt_4adce3de1861,expired,payload_too_large,False,reduce_payload_size
evt_cfe4cf1cd446,delivered,none,False,none
evt_245fdb174dad,expired,payload_too_large,False,reduce_payload_size
evt_21abdd3e0f05,delivered,none,False,none
evt_7f22b1ebe777,delivered,none,False,none
evt_4bb9e57aeec5,expired,payload_too_large,False,reduce_payload_size
evt_e3747c76d8b4,delivered,none,False,none
evt_ef8ba9622b71,delivered,none,False,none
evt_312a3635e5f5,delivered,none,False,none
evt_c70d6722ad22,delivered,none,False,none
evt_a27def8a6836,expired,timeout,True,investigate
evt_c068f1ff2626,expired,endpoint_deleted,False,contact_customer_endpoint_deleted
evt_230322b11f34,delivered,none,False,none
evt_185b3e1fa654,delivered,none,False,none
evt_c05c54a09285,expired,payload_too_large,False,reduce_payload_size
evt_89462bf4363b,delivered,none,False,none
evt_609d884a9e9a,delivered,none,False,none
evt_2637bfd48aba,delivered,none,False,none
evt_8c489e11721d,delivered,none,False,none
evt_06fba57381b3,delivered,none,False,none
evt_7e0bf3fa560b,delivered,none,False,none
evt_4601c5e679fa,delivered,none,False,none
evt_527921b26b6a,expired,replay_without_fix,False,investigate
evt_5057452c1d2e,expired,endpoint_deleted,False,contact_customer_endpoint_deleted
evt_411f1c747b86,delivered,none,False,none
evt_606844f73529,delivered,none,False,none
evt_fc4a52b25f2d,delivered,none,False,none
evt_4136c4f0ee94,expired,payload_too_large,False,reduce_payload_size
evt_e6b3c762347a,expired,endpoint_deleted,False,contact_customer_endpoint_deleted
evt_d20b31564eb4,expired,endpoint_deleted,False,contact_customer_endpoint_deleted
evt_78925afcae0f,expired,customer_endpoint_down,True,wait_and_retry
evt_8be1c60f1f99,delivered,none,False,none
evt_d77d7087b72b,delivered,none,False,none
evt_c02b5d303c0c,expired,invalid_signature,True,verify_signature_config
evt_5c5bc49707f9,delivered,none,False,none
evt_5df0334ff638,expired,payload_too_large,False,reduce_payload_size
evt_952a78813e3a,delivered,none,False,none
evt_98c20fe5638d,expired,payload_too_large,False,reduce_payload_size
evt_97903aea4e04,expired,endpoint_deleted,False,contact_customer_endpoint_deleted
evt_3a00237d9547,expired,endpoint_deleted,False,contact_customer_endpoint_deleted
evt_f5f6f61ddff7,expired,payload_too_large,False,reduce_payload_size
evt_c945a4c61ab7,delivered,none,False,none
evt_0ab16e187260,expired,payload_too_large,False,reduce_payload_size
evt_16f48a53c51e,delivered,none,False,none
evt_ac0e3513ae03,expired,payload_too_large,False,reduce_payload_size
evt_e741ca6fd65d,expired,endpoint_deleted,False,contact_customer_endpoint_deleted
evt_3c8182da02e8,expired,endpoint_deleted,False,contact_customer_endpoint_deleted
evt_b480fadff6c1,delivered,none,False,none
evt_7033d366470a,expired,payload_too_large,False,reduce_payload_size
evt_a95018aa33fc,duplicate,duplicate_event,False,fix_retry_logic
evt_b0f85944520b,delivered,none,False,none
evt_9b6acd00250f,expired,payload_too_large,False,reduce_payload_size
evt_b8582a3f2548,expired,endpoint_deleted,False,contact_customer_endpoint_deleted
evt_270707fa35ba,expired,payload_too_large,False,reduce_payload_size
evt_589712c65b62,expired,payload_too_large,False,reduce_payload_size
evt_997654137ec4,expired,payload_too_large,False,reduce_payload_size
evt_429db6ee449c,expired,payload_too_large,False,reduce_payload_size
evt_b1d9f81de5d4,delivered,none,False,none
evt_dd09fb8f2e5a,delivered,none,False,none
evt_39be25c0f6eb,expired,payload_too_large,False,reduce_payload_size
evt_69acea665220,delivered,none,False,none
evt_5aefe6d0df6e,delivered,none,False,none
evt_a7e0dee531cd,expired,payload_too_large,False,reduce_payload_size
evt_11ba0b9e5dee,delivered,none,False,none
evt_c9e373a2d721,expired,payload_too_large,False,reduce_payload_size
evt_5616e8d5979f,expired,payload_too_large,False,reduce_payload_size
evt_fecee4f32f64,expired,payload_too_large,False,reduce_payload_size
evt_c02fd872122d,expired,payload_too_large,False,reduce_payload_size
evt_7ff958ef9019,delivered,none,False,none
evt_cb2fd13296cc,expired,replay_without_fix,False,investigate
evt_c59506f1a40a,expired,timeout,True,investigate
evt_ae38aaf2fe03,delivered,none,False,none
evt_c4ab4a8d09cc,delivered,none,False,none
evt_74452ae369ee,expired,payload_too_large,False,reduce_payload_size
evt_b1c36f754c08,delivered,none,False,none
evt_37eafd809bfe,duplicate,duplicate_event,False,fix_retry_logic
evt_843d24876b72,delivered,none,False,none
evt_9ef0b5056e05,expired,payload_too_large,False,reduce_payload_size
evt_6d77ac8b0ff3,expired,payload_too_large,False,reduce_payload_size
evt_6b4bf260e475,delivered,none,False,none
evt_1411bf32e331,delivered,none,False,none
evt_9aa9ca4d6469,expired,payload_too_large,False,reduce_payload_size
evt_35be18ec3122,delivered,none,False,none
evt_495cb6a2bedd,expired,payload_too_large,False,reduce_payload_size
evt_bad4e3fcd43a,delivered,none,False,none
evt_2bec1be50888,expired,endpoint_deleted,False,contact_customer_endpoint_deleted
evt_8ba35fea2e99,expired,payload_too_large,False,reduce_payload_size
evt_d1d92069c9c2,expired,payload_too_large,False,reduce_payload_size
evt_86853af393c8,expired,payload_too_large,False,reduce_payload_size
evt_6a04cf0fb371,expired,replay_without_fix,False,investigate
evt_a7cc39d89cf0,delivered,none,False,none
evt_3953adefc5bb,delivered,none,False,none
evt_c42e45b08fb1,expired,payload_too_large,False,reduce_payload_size
evt_c6e9ba9d7593,expired,payload_too_large,False,reduce_payload_size
evt_16f5c12e1bf4,expired,payload_too_large,False,reduce_payload_size
evt_6c4ec123177c,delivered,none,False,none
evt_69bdf67e441b,delivered,none,False,none
evt_14b3ffc811ce,duplicate,duplicate_event,False,fix_retry_logic
evt_191b1d1845d5,expired,malformed_response,True,investigate
evt_18f38b129573,expired,payload_too_large,False,reduce_payload_size
evt_c892ffbef7e2,expired,endpoint_deleted,False,contact_customer_endpoint_deleted
evt_7124527610d1,expired,payload_too_large,False,reduce_payload_size
evt_c2334e226888,expired,rate_limited,True,apply_exponential_backoff
evt_d48f4285784c,delivered,none,False,none
evt_3ff37db659aa,expired,payload_too_large,False,reduce_payload_size
evt_3ae4492764d2,duplicate,duplicate_event,False,fix_retry_logic
evt_4744ca9e2b12,expired,payload_too_large,False,reduce_payload_size
evt_e45c794e823d,expired,payload_too_large,False,reduce_payload_size
evt_2b9c98b8ba2d,expired,payload_too_large,False,reduce_payload_size
evt_b55cfc1de084,recovered,none,False,none
evt_cd7b0fcb7354,expired,payload_too_large,False,reduce_payload_size
evt_abd8be004021,delivered,none,False,none
evt_86f74dffd5cc,delivered,none,False,none
evt_c317c608dbc5,expired,customer_endpoint_down,True,wait_and_retry
evt_836f63805f3b,recovered,none,False,none
evt_20893d0233d0,expired,timeout,True,investigate
evt_f9b6902fcd28,delivered,none,False,none
evt_4be30d802a1b,expired,payload_too_large,False,reduce_payload_size
evt_3305a1a0785a,expired,payload_too_large,False,reduce_payload_size
evt_83c8f5193fd5,expired,endpoint_deleted,False,contact_customer_endpoint_deleted
evt_ed45857f3456,delivered,none,False,none
evt_397cdaceb976,expired,payload_too_large,False,reduce_payload_size
evt_6a2509c23366,delivered,none,False,none
evt_053b953efd32,delivered,none,False,none
evt_1a52eee073de,expired,endpoint_deleted,False,contact_customer_endpoint_deleted
evt_8f500cdd61f6,delivered,none,False,none
evt_187a966f0bff,delivered,none,False,none
evt_9ee1b20c29cd,expired,payload_too_large,False,reduce_payload_size
evt_0f9512b38aa9,expired,payload_too_large,False,reduce_payload_size
evt_50736d868682,expired,endpoint_deleted,False,contact_customer_endpoint_deleted
evt_a42a7dfd1e97,expired,malformed_response,True,investigate
evt_56b0cd799ed3,delivered,none,False,none
evt_d92bb94f540b,delivered,none,False,none
evt_12b6d6fa3247,delivered,none,False,none
evt_8ec9d7abaa87,expired,payload_too_large,False,reduce_payload_size
evt_41ac10d6a0b5,expired,payload_too_large,False,reduce_payload_size
evt_69e44cdd9698,delivered,none,False,none
evt_bd5851fea050,expired,payload_too_large,False,reduce_payload_size
evt_c67bba9e0f2f,expired,payload_too_large,False,reduce_payload_size
evt_2c617d41b063,delivered,none,False,none
evt_2584f5c70a9c,delivered,none,False,none
evt_99f83e16824e,delivered,none,False,none
evt_11e0f73491b7,expired,payload_too_large,False,reduce_payload_size
evt_8290a31f9ec4,delivered,none,False,none
evt_856f9b0bfc7c,expired,payload_too_large,False,reduce_payload_size
evt_f58054d5ac4b,expired,payload_too_large,False,reduce_payload_size
evt_9fdfb2f4f475,expired,payload_too_large,False,reduce_payload_size
evt_f761c0ea63ab,expired,timeout,True,investigate
evt_920687699014,expired,payload_too_large,False,reduce_payload_size
evt_5002efbe1523,delivered,none,False,none
evt_3bdf0f58e39e,delivered,none,False,none
evt_35d442e7cf80,delivered,none,False,none
evt_f3b7a5a56221,delivered,none,False,none
evt_ae34619486ce,expired,payload_too_large,False,reduce_payload_size
evt_c22e5eb7ce8d,expired,payload_too_large,False,reduce_payload_size
evt_0d7423c94c5a,expired,payload_too_large,False,reduce_payload_size
evt_6cc26b0175b1,delivered,none,False,none
evt_2a1100ef409e,delivered,none,False,none
evt_b25b6f4dcaba,expired,endpoint_deleted,False,contact_customer_endpoint_deleted
evt_38a849a1cabc,expired,payload_too_large,False,reduce_payload_size
evt_57f4d3069637,delivered,none,False,none
evt_68ccd9fca3b8,expired,payload_too_large,False,reduce_payload_size
evt_73f16501d9c4,delivered,none,False,none
evt_322acc4cff33,expired,payload_too_large,False,reduce_payload_size
evt_8b24785f13ab,expired,payload_too_large,False,reduce_payload_size
evt_86c0da6e60e2,delivered,none,False,none
evt_7227e18b1dce,expired,payload_too_large,False,reduce_payload_size
evt_a1e2cb191dda,expired,payload_too_large,False,reduce_payload_size
evt_d68bf0f3f036,expired,payload_too_large,False,reduce_payload_size
evt_a5789893ec44,delivered,none,False,none
evt_c5d84170643e,expired,payload_too_large,False,reduce_payload_size
evt_997e97dbf088,expired,payload_too_large,False,reduce_payload_size
evt_2decc3d14115,delivered,none,False,none
evt_172714b63aa4,delivered,none,False,none
evt_d2e44150b740,expired,payload_too_large,False,reduce_payload_size
evt_b5a6066d6c57,delivered,none,False,none
evt_71f011d1b3a0,delivered,none,False,none
evt_a4c3cb423f39,delivered,none,False,none
evt_4f52ab521b2b,expired,payload_too_large,False,reduce_payload_size
evt_5b8cb7b10edf,expired,payload_too_large,False,reduce_payload_size
evt_36b7d120d5bc,delivered,none,False,none
evt_114ea6954ee5,delivered,none,False,none
evt_9e1ca3e6ebca,delivered,none,False,none
evt_9753e0f6074c,expired,payload_too_large,False,reduce_payload_size
evt_d2a771135727,duplicate,duplicate_event,False,fix_retry_logic
evt_b4e2b4522c5e,delivered,none,False,none
evt_033ba5a1cf79,delivered,none,False,none
evt_946694c95cd2,expired,payload_too_large,False,reduce_payload_size
evt_f636009f7141,expired,payload_too_large,False,reduce_payload_size
evt_e6819cf4b779,delivered,none,False,none
evt_2397c246c43d,delivered,none,False,none
evt_bbf0121bcbae,expired,payload_too_large,False,reduce_payload_size
evt_2926b202b3c2,delivered,none,False,none
evt_1c0a6a402118,expired,payload_too_large,False,reduce_payload_size
evt_8b373cd00940,delivered,none,False,none
evt_e23f64798d20,expired,endpoint_deleted,False,contact_customer_endpoint_deleted
evt_ec95bcee559c,expired,payload_too_large,False,reduce_payload_size
evt_28d5e6885a1c,delivered,none,False,none
evt_e208e1a081f5,delivered,none,False,none
evt_242e950c5671,delivered,none,False,none
evt_6a45ed5e9e2e,expired,payload_too_large,False,reduce_payload_size
evt_3f96257860e3,expired,endpoint_deleted,False,contact_customer_endpoint_deleted
evt_a799d21d59f3,delivered,none,False,none
evt_1f1cd0db3e61,expired,payload_too_large,False,reduce_payload_size
evt_f4d4d91596e9,expired,endpoint_deleted,False,contact_customer_endpoint_deleted
evt_45c13e873ce0,expired,payload_too_large,False,reduce_payload_size
evt_f86e03ba92ee,delivered,none,False,none
evt_93b75e689eaf,duplicate,duplicate_event,False,fix_retry_logic
evt_1b6e4114eb9d,delivered,none,False,none
evt_2122d261aba7,delivered,none,False,none
evt_6d6251b14d04,delivered,none,False,none
evt_233fd8bdf957,delivered,none,False,none
evt_92b2f3b3bc56,expired,payload_too_large,False,reduce_payload_size
evt_c0e0236c7734,expired,endpoint_deleted,False,contact_customer_endpoint_deleted
evt_4f56e68752f2,expired,payload_too_large,False,reduce_payload_size
evt_3a87b6838af3,expired,endpoint_deleted,False,contact_customer_endpoint_deleted
evt_a7e42e42722c,expired,payload_too_large,False,reduce_payload_size
evt_8ea5cd48251a,expired,payload_too_large,False,reduce_payload_size
evt_5abac3aae58b,expired,malformed_response,True,investigate
evt_575e781f94f1,delivered,none,False,none
evt_94ff0513ab3c,delivered,none,False,none
evt_10fc8ad6e93a,expired,payload_too_large,False,reduce_payload_size
evt_06bfeb6a333b,expired,endpoint_deleted,False,contact_customer_endpoint_deleted
evt_a5d7098857a2,delivered,none,False,none
evt_9d00b9d0effc,expired,endpoint_deleted,False,contact_customer_endpoint_deleted
evt_f72c870c8fab,expired,payload_too_large,False,reduce_payload_size
evt_d24b80bf8799,delivered,none,False,none
evt_d4022e6e7675,delivered,none,False,none
evt_731e5bb73703,expired,endpoint_deleted,False,contact_customer_endpoint_deleted
evt_c67f96799ee2,delivered,none,False,none
evt_546ee0f040be,expired,payload_too_large,False,reduce_payload_size
evt_70a2c2eea562,expired,payload_too_large,False,reduce_payload_size
evt_19e86d36bc6f,expired,payload_too_large,False,reduce_payload_size
evt_7a26dada5127,expired,payload_too_large,False,reduce_payload_size
evt_33ec6c80ee5b,delivered,none,False,none
evt_e25650e801d5,expired,payload_too_large,False,reduce_payload_size
evt_7653895ad5da,delivered,none,False,none
evt_421258037e7b,expired,payload_too_large,False,reduce_payload_size
evt_94d19b261425,delivered,none,False,none
evt_72d224f6720a,expired,payload_too_large,False,reduce_payload_size
evt_684d890f56dd,delivered,none,False,none
evt_73c64863b0d2,delivered,none,False,none
evt_1d065d2df6af,delivered,none,False,none
evt_2d1ab7343a8b,delivered,none,False,none
evt_fb159cf25796,delivered,none,False,none
evt_1d13be67fd7f,delivered,none,False,none
evt_b82e818222de,delivered,none,False,none
evt_5ab3aeb96d6a,expired,payload_too_large,False,reduce_payload_size
evt_d343ee9beef7,expired,timeout,True,investigate
evt_bbfbeeb6a4cc,expired,endpoint_deleted,False,contact_customer_endpoint_deleted
evt_040c7b49d241,expired,payload_too_large,False,reduce_payload_size
evt_fba989445576,delivered,none,False,none
evt_8aad0ea2956c,expired,payload_too_large,False,reduce_payload_size
evt_867df51e5ff3,delivered,none,False,none
evt_9847e5f2154f,delivered,none,False,none
evt_454d5a1d9513,delivered,none,False,none
evt_78aef4f4240e,delivered,none,False,none
evt_794aa71927bb,expired,endpoint_deleted,False,contact_customer_endpoint_deleted
evt_d4d88800a61c,expired,payload_too_large,False,reduce_payload_size
evt_c72c187cad33,expired,payload_too_large,False,reduce_payload_size
evt_39c4fdc4c624,expired,payload_too_large,False,reduce_payload_size
evt_90fceeb617b6,delivered,none,False,none
evt_3344477c43e2,delivered,none,False,none
evt_04ef7ab720dc,expired,endpoint_deleted,False,contact_customer_endpoint_deleted
evt_7ba248a1d0fe,expired,payload_too_large,False,reduce_payload_size
evt_65a6624917a8,expired,endpoint_deleted,False,contact_customer_endpoint_deleted
evt_cf95a6fdf8ce,expired,endpoint_deleted,False,contact_customer_endpoint_deleted
evt_0b6bcba9f06c,expired,payload_too_large,False,reduce_payload_size
evt_87fa8f9e1d90,delivered,none,False,none
evt_06806307aca7,expired,endpoint_deleted,False,contact_customer_endpoint_deleted
evt_84d2702e8e32,delivered,none,False,none
evt_ab5ba2130c77,delivered,none,False,none
evt_b7d43e7c3852,expired,endpoint_deleted,False,contact_customer_endpoint_deleted
evt_67cb461d0bda,expired,payload_too_large,False,reduce_payload_size
evt_a89faf6dff31,expired,payload_too_large,False,reduce_payload_size
evt_3db541350337,delivered,none,False,none
evt_3354a891ff83,delivered,none,False,none
evt_491f34c5a4e9,delivered,none,False,none
evt_21bc08e42408,delivered,none,False,none
evt_ed9a6f9725ec,expired,payload_too_large,False,reduce_payload_size
evt_269840f5911c,delivered,none,False,none
evt_daa2367f8a00,delivered,none,False,none
evt_758672268d17,duplicate,duplicate_event,False,fix_retry_logic
evt_923c825fa924,expired,payload_too_large,False,reduce_payload_size
evt_a8db9bbe0d04,delivered,none,False,none
evt_1e9f76f4568b,delivered,none,False,none
evt_8a204da0aa31,delivered,none,False,none
evt_d239e9c70bab,expired,payload_too_large,False,reduce_payload_size
evt_0c5c3135d74e,expired,timeout,True,investigate
evt_759c5aa977ca,expired,payload_too_large,False,reduce_payload_size
evt_274a2b95469f,expired,payload_too_large,False,reduce_payload_size
evt_0a0c0d8b5a9d,expired,payload_too_large,False,reduce_payload_size
evt_8e9543667c69,delivered,none,False,none
evt_9c43e4ab1d7b,expired,payload_too_large,False,reduce_payload_size
evt_5e8a1a0a6ef4,delivered,none,False,none
evt_023a6b5fd32c,expired,payload_too_large,False,reduce_payload_size
evt_fe476b28b834,delivered,none,False,none
evt_49f1ff68e9c0,expired,customer_endpoint_down,True,wait_and_retry
evt_cce1931fccf0,expired,endpoint_deleted,False,contact_customer_endpoint_deleted
evt_8c8899d9a964,expired,payload_too_large,False,reduce_payload_size
evt_092c17c7816d,expired,payload_too_large,False,reduce_payload_size
evt_6577e13d9040,delivered,none,False,none
evt_db6af54ba220,delivered,none,False,none
evt_e1743769d298,delivered,none,False,none
evt_dc070c358ba6,expired,payload_too_large,False,reduce_payload_size
evt_c3181025adce,delivered,none,False,none
evt_a16a6970834b,expired,payload_too_large,False,reduce_payload_size
evt_822ad427bc45,delivered,none,False,none
evt_5f3f373de883,expired,endpoint_deleted,False,contact_customer_endpoint_deleted
evt_7a83e366e0af,expired,payload_too_large,False,reduce_payload_size
evt_95f94b54363f,delivered,none,False,none
evt_3a5a262b5b96,expired,endpoint_deleted,False,contact_customer_endpoint_deleted
evt_29b63954a758,expired,payload_too_large,False,reduce_payload_size
evt_b52924e5d12b,expired,customer_endpoint_down,True,wait_and_retry
evt_0a37cc392118,expired,customer_endpoint_down,True,wait_and_retry
evt_138a17601823,expired,payload_too_large,False,reduce_payload_size
evt_3a2f47998cef,expired,payload_too_large,False,reduce_payload_size
evt_e11cd9560e08,delivered,none,False,none
evt_6351d8211a15,expired,malformed_response,True,investigate
evt_c2e10faf5668,expired,replay_without_fix,False,investigate
evt_cfc8839c9ec2,delivered,none,False,none
evt_d73774652bfe,delivered,none,False,none
evt_7ecd717443fb,expired,endpoint_deleted,False,contact_customer_endpoint_deleted
evt_94c509b7ca6c,expired,endpoint_deleted,False,contact_customer_endpoint_deleted
evt_5bc469fbb56e,expired,endpoint_deleted,False,contact_customer_endpoint_deleted
evt_42a1b0977b44,expired,payload_too_large,False,reduce_payload_size
evt_1bd33e4fe2b4,delivered,none,False,none
evt_2e65d2a5ad43,expired,endpoint_deleted,False,contact_customer_endpoint_deleted
evt_14af5fbf11e9,delivered,none,False,none
evt_efaaed24a7ed,delivered,none,False,none
evt_36849e2550df,delivered,none,False,none
evt_df9006051e9d,expired,payload_too_large,False,reduce_payload_size
evt_53920c456222,expired,endpoint_deleted,False,contact_customer_endpoint_deleted
evt_291a77202ad9,delivered,none,False,none
evt_705749784980,delivered,none,False,none
evt_0b70c94350f4,delivered,none,False,none
evt_39b1d3499c44,expired,endpoint_deleted,False,contact_customer_endpoint_deleted
evt_877b57747738,expired,payload_too_large,False,reduce_payload_size
evt_daf67141f5fb,delivered,none,False,none
evt_5c77547e4cd7,expired,payload_too_large,False,reduce_payload_size
evt_790212dfcb87,expired,endpoint_deleted,False,contact_customer_endpoint_deleted
evt_8421531a3fd8,expired,payload_too_large,False,reduce_payload_size
evt_9a6d2666cf85,expired,payload_too_large,False,reduce_payload_size
evt_ad250528c21f,delivered,none,False,none
evt_8853a6e0a080,expired,payload_too_large,False,reduce_payload_size
evt_db36c7f3395b,expired,payload_too_large,False,reduce_payload_size
evt_52ee3afe21ee,delivered,none,False,none
evt_484ab39336c5,delivered,none,False,none
evt_3d4b0080a618,delivered,none,False,none
evt_4a2617180ecc,delivered,none,False,none
evt_57af74d3b2a1,expired,payload_too_large,False,reduce_payload_size
evt_fb0872fbba4a,expired,endpoint_deleted,False,contact_customer_endpoint_deleted
evt_fbfe07c763b9,expired,payload_too_large,False,reduce_payload_size
evt_35a5f2070382,expired,payload_too_large,False,reduce_payload_size
evt_0de43c7cb341,expired,endpoint_deleted,False,contact_customer_endpoint_deleted
evt_2db445736a11,delivered,none,False,none
evt_f63f0c13c765,expired,payload_too_large,False,reduce_payload_size
evt_6a821559fe13,expired,endpoint_deleted,False,contact_customer_endpoint_deleted
evt_8c1fe6ccc1fb,expired,endpoint_deleted,False,contact_customer_endpoint_deleted
evt_187f11194b90,delivered,none,False,none
evt_92851db0fe69,delivered,none,False,none
evt_a7c572a59472,delivered,none,False,none
evt_e083118b9dbb,delivered,none,False,none
evt_3a5d9959160d,expired,payload_too_large,False,reduce_payload_size
evt_9e5e63fe4948,expired,payload_too_large,False,reduce_payload_size
evt_6256109561ef,delivered,none,False,none
evt_bd978292b78a,expired,endpoint_deleted,False,contact_customer_endpoint_deleted
evt_1c5dc6e42acc,duplicate,duplicate_event,False,fix_retry_logic
evt_9c93166749f3,duplicate,duplicate_event,False,fix_retry_logic
evt_a5d8025ac7b2,expired,payload_too_large,False,reduce_payload_size
evt_faff20302abc,delivered,none,False,none
evt_f47b7b73ec20,delivered,none,False,none
evt_c96f7eb061b2,delivered,none,False,none
evt_488b596d1b75,expired,payload_too_large,False,reduce_payload_size
evt_572fec259d82,expired,customer_endpoint_down,True,wait_and_retry
evt_5aa1488da1f3,expired,payload_too_large,False,reduce_payload_size
evt_46122fc4435a,delivered,none,False,none
evt_e59829ca922e,expired,payload_too_large,False,reduce_payload_size
evt_785c9c9be29d,expired,payload_too_large,False,reduce_payload_size
evt_cf5155fc3027,expired,endpoint_deleted,False,contact_customer_endpoint_deleted
evt_b1f148078c4f,expired,payload_too_large,False,reduce_payload_size
evt_70c87f5aa5d4,expired,payload_too_large,False,reduce_payload_size
evt_ae9811283257,expired,payload_too_large,False,reduce_payload_size
evt_e84f39a633d9,expired,endpoint_deleted,False,contact_customer_endpoint_deleted
evt_8a19e211e2fb,expired,endpoint_deleted,False,contact_customer_endpoint_deleted
evt_9bf972f09a66,delivered,none,False,none
evt_91068fa6c98a,delivered,none,False,none
evt_3aa80a5be483,delivered,none,False,none
evt_e6f4277c0ed5,delivered,none,False,none
evt_e1bada0214fb,delivered,none,False,none
evt_589aa7dfb86e,delivered,none,False,none
evt_aa66fcccb7ae,delivered,none,False,none
evt_7b8387cebe8d,delivered,none,False,none
evt_acb071f5f8b5,delivered,none,False,none
evt_40de0d19f5e1,delivered,none,False,none
evt_e306010bca35,expired,payload_too_large,False,reduce_payload_size
evt_ceef87424209,expired,payload_too_large,False,reduce_payload_size
evt_aa51c143a7b6,expired,payload_too_large,False,reduce_payload_size
evt_78b31938491e,expired,customer_endpoint_down,True,wait_and_retry
evt_31fb674e31e5,delivered,none,False,none
evt_0cb993c0d139,expired,payload_too_large,False,reduce_payload_size
evt_f3795ecca01e,expired,payload_too_large,False,reduce_payload_size
evt_e00be333901d,expired,payload_too_large,False,reduce_payload_size
evt_be60bd3ca2d5,expired,replay_without_fix,False,investigate
evt_3e0af4933d60,expired,payload_too_large,False,reduce_payload_size
evt_9f77cd3f4cab,expired,payload_too_large,False,reduce_payload_size
evt_d2d412ab4d07,delivered,none,False,none
evt_5d127c7fd0bb,expired,endpoint_deleted,False,contact_customer_endpoint_deleted
evt_b207eab267fc,expired,payload_too_large,False,reduce_payload_size
evt_7c2a58a24225,delivered,none,False,none
evt_11e1d6b5d08d,delivered,none,False,none
evt_f6cfca3f41ba,delivered,none,False,none
evt_9ebf9d6e4690,delivered,none,False,none
evt_b9c7206bf2f0,expired,endpoint_deleted,False,contact_customer_endpoint_deleted
evt_0d8d06b64068,expired,replay_without_fix,False,investigate
evt_0069080489ed,delivered,none,False,none
evt_d927583f1744,expired,payload_too_large,False,reduce_payload_size
evt_4f8da6c3d014,expired,payload_too_large,False,reduce_payload_size
evt_888794a240c9,expired,payload_too_large,False,reduce_payload_size
evt_30167d6be04d,expired,payload_too_large,False,reduce_payload_size
evt_ac89c394634b,expired,customer_endpoint_down,True,wait_and_retry
evt_9b93023c8236,expired,endpoint_deleted,False,contact_customer_endpoint_deleted
evt_270599e239f5,expired,payload_too_large,False,reduce_payload_size
evt_fb2264e1aa08,delivered,none,False,none
evt_1360ec74bfc3,delivered,none,False,none
evt_e84f56ec6458,expired,timeout,True,investigate
evt_c774c1d63d57,duplicate,duplicate_event,False,fix_retry_logic
evt_d8dfdf05ea33,expired,endpoint_deleted,False,contact_customer_endpoint_deleted
evt_67b02c5ee029,delivered,none,False,none
evt_28f28dacff08,delivered,none,False,none
evt_afc695e2eae7,delivered,none,False,none
evt_31dc6b03382f,delivered,none,False,none
evt_c94399d9bdb0,expired,payload_too_large,False,reduce_payload_size
evt_9aa3f2ed351b,expired,endpoint_deleted,False,contact_customer_endpoint_deleted
evt_6d6d82a3b0f8,expired,payload_too_large,False,reduce_payload_size
evt_301ed5f8ced0,delivered,none,False,none
evt_ff8bc66811f3,expired,payload_too_large,False,reduce_payload_size
evt_d198492a4c2c,expired,payload_too_large,False,reduce_payload_size
evt_e9ac608057c7,delivered,none,False,none
evt_d5d49b5471b1,expired,endpoint_deleted,False,contact_customer_endpoint_deleted
evt_0e4df2d99caa,expired,payload_too_large,False,reduce_payload_size
evt_213ca19114ba,delivered,none,False,none
evt_599258d2fb5e,delivered,none,False,none
evt_d0e642ca9eaf,delivered,none,False,none
evt_1eb6caf72fe5,delivered,none,False,none
evt_1913f3c05e1b,expired,payload_too_large,False,reduce_payload_size
evt_1aa81bf21a62,delivered,none,False,none
evt_9bdde4470acd,delivered,none,False,none
evt_ec7a56c953f1,delivered,none,False,none
evt_5234deb628dc,delivered,none,False,none
evt_37bd00fbab5c,expired,payload_too_large,False,reduce_payload_size
evt_6331d12eeda6,expired,malformed_response,True,investigate
evt_8aea5160a1b0,expired,payload_too_large,False,reduce_payload_size
evt_f18eece179f6,delivered,none,False,none
evt_095cc88647ed,expired,payload_too_large,False,reduce_payload_size
evt_4709264576db,delivered,none,False,none
evt_302d0ea38c82,expired,endpoint_deleted,False,contact_customer_endpoint_deleted
evt_63b7a7c27d0c,expired,payload_too_large,False,reduce_payload_size
evt_4d7ec9a7d317,expired,payload_too_large,False,reduce_payload_size
evt_cf0f161a88d2,delivered,none,False,none
evt_3590221e71c1,expired,payload_too_large,False,reduce_payload_size
evt_6d0e622022d8,expired,malformed_response,True,investigate
evt_038d9c6d9399,delivered,none,False,none
evt_df7d37955e6c,expired,payload_too_large,False,reduce_payload_size
evt_f8f64be7bed9,expired,payload_too_large,False,reduce_payload_size
evt_f1c6412b5a8f,delivered,none,False,none
evt_4c7b29370dc9,expired,payload_too_large,False,reduce_payload_size
evt_94a116d7b20f,expired,malformed_response,True,investigate
evt_6281789549fb,expired,endpoint_deleted,False,contact_customer_endpoint_deleted
evt_f023f56148cd,delivered,none,False,none
evt_d7e3cf289d09,delivered,none,False,none
evt_cc01ba8e0370,expired,payload_too_large,False,reduce_payload_size
evt_15d8d359cb22,delivered,none,False,none
evt_e760a7c20688,expired,invalid_signature,True,verify_signature_config
evt_22f3c7b55931,expired,payload_too_large,False,reduce_payload_size
evt_aa4fc5faefbe,delivered,none,False,none
evt_943c1895f4f8,expired,payload_too_large,False,reduce_payload_size
evt_eff24761cabe,delivered,none,False,none
evt_67f4f4c90410,delivered,none,False,none
evt_bb3416c7b38a,delivered,none,False,none
evt_f13951bffed5,delivered,none,False,none
evt_e37647718ab2,delivered,none,False,none
evt_46a75df531cb,delivered,none,False,none
evt_149af10c6dd8,expired,payload_too_large,False,reduce_payload_size
evt_13a84b8bd766,duplicate,duplicate_event,False,fix_retry_logic
evt_611e7be752e0,delivered,none,False,none
evt_d7cc7a778b69,expired,payload_too_large,False,reduce_payload_size
evt_671027be546b,expired,endpoint_deleted,False,contact_customer_endpoint_deleted
evt_9690a9c435b9,expired,payload_too_large,False,reduce_payload_size
evt_f888d4644d71,delivered,none,False,none
evt_1806bbb7ae09,expired,payload_too_large,False,reduce_payload_size
evt_c37e0abfc3dd,delivered,none,False,none
evt_0a2513801502,expired,endpoint_deleted,False,contact_customer_endpoint_deleted
evt_e2e011670153,delivered,none,False,none
evt_250b148986b4,delivered,none,False,none
evt_140a9e7ed94d,delivered,none,False,none
evt_ec0c810cc2d2,delivered,none,False,none
evt_92ade126247b,delivered,none,False,none
evt_63f5082429a4,delivered,none,False,none
evt_f8ff5f340d26,delivered,none,False,none
evt_00c794630d92,expired,payload_too_large,False,reduce_payload_size
evt_bf49d4a6c8f7,expired,endpoint_deleted,False,contact_customer_endpoint_deleted
evt_6f02bcb2815b,expired,payload_too_large,False,reduce_payload_size
evt_be00f533d023,duplicate,duplicate_event,False,fix_retry_logic
evt_14291dc85a30,delivered,none,False,none
evt_5a481452c27f,expired,endpoint_deleted,False,contact_customer_endpoint_deleted
evt_cbafac07e5d0,delivered,none,False,none
evt_e122dd30dac0,delivered,none,False,none
evt_61fbc9bae1f1,expired,payload_too_large,False,reduce_payload_size
evt_444690bbcc85,delivered,none,False,none
evt_102157fd07f7,expired,invalid_signature,True,verify_signature_config
evt_9323307398d1,expired,payload_too_large,False,reduce_payload_size
evt_95bf9a991a19,delivered,none,False,none
evt_4d5fe53809e5,expired,endpoint_deleted,False,contact_customer_endpoint_deleted
evt_a74e93a36d4d,expired,payload_too_large,False,reduce_payload_size
evt_de3fe5bca0f3,delivered,none,False,none
evt_cf4d44e975a2,delivered,none,False,none
evt_eefbc029de5f,delivered,none,False,none
evt_0befdf32edbe,expired,payload_too_large,False,reduce_payload_size
evt_065b09b15a29,delivered,none,False,none
evt_cc0bd0485b4c,delivered,none,False,none
evt_179841e167f1,delivered,none,False,none
evt_2be7507a2421,expired,payload_too_large,False,reduce_payload_size
evt_6c646aebedc7,delivered,none,False,none
evt_d9dbb420216b,expired,malformed_response,True,investigate
evt_0db44a780e72,duplicate,duplicate_event,False,fix_retry_logic
evt_bbbdeb248595,expired,endpoint_deleted,False,contact_customer_endpoint_deleted
evt_121ea98f5738,delivered,none,False,none
evt_a049507371fc,delivered,none,False,none
evt_b7f587cfe473,expired,payload_too_large,False,reduce_payload_size
evt_a338f9226b3d,delivered,none,False,none
evt_4989d9955f5c,delivered,none,False,none
evt_91b15db12f3a,expired,payload_too_large,False,reduce_payload_size
evt_36fb6905aec4,delivered,none,False,none
evt_0d244a1d992f,delivered,none,False,none
evt_01b1afe7a0f9,delivered,none,False,none
evt_c5bc4a5ff4d5,delivered,none,False,none
evt_1fcf83f1ab89,expired,payload_too_large,False,reduce_payload_size
evt_125d9acf77b9,delivered,none,False,none
evt_adabe25c4e31,expired,payload_too_large,False,reduce_payload_size
evt_d54f3071500a,expired,endpoint_deleted,False,contact_customer_endpoint_deleted
evt_e22abd14ab20,delivered,none,False,none
evt_995b83093eb6,expired,payload_too_large,False,reduce_payload_size
evt_8c2cfb76221e,recovered,none,False,none
evt_320bf5bb0234,expired,payload_too_large,False,reduce_payload_size
evt_48f664378b3e,expired,payload_too_large,False,reduce_payload_size
evt_674fc980a5fe,expired,payload_too_large,False,reduce_payload_size
evt_50064ed43928,delivered,none,False,none
evt_93e0314db40f,delivered,none,False,none
evt_753491e6ff6a,expired,customer_endpoint_down,True,wait_and_retry
evt_9ea4f1823258,delivered,none,False,none
evt_f3ea24d8c238,delivered,none,False,none
evt_a1469fdfde96,expired,customer_endpoint_down,True,wait_and_retry
evt_8a0612864121,delivered,none,False,none
evt_b7ccc24a7129,expired,payload_too_large,False,reduce_payload_size
evt_db2cf728a207,expired,endpoint_deleted,False,contact_customer_endpoint_deleted
evt_2624d1262ec6,recovered,none,False,none
evt_eed008403221,delivered,none,False,none
evt_00f53dbfa033,expired,payload_too_large,False,reduce_payload_size
evt_fcd9f8f3370e,expired,timeout,True,investigate
evt_7bfcb0af0cb8,delivered,none,False,none
evt_5662eca3968b,expired,payload_too_large,False,reduce_payload_size
evt_d1e656bdeec5,expired,endpoint_deleted,False,contact_customer_endpoint_deleted
evt_33b157ac8dd6,delivered,none,False,none
evt_4faaf793946c,expired,payload_too_large,False,reduce_payload_size
evt_c0c9c7fbdaee,delivered,none,False,none
evt_be0863b775e0,expired,payload_too_large,False,reduce_payload_size
evt_9dd673724f97,expired,payload_too_large,False,reduce_payload_size
evt_849519d1879a,delivered,none,False,none
evt_16c6a13cd3cc,delivered,none,False,none
evt_2741db60889e,expired,payload_too_large,False,reduce_payload_size
evt_30e0da70467d,delivered,none,False,none
evt_dfd0e3a40bf4,delivered,none,False,none
evt_1973f223b9ff,delivered,none,False,none
evt_119e138c882e,expired,payload_too_large,False,reduce_payload_size
evt_12addf2ac110,expired,payload_too_large,False,reduce_payload_size
evt_6cc997fd7ba6,delivered,none,False,none
evt_c1cfcfa289d9,expired,invalid_signature,True,verify_signature_config
evt_0bfbbc8d6660,expired,malformed_response,True,investigate
evt_05ca138eac90,expired,payload_too_large,False,reduce_payload_size
evt_663acb244225,delivered,none,False,none
evt_afa8ba400337,expired,payload_too_large,False,reduce_payload_size
evt_883b4e455176,delivered,none,False,none
evt_9fc3abde1da4,expired,payload_too_large,False,reduce_payload_size
evt_b3d8f4ca4cd7,delivered,none,False,none
evt_3419e9fa1abb,delivered,none,False,none
evt_118d145890ab,duplicate,duplicate_event,False,fix_retry_logic
evt_6aeb28e6f07d,expired,payload_too_large,False,reduce_payload_size
evt_3394a15fa455,duplicate,duplicate_event,False,fix_retry_logic
evt_7783698d48fb,expired,endpoint_deleted,False,contact_customer_endpoint_deleted
evt_50aa4859cc1d,delivered,none,False,none
evt_1aed07252b59,expired,payload_too_large,False,reduce_payload_size
evt_03ed4ecda073,delivered,none,False,none
evt_32752f988610,delivered,none,False,none
evt_16dceaa1c4c1,expired,endpoint_deleted,False,contact_customer_endpoint_deleted
evt_3e5deeba1a76,delivered,none,False,none
evt_bcc1b0d2f2b0,expired,endpoint_deleted,False,contact_customer_endpoint_deleted
evt_b809120a488c,delivered,none,False,none
evt_acef465e0008,expired,payload_too_large,False,reduce_payload_size
evt_2cafe3be3bd1,expired,payload_too_large,False,reduce_payload_size
evt_a42e6ca96553,delivered,none,False,none
evt_48c351986aae,expired,payload_too_large,False,reduce_payload_size
evt_49e1ccdfbf41,duplicate,duplicate_event,False,fix_retry_logic
evt_6f20bc463f72,delivered,none,False,none
evt_8137a963207b,delivered,none,False,none
evt_deebaf3533ed,expired,endpoint_deleted,False,contact_customer_endpoint_deleted
evt_e57cbe3542f2,delivered,none,False,none
evt_d60c9986ff72,delivered,none,False,none
evt_3cbb64fa6ca3,delivered,none,False,none
evt_f7ec9c500ac5,expired,endpoint_deleted,False,contact_customer_endpoint_deleted
evt_e8eaa9c83950,delivered,none,False,none
evt_1e41eaa10e61,delivered,none,False,none
evt_bd963239c679,expired,endpoint_deleted,False,contact_customer_endpoint_deleted
evt_2f3bb4a70854,expired,payload_too_large,False,reduce_payload_size
evt_35a7b4df5436,expired,endpoint_deleted,False,contact_customer_endpoint_deleted
evt_e53e92034e2c,expired,timeout,True,investigate
evt_c09e4bc364cd,expired,payload_too_large,False,reduce_payload_size
evt_16971e31eb93,expired,payload_too_large,False,reduce_payload_size
evt_0a15d10a7014,expired,payload_too_large,False,reduce_payload_size
evt_a9b391edacf0,expired,payload_too_large,False,reduce_payload_size
evt_95023bddcc45,expired,payload_too_large,False,reduce_payload_size
evt_b2820740032d,expired,endpoint_deleted,False,contact_customer_endpoint_deleted
evt_96508c6fcba4,delivered,none,False,none
evt_b0635ea9b549,expired,payload_too_large,False,reduce_payload_size
evt_9405dc8fd860,expired,endpoint_deleted,False,contact_customer_endpoint_deleted
evt_ddcbbac18e00,delivered,none,False,none
evt_25207b00e537,delivered,none,False,none
evt_29322ebb783c,duplicate,duplicate_event,False,fix_retry_logic
evt_558016dce35c,delivered,none,False,none
evt_e7145c3b35da,delivered,none,False,none
evt_a68bd4f992f6,delivered,none,False,none
evt_7e28b3e6d673,expired,payload_too_large,False,reduce_payload_size
evt_2808543b590c,expired,customer_endpoint_down,True,wait_and_retry
evt_2c1f1297f6ea,delivered,none,False,none
evt_aea1848e8610,delivered,none,False,none
evt_d7abb2c883da,delivered,none,False,none
evt_5944b73ea702,delivered,none,False,none
evt_98b09a65e664,expired,payload_too_large,False,reduce_payload_size
evt_79ca6cd70949,expired,payload_too_large,False,reduce_payload_size
evt_03db12151bff,delivered,none,False,none
evt_5d5c86c94158,expired,malformed_response,True,investigate
evt_62552885b6db,delivered,none,False,none
evt_91c143da08b7,delivered,none,False,none
evt_5d1238ff4f25,expired,endpoint_deleted,False,contact_customer_endpoint_deleted
evt_9b9397b0a901,expired,endpoint_deleted,False,contact_customer_endpoint_deleted
evt_3483ab59057e,delivered,none,False,none
evt_233e9a9453c6,delivered,none,False,none
evt_f754bb2ef394,delivered,none,False,none
evt_038aa634a147,expired,endpoint_deleted,False,contact_customer_endpoint_deleted
evt_88840d94a228,delivered,none,False,none
evt_5c4b0e4bc5ad,delivered,none,False,none
evt_1fc95a297db6,expired,endpoint_deleted,False,contact_customer_endpoint_deleted
evt_89980af6086d,expired,payload_too_large,False,reduce_payload_size
evt_90796ccf49dd,delivered,none,False,none
evt_489da2fb10cc,expired,payload_too_large,False,reduce_payload_size
evt_f56d81c6a637,delivered,none,False,none
evt_64cb1c5f3421,expired,payload_too_large,False,reduce_payload_size
evt_f46322242403,delivered,none,False,none
evt_4f8303f5f2b4,delivered,none,False,none
evt_7f8ce376f3bb,delivered,none,False,none
evt_c816e7459a4a,expired,endpoint_deleted,False,contact_customer_endpoint_deleted
evt_966aff68d431,expired,payload_too_large,False,reduce_payload_size
evt_ac73e78ae2bb,delivered,none,False,none
evt_9950e21730e6,expired,payload_too_large,False,reduce_payload_size
evt_daf039395eb4,expired,payload_too_large,False,reduce_payload_size
evt_5a61a8094be4,expired,payload_too_large,False,reduce_payload_size
evt_07211577a1e6,delivered,none,False,none
evt_b5b3f5f97103,expired,endpoint_deleted,False,contact_customer_endpoint_deleted
evt_7361d0705d64,delivered,none,False,none
evt_5a288e56b7f2,expired,endpoint_deleted,False,contact_customer_endpoint_deleted
evt_c16e6e2fb167,expired,payload_too_large,False,reduce_payload_size
evt_2bf43cff48cb,expired,endpoint_deleted,False,contact_customer_endpoint_deleted
evt_0669356482d4,expired,payload_too_large,False,reduce_payload_size
evt_e58f987bd32a,expired,endpoint_deleted,False,contact_customer_endpoint_deleted
evt_83ce5f672a02,delivered,none,False,none
evt_5ccf3821c447,expired,payload_too_large,False,reduce_payload_size
evt_b8fa1bd444a4,delivered,none,False,none
evt_15f41291740f,expired,payload_too_large,False,reduce_payload_size
evt_2e9b8c644f06,expired,endpoint_deleted,False,contact_customer_endpoint_deleted
evt_4b8de1b8a37b,expired,payload_too_large,False,reduce_payload_size
evt_9e0bd092506c,delivered,none,False,none
evt_e5e5e9ca66da,delivered,none,False,none
evt_288f58032b4c,expired,payload_too_large,False,reduce_payload_size
evt_87e056afb6c8,delivered,none,False,none
evt_fccb19eebadc,expired,payload_too_large,False,reduce_payload_size
evt_de1341d8bfb4,expired,endpoint_deleted,False,contact_customer_endpoint_deleted
evt_e843ef927302,expired,endpoint_deleted,False,contact_customer_endpoint_deleted
evt_78b7321dc0f6,duplicate,duplicate_event,False,fix_retry_logic
evt_5e7908d079c3,duplicate,duplicate_event,False,fix_retry_logic
evt_d26309dfa8f9,delivered,none,False,none
evt_74e664debffa,delivered,none,False,none
evt_e69e8f371613,expired,customer_endpoint_down,True,wait_and_retry
evt_7d428bafc604,delivered,none,False,none
evt_972ee9ea90f6,expired,payload_too_large,False,reduce_payload_size
evt_17a799cd569c,delivered,none,False,none
evt_c0c9e47e632b,delivered,none,False,none
evt_865bc775af67,expired,customer_endpoint_down,True,wait_and_retry
evt_7ca6bfd4972a,expired,endpoint_deleted,False,contact_customer_endpoint_deleted
evt_927de34de257,delivered,none,False,none
evt_7a06be2f5646,expired,payload_too_large,False,reduce_payload_size
evt_9be2cd384444,expired,endpoint_deleted,False,contact_customer_endpoint_deleted
evt_a5da9c4bd94d,expired,payload_too_large,False,reduce_payload_size
evt_c1e73324f224,expired,payload_too_large,False,reduce_payload_size
evt_da9a40758105,expired,timeout,True,investigate
evt_afbdcb84b6d5,expired,endpoint_deleted,False,contact_customer_endpoint_deleted
evt_950addebe75b,recovered,none,False,none
evt_c421749a858b,expired,payload_too_large,False,reduce_payload_size
evt_b4b180f72eb7,expired,payload_too_large,False,reduce_payload_size
evt_18f015080a52,delivered,none,False,none
evt_f7a585d876b5,expired,payload_too_large,False,reduce_payload_size
evt_7206dbc2f287,expired,payload_too_large,False,reduce_payload_size
evt_f734ed031335,expired,endpoint_deleted,False,contact_customer_endpoint_deleted
evt_d8915f4cf508,duplicate,duplicate_event,False,fix_retry_logic
evt_0982e96dc9c5,delivered,none,False,none
evt_51dd4b2b897f,expired,endpoint_deleted,False,contact_customer_endpoint_deleted
evt_1773da0ae04d,delivered,none,False,none
evt_2348fe6c7835,delivered,none,False,none
evt_7482a7a03b1e,delivered,none,False,none
evt_2e14b9fa4ab4,expired,replay_without_fix,False,investigate
evt_6d615a160981,expired,payload_too_large,False,reduce_payload_size
evt_e647064f6b8e,delivered,none,False,none
evt_0dee39c175bd,delivered,none,False,none
evt_51aebb7fdfc8,expired,payload_too_large,False,reduce_payload_size
evt_d23b7a4c34d9,expired,payload_too_large,False,reduce_payload_size
evt_65d9e59d7cf8,delivered,none,False,none
evt_e2d7853c16d0,delivered,none,False,none
evt_38b86f1d222b,duplicate,duplicate_event,False,fix_retry_logic
evt_2cf715fc6014,delivered,none,False,none
evt_649554bb4089,expired,payload_too_large,False,reduce_payload_size
evt_4de9654338df,delivered,none,False,none
evt_f66604add88f,delivered,none,False,none
evt_f6e05c459739,expired,endpoint_deleted,False,contact_customer_endpoint_deleted
evt_dbcbcaa4e80e,expired,payload_too_large,False,reduce_payload_size
evt_a4432268ef47,expired,payload_too_large,False,reduce_payload_size
evt_a1193d4cbc9a,expired,payload_too_large,False,reduce_payload_size
evt_6987e0be9997,expired,endpoint_deleted,False,contact_customer_endpoint_deleted
evt_7d9e0990bbe9,delivered,none,False,none
evt_78805224a04d,expired,endpoint_deleted,False,contact_customer_endpoint_deleted
evt_649195e8a546,delivered,none,False,none
evt_af0f07b66c70,delivered,none,False,none
evt_105371d5b11b,delivered,none,False,none
evt_babfeb2f99a4,expired,payload_too_large,False,reduce_payload_size
evt_59e2090523eb,expired,endpoint_deleted,False,contact_customer_endpoint_deleted
evt_d4ac21ebe017,delivered,none,False,none
evt_8a4638c59c7b,expired,payload_too_large,False,reduce_payload_size
evt_43d446a495b3,delivered,none,False,none
evt_bee5dbef863c,delivered,none,False,none
evt_a2ba25e3a56a,expired,payload_too_large,False,reduce_payload_size
evt_d75e1b26ab53,duplicate,duplicate_event,False,fix_retry_logic
evt_cd8021a63790,expired,payload_too_large,False,reduce_payload_size
evt_7d61d1d97096,delivered,none,False,none
evt_9c2af878ddfa,delivered,none,False,none
evt_3c1cc48b7eb3,expired,malformed_response,True,investigate
evt_243e50173344,delivered,none,False,none
evt_dfb07df4cde3,delivered,none,False,none
evt_bcba3fa26ab0,delivered,none,False,none
evt_b47dcf4b64ab,expired,payload_too_large,False,reduce_payload_size
evt_4ade3ded31d1,delivered,none,False,none
evt_72b0c00650f5,expired,payload_too_large,False,reduce_payload_size
evt_1098602a86b0,delivered,none,False,none
evt_c699c7b5270b,expired,endpoint_deleted,False,contact_customer_endpoint_deleted
evt_2574e13ffa90,delivered,none,False,none
evt_c185fb0499b1,expired,payload_too_large,False,reduce_payload_size
evt_249afaa5399c,delivered,none,False,none
evt_61b87e6772a2,delivered,none,False,none
evt_806a32dcdc74,delivered,none,False,none
evt_7d9d82aed5c6,expired,rate_limited,True,apply_exponential_backoff
evt_4010836db81d,delivered,none,False,none
evt_cf0123ac4ffb,delivered,none,False,none
evt_b772f88ee0e2,delivered,none,False,none
evt_6a69dc3df223,expired,timeout,True,investigate
evt_7750a20183b3,expired,endpoint_deleted,False,contact_customer_endpoint_deleted
evt_e21c0400695f,delivered,none,False,none
evt_00c4ba9eaa61,delivered,none,False,none
evt_27ca2bb5b1ad,delivered,none,False,none
evt_0fab6f871346,delivered,none,False,none
evt_029389498208,expired,endpoint_deleted,False,contact_customer_endpoint_deleted
evt_8a7da905d79e,expired,payload_too_large,False,reduce_payload_size
evt_c05c96ae103b,delivered,none,False,none
evt_94d403acf442,delivered,none,False,none
evt_85ecb2b1462a,delivered,none,False,none
evt_e71bcbdbe42f,delivered,none,False,none
evt_1ea80fd1794e,expired,timeout,True,investigate
evt_3cd5575f86a4,expired,payload_too_large,False,reduce_payload_size
evt_66851fc5d7bf,expired,payload_too_large,False,reduce_payload_size
evt_f92ff56cc309,expired,payload_too_large,False,reduce_payload_size
evt_dddf065ead2c,delivered,none,False,none
evt_03fbe56c66d7,delivered,none,False,none
evt_3b7d81b04e63,expired,endpoint_deleted,False,contact_customer_endpoint_deleted
evt_d35d2630e42c,delivered,none,False,none
evt_0ad43c32c897,expired,payload_too_large,False,reduce_payload_size
evt_5fcd46f34480,expired,payload_too_large,False,reduce_payload_size
evt_9d9510bf47ae,expired,endpoint_deleted,False,contact_customer_endpoint_deleted
evt_e8e7cee02730,expired,endpoint_deleted,False,contact_customer_endpoint_deleted
evt_e34c538bb197,expired,payload_too_large,False,reduce_payload_size
evt_8c229380693f,expired,payload_too_large,False,reduce_payload_size
evt_91f93f4ab24f,delivered,none,False,none
evt_a87b57876303,expired,endpoint_deleted,False,contact_customer_endpoint_deleted
evt_ea31287a2b99,delivered,none,False,none
evt_ac90ab68dbf5,expired,payload_too_large,False,reduce_payload_size
evt_c811f7760614,expired,payload_too_large,False,reduce_payload_size
evt_81b3e6bec69f,delivered,none,False,none
evt_d677c91d577f,delivered,none,False,none
evt_79323cec3fe1,expired,endpoint_deleted,False,contact_customer_endpoint_deleted
evt_59538dc59428,expired,endpoint_deleted,False,contact_customer_endpoint_deleted
evt_70f7ede26335,expired,endpoint_deleted,False,contact_customer_endpoint_deleted
evt_c493323cdd64,delivered,none,False,none
evt_127746d52d92,delivered,none,False,none
evt_622af1c190fc,delivered,none,False,none
evt_01492d3b6ccd,expired,endpoint_deleted,False,contact_customer_endpoint_deleted
evt_fccd2e469e75,expired,endpoint_deleted,False,contact_customer_endpoint_deleted
evt_7ea990f7e5a7,expired,payload_too_large,False,reduce_payload_size
evt_e5b4344cf9f2,delivered,none,False,none
evt_5795788431d7,delivered,none,False,none
evt_0cdde83b542e,expired,payload_too_large,False,reduce_payload_size
evt_31d785ba6f43,expired,endpoint_deleted,False,contact_customer_endpoint_deleted
evt_f48bc51d3b80,delivered,none,False,none
evt_54dec9e27d17,delivered,none,False,none
evt_6248666fc52c,delivered,none,False,none
evt_ea7b7c2b1bfa,delivered,none,False,none
evt_34e9c9090d1c,delivered,none,False,none
evt_faf268af4ce2,delivered,none,False,none
evt_3ae3303ddbb8,expired,payload_too_large,False,reduce_payload_size
evt_528b8ea881fe,expired,endpoint_deleted,False,contact_customer_endpoint_deleted
evt_d0572622902c,expired,payload_too_large,False,reduce_payload_size
evt_a2f624e5c188,expired,payload_too_large,False,reduce_payload_size
evt_ea921427756f,delivered,none,False,none
evt_4431133f5b01,expired,malformed_response,True,investigate
evt_ea74e9825252,expired,payload_too_large,False,reduce_payload_size
evt_bff49821b808,expired,endpoint_deleted,False,contact_customer_endpoint_deleted
evt_54bbc24ec352,delivered,none,False,none
evt_524b7b36d891,delivered,none,False,none
evt_75e2606a566a,expired,payload_too_large,False,reduce_payload_size
evt_a6f3e0b3a4f4,delivered,none,False,none
evt_2f2aba02204e,expired,payload_too_large,False,reduce_payload_size
evt_d3de9de1aa48,delivered,none,False,none
evt_f515e634004c,delivered,none,False,none
evt_0d9c9d92ca1d,expired,endpoint_deleted,False,contact_customer_endpoint_deleted
evt_c1e780e5a63a,delivered,none,False,none
evt_8c66d9108032,delivered,none,False,none
evt_ade13b4a4ad3,expired,endpoint_deleted,False,contact_customer_endpoint_deleted
evt_0e9dacbf9137,delivered,none,False,none
evt_7ccad4953bfa,expired,timeout,True,investigate
evt_ae193459fc6b,delivered,none,False,none
evt_8b6e2c76c0f5,expired,payload_too_large,False,reduce_payload_size
evt_9bb929f125fa,delivered,none,False,none
evt_6b244c1466cf,expired,payload_too_large,False,reduce_payload_size
evt_54ec820153c2,expired,payload_too_large,False,reduce_payload_size
evt_a90077698c08,expired,payload_too_large,False,reduce_payload_size
evt_a7026c9cacd8,expired,payload_too_large,False,reduce_payload_size
evt_c0e713c8794d,expired,payload_too_large,False,reduce_payload_size
evt_0bfb8051cb86,delivered,none,False,none
evt_6b5f9a5f165a,expired,payload_too_large,False,reduce_payload_size
evt_356e33eb25c7,expired,payload_too_large,False,reduce_payload_size
evt_2739417b66a4,delivered,none,False,none
evt_1e08e22de761,expired,endpoint_deleted,False,contact_customer_endpoint_deleted
evt_d9ad0e1579e5,expired,rate_limited,True,apply_exponential_backoff
evt_a079071408e3,delivered,none,False,none
evt_edb7d3a0f4eb,delivered,none,False,none
evt_c234a5a38901,delivered,none,False,none
evt_e3dd0ca01e92,expired,endpoint_deleted,False,contact_customer_endpoint_deleted
evt_f8c81a86f576,delivered,none,False,none
evt_e83eb54739bd,delivered,none,False,none
evt_73f146fdd1fa,delivered,none,False,none
evt_2b0968ec792c,delivered,none,False,none
evt_72a917393b91,expired,payload_too_large,False,reduce_payload_size
evt_c73432106afd,expired,endpoint_deleted,False,contact_customer_endpoint_deleted
evt_6b4d2e1af64e,delivered,none,False,none
evt_032ddc83670e,expired,payload_too_large,False,reduce_payload_size
evt_4b8ab8c11d1a,delivered,none,False,none
evt_a7c2950df3ae,delivered,none,False,none
evt_35a71c82ad3e,delivered,none,False,none
evt_c9b74f8a711e,expired,payload_too_large,False,reduce_payload_size
evt_84eac70227b7,expired,endpoint_deleted,False,contact_customer_endpoint_deleted
evt_4ad61956ea55,expired,payload_too_large,False,reduce_payload_size
evt_8fa3e1465d11,delivered,none,False,none
evt_f2200c3afa94,expired,payload_too_large,False,reduce_payload_size
evt_53a3ebd969c8,expired,rate_limited,True,apply_exponential_backoff
evt_78ccc6e2bd82,delivered,none,False,none
evt_866e3a3727a1,expired,rate_limited,True,apply_exponential_backoff
evt_9597c0adcd8a,delivered,none,False,none
evt_7c2da91a51f2,expired,payload_too_large,False,reduce_payload_size
evt_a79afff33afa,expired,payload_too_large,False,reduce_payload_size
evt_f3ad01213cae,delivered,none,False,none
evt_a20185855343,expired,endpoint_deleted,False,contact_customer_endpoint_deleted
evt_b4a0bf6c4e7e,expired,payload_too_large,False,reduce_payload_size
evt_9f7ff8cae187,expired,payload_too_large,False,reduce_payload_size
evt_bf822a7984bd,delivered,none,False,none
evt_b07f9af82627,expired,payload_too_large,False,reduce_payload_size
evt_ef31cfb09d64,delivered,none,False,none
evt_f19f4941f1b8,duplicate,duplicate_event,False,fix_retry_logic
evt_b96dbc720cc9,delivered,none,False,none
evt_eb969cef4929,delivered,none,False,none
evt_55df60556eb2,expired,endpoint_deleted,False,contact_customer_endpoint_deleted
evt_fc48510561f5,delivered,none,False,none
evt_af9b0b0da375,delivered,none,False,none
evt_aac66caf9ad4,expired,payload_too_large,False,reduce_payload_size
evt_e121003bbae2,expired,replay_without_fix,False,investigate
evt_4de4ca081198,expired,endpoint_deleted,False,contact_customer_endpoint_deleted
evt_2dfd3cb4c909,expired,payload_too_large,False,reduce_payload_size
evt_3b8591b53ce8,delivered,none,False,none
evt_c94c03155e17,expired,malformed_response,True,investigate
evt_aefdfbe1b81e,expired,endpoint_deleted,False,contact_customer_endpoint_deleted
evt_33c629f45593,expired,payload_too_large,False,reduce_payload_size
evt_7c3e0cc15bcd,delivered,none,False,none
evt_b291e9ab3b10,expired,payload_too_large,False,reduce_payload_size
evt_3616f88bd85a,delivered,none,False,none
evt_2bb7554851e8,expired,payload_too_large,False,reduce_payload_size
evt_46db51842a19,expired,payload_too_large,False,reduce_payload_size
evt_c38fd4c654df,expired,malformed_response,True,investigate
evt_1921a8b9ece1,delivered,none,False,none
evt_6e9b1d6aa76d,delivered,none,False,none
evt_0820416d3c63,expired,payload_too_large,False,reduce_payload_size
evt_b2180d58fb3a,expired,payload_too_large,False,reduce_payload_size
evt_d21fa3f2cdfe,duplicate,duplicate_event,False,fix_retry_logic
evt_b219215dfc0d,delivered,none,False,none
evt_cb0dc5ac6b26,expired,payload_too_large,False,reduce_payload_size
evt_b8e1726a38e5,delivered,none,False,none
evt_ca34e0147a26,expired,payload_too_large,False,reduce_payload_size
evt_8679205be2ce,delivered,none,False,none
evt_f8b9664904c0,delivered,none,False,none
evt_acf71593ffff,expired,payload_too_large,False,reduce_payload_size
evt_0c9b288b6ad9,expired,endpoint_deleted,False,contact_customer_endpoint_deleted
evt_dfcb8239dc80,delivered,none,False,none
evt_5af6b1786a3f,expired,payload_too_large,False,reduce_payload_size
evt_a6841460f540,expired,endpoint_deleted,False,contact_customer_endpoint_deleted
evt_c5210a82c333,expired,payload_too_large,False,reduce_payload_size
evt_a83bf2614d63,delivered,none,False,none
evt_4c87e19bfc5e,expired,payload_too_large,False,reduce_payload_size
evt_8098bf41a093,delivered,none,False,none
evt_96387c649c8f,delivered,none,False,none
evt_470a4f064cc6,delivered,none,False,none
evt_ccdd15700655,delivered,none,False,none
evt_9860c9f301b0,expired,payload_too_large,False,reduce_payload_size
evt_e3ddff367a89,delivered,none,False,none
evt_fbefc57e56e9,delivered,none,False,none
evt_4caf2b82fda8,delivered,none,False,none
evt_36885700f5fa,delivered,none,False,none
evt_0cc393c40c81,delivered,none,False,none
evt_df97dde01efa,delivered,none,False,none
evt_d6b37486a861,expired,payload_too_large,False,reduce_payload_size
evt_6419ab156833,expired,endpoint_deleted,False,contact_customer_endpoint_deleted
evt_a84b925fec72,expired,payload_too_large,False,reduce_payload_size
evt_e9b68606b5f4,delivered,none,False,none
evt_e6eb9520a939,expired,payload_too_large,False,reduce_payload_size
evt_fb27a1a2404a,expired,endpoint_deleted,False,contact_customer_endpoint_deleted
evt_1daca4e5e090,expired,payload_too_large,False,reduce_payload_size
evt_dad171ef83be,delivered,none,False,none
evt_94d712274e57,delivered,none,False,none
evt_4c5f64698d6f,expired,payload_too_large,False,reduce_payload_size
evt_48b3defbaab9,delivered,none,False,none
evt_1d4983e36762,expired,payload_too_large,False,reduce_payload_size
evt_499f0c453487,delivered,none,False,none
evt_7737998389fb,delivered,none,False,none
evt_dabdeee6c00a,expired,endpoint_deleted,False,contact_customer_endpoint_deleted
evt_b231ddea6f34,expired,payload_too_large,False,reduce_payload_size
evt_2a1904623b31,expired,payload_too_large,False,reduce_payload_size
evt_1c1e8e980dd6,expired,endpoint_deleted,False,contact_customer_endpoint_deleted
evt_f5f81bf25f22,delivered,none,False,none
evt_4c943fc1a492,delivered,none,False,none
evt_48d4cf274dc2,delivered,none,False,none
evt_a758409fc15f,expired,endpoint_deleted,False,contact_customer_endpoint_deleted
evt_f6bf10e557cd,delivered,none,False,none
evt_600327b79a19,delivered,none,False,none
evt_3d0b598e822f,expired,timeout,True,investigate
evt_9d62e3d116d5,expired,payload_too_large,False,reduce_payload_size
evt_31c5789fa2d2,expired,payload_too_large,False,reduce_payload_size
evt_91ec5150c2ff,delivered,none,False,none
evt_9e073256bba1,expired,payload_too_large,False,reduce_payload_size
evt_d7de2f5f477a,delivered,none,False,none
evt_77a5c85a39d7,recovered,none,False,none
evt_fbc4d2c28045,expired,malformed_response,True,investigate
evt_5071c08f0d8a,expired,endpoint_deleted,False,contact_customer_endpoint_deleted
evt_30fc9e105c88,expired,payload_too_large,False,reduce_payload_size
evt_46b1a08e47a5,expired,payload_too_large,False,reduce_payload_size
evt_a3f676d6c2fe,delivered,none,False,none
evt_c0a257243df7,delivered,none,False,none
evt_0d308a8a226c,expired,invalid_signature,True,verify_signature_config
evt_86739ef692ac,expired,payload_too_large,False,reduce_payload_size
evt_2f87b1914b8c,delivered,none,False,none
evt_d1b8908be4e4,expired,payload_too_large,False,reduce_payload_size
evt_fd91d64ba294,expired,payload_too_large,False,reduce_payload_size
evt_e62b1b79193a,expired,payload_too_large,False,reduce_payload_size
evt_c62b74ad3755,expired,endpoint_deleted,False,contact_customer_endpoint_deleted
evt_705c5fe5a5a2,delivered,none,False,none
evt_d5a7982d9287,expired,payload_too_large,False,reduce_payload_size
evt_1b520881cc2d,expired,payload_too_large,False,reduce_payload_size
evt_5fd3ef1595e2,expired,payload_too_large,False,reduce_payload_size
evt_baa7a27cc9c4,delivered,none,False,none
evt_c156a76a768a,expired,payload_too_large,False,reduce_payload_size
evt_ff041dbdcc1b,delivered,none,False,none
evt_09df6608ebc1,delivered,none,False,none
evt_39406ef5c752,duplicate,duplicate_event,False,fix_retry_logic
evt_bb639b454f37,delivered,none,False,none
evt_16d70a267c59,expired,payload_too_large,False,reduce_payload_size
evt_ebc01ec44bdf,expired,payload_too_large,False,reduce_payload_size
evt_8354a71fefd6,expired,payload_too_large,False,reduce_payload_size
evt_7fc8bac79d11,expired,payload_too_large,False,reduce_payload_size
evt_7360f567d9c4,expired,payload_too_large,False,reduce_payload_size
evt_f2ed64b9c9c1,expired,endpoint_deleted,False,contact_customer_endpoint_deleted
evt_e615edb2d62a,recovered,none,False,none
evt_866dad2e1c34,expired,endpoint_deleted,False,contact_customer_endpoint_deleted
evt_be3ea16042ab,expired,endpoint_deleted,False,contact_customer_endpoint_deleted
evt_d05b04a32fb1,delivered,none,False,none
evt_24ca54a8255d,delivered,none,False,none
evt_25c74d6fb066,expired,payload_too_large,False,reduce_payload_size
evt_bcf6595c4757,expired,payload_too_large,False,reduce_payload_size
evt_d92c2d2452e2,expired,rate_limited,True,apply_exponential_backoff
evt_9401ab9f9d43,delivered,none,False,none
evt_0bb3768c3b77,delivered,none,False,none
evt_2f1a706e21e3,expired,payload_too_large,False,reduce_payload_size
evt_bfaf0ea402e8,delivered,none,False,none
evt_bb0e6b2bd6e3,delivered,none,False,none
evt_cddd2d271608,expired,payload_too_large,False,reduce_payload_size
evt_4c8e76d38702,expired,payload_too_large,False,reduce_payload_size
evt_e2cccd105b3d,expired,endpoint_deleted,False,contact_customer_endpoint_deleted
evt_d0a56fe15980,expired,payload_too_large,False,reduce_payload_size
evt_a905f0d10d1a,duplicate,duplicate_event,False,fix_retry_logic
evt_8a990bdbf6c8,expired,payload_too_large,False,reduce_payload_size
evt_6e6a512c7a83,expired,malformed_response,True,investigate
evt_e5c8eb3513f5,expired,endpoint_deleted,False,contact_customer_endpoint_deleted
evt_06d287a224b6,delivered,none,False,none
evt_2a5f8899751c,expired,payload_too_large,False,reduce_payload_size
evt_583c99a550d5,duplicate,duplicate_event,False,fix_retry_logic
evt_a63c5d6f660f,delivered,none,False,none
evt_7ded02f7a73e,expired,malformed_response,True,investigate
evt_0cb893e4f577,expired,payload_too_large,False,reduce_payload_size
evt_ba9b57d88268,delivered,none,False,none
evt_e077904b435b,expired,payload_too_large,False,reduce_payload_size
evt_9c2d1dfae835,expired,payload_too_large,False,reduce_payload_size
evt_de66d0959cc0,delivered,none,False,none
evt_6cc7d8d146e7,expired,payload_too_large,False,reduce_payload_size
evt_8fb7ed6fb3e7,delivered,none,False,none
evt_4f3650c1016e,expired,endpoint_deleted,False,contact_customer_endpoint_deleted
evt_b8e051a9ea66,expired,payload_too_large,False,reduce_payload_size
evt_c9660fb86a2c,delivered,none,False,none
evt_fb133557125c,delivered,none,False,none
evt_77cbf87910c6,delivered,none,False,none
evt_d54024855215,expired,endpoint_deleted,False,contact_customer_endpoint_deleted
evt_8aaebf8d0f55,delivered,none,False,none
evt_11ce972243c7,delivered,none,False,none
evt_879b213475c2,delivered,none,False,none
evt_fde5c570273a,expired,endpoint_deleted,False,contact_customer_endpoint_deleted
evt_12c92f4652be,expired,payload_too_large,False,reduce_payload_size
evt_987a752aadc6,delivered,none,False,none
evt_f00baeb515b7,expired,payload_too_large,False,reduce_payload_size
evt_86ac463b19e2,delivered,none,False,none
evt_0785a7b1e907,delivered,none,False,none
evt_471258634180,expired,payload_too_large,False,reduce_payload_size
evt_41d33ee5bd11,expired,payload_too_large,False,reduce_payload_size
evt_294c5b7b5cac,expired,endpoint_deleted,False,contact_customer_endpoint_deleted
evt_a68cf6dc1331,expired,payload_too_large,False,reduce_payload_size
evt_44a6997ab73e,expired,payload_too_large,False,reduce_payload_size
evt_26cbc02fe314,expired,customer_endpoint_down,True,wait_and_retry
evt_2a1226bd3713,delivered,none,False,none
evt_8e4c302ea57a,expired,payload_too_large,False,reduce_payload_size
evt_37dad731f7cf,expired,payload_too_large,False,reduce_payload_size
evt_84054b76ea4d,delivered,none,False,none
evt_e004154306c0,delivered,none,False,none
evt_7e6c8515eb66,duplicate,duplicate_event,False,fix_retry_logic
evt_69d27940483c,delivered,none,False,none
evt_611dd81a8dc7,expired,endpoint_deleted,False,contact_customer_endpoint_deleted
evt_1124630c223f,delivered,none,False,none
evt_106a5da736c1,expired,payload_too_large,False,reduce_payload_size
evt_206515c2a2dd,delivered,none,False,none
evt_a18ddec086f2,expired,payload_too_large,False,reduce_payload_size
evt_93f79c2f449c,expired,payload_too_large,False,reduce_payload_size
evt_827ca4f5e8f4,expired,timeout,True,investigate
evt_901922d422d3,expired,payload_too_large,False,reduce_payload_size
evt_d18ca3916f2a,delivered,none,False,none
evt_3ba06b2ee466,expired,payload_too_large,False,reduce_payload_size
evt_e0df29ae56b2,expired,payload_too_large,False,reduce_payload_size
evt_f0429397fe9c,delivered,none,False,none
evt_badd2fafa08c,expired,endpoint_deleted,False,contact_customer_endpoint_deleted
evt_deb599a29fef,delivered,none,False,none
evt_9d8767784554,expired,endpoint_deleted,False,contact_customer_endpoint_deleted
evt_980a11f23b25,delivered,none,False,none
evt_9f295ce65150,expired,payload_too_large,False,reduce_payload_size
evt_dcc4dc4f373b,expired,payload_too_large,False,reduce_payload_size
evt_e70e2a506adf,expired,payload_too_large,False,reduce_payload_size
evt_89c970a495bc,expired,payload_too_large,False,reduce_payload_size
evt_11897af97f22,expired,payload_too_large,False,reduce_payload_size
evt_8632adc16e10,expired,endpoint_deleted,False,contact_customer_endpoint_deleted
evt_5700a2a2413d,expired,payload_too_large,False,reduce_payload_size
evt_73318bd17f71,expired,payload_too_large,False,reduce_payload_size
evt_271db6971da3,delivered,none,False,none
evt_b901460b5f04,delivered,none,False,none
evt_be8f692474ad,expired,payload_too_large,False,reduce_payload_size
evt_3e5db88f8c33,expired,payload_too_large,False,reduce_payload_size
evt_76ca41b0f6a6,expired,payload_too_large,False,reduce_payload_size
evt_faef52f47a9b,delivered,none,False,none
evt_f345180995ed,expired,payload_too_large,False,reduce_payload_size
evt_065d07061230,expired,endpoint_deleted,False,contact_customer_endpoint_deleted
evt_0bf5cf9624da,delivered,none,False,none
evt_c405b24470c2,expired,payload_too_large,False,reduce_payload_size
evt_6e2bbac9b880,delivered,none,False,none
evt_47570b071a62,expired,payload_too_large,False,reduce_payload_size
evt_3056c5a8588c,delivered,none,False,none
evt_270617de08bd,delivered,none,False,none
evt_bebd4d14d0aa,delivered,none,False,none
evt_56787e9f701a,delivered,none,False,none
evt_10c768d6235a,delivered,none,False,none
evt_d64fe7d9d86f,expired,endpoint_deleted,False,contact_customer_endpoint_deleted
evt_06c7f40fff97,delivered,none,False,none
evt_b577413f9270,expired,timeout,True,investigate
evt_9f767051aed3,delivered,none,False,none
evt_ac4db0d3e822,delivered,none,False,none
evt_c3c4637c2de9,delivered,none,False,none
evt_b4ec60033f02,expired,payload_too_large,False,reduce_payload_size
evt_a747ca856333,delivered,none,False,none
evt_ab164e222082,expired,payload_too_large,False,reduce_payload_size
evt_eacc503a4a03,expired,customer_endpoint_down,True,wait_and_retry
evt_46525ae558b8,delivered,none,False,none
evt_40aa4eb0c6fa,delivered,none,False,none
evt_d7c80c154b23,expired,payload_too_large,False,reduce_payload_size
evt_b5389ea05b8a,expired,payload_too_large,False,reduce_payload_size
evt_7f65cb909247,expired,payload_too_large,False,reduce_payload_size
evt_b347ceda932e,expired,endpoint_deleted,False,contact_customer_endpoint_deleted
evt_0769ffc828a2,delivered,none,False,none
evt_3b226a8f6f9d,delivered,none,False,none
evt_607e164f2415,expired,payload_too_large,False,reduce_payload_size
evt_75f3acd626a2,delivered,none,False,none
evt_eaf53ad92832,expired,payload_too_large,False,reduce_payload_size
evt_06935afa14de,expired,payload_too_large,False,reduce_payload_size
evt_41b3bf105593,expired,payload_too_large,False,reduce_payload_size
evt_08e3e88604e6,expired,endpoint_deleted,False,contact_customer_endpoint_deleted
evt_3c9eff3e1bc5,expired,payload_too_large,False,reduce_payload_size
evt_e124f1dcffc2,delivered,none,False,none
evt_d93a1978b9a8,expired,payload_too_large,False,reduce_payload_size
evt_7e6585903c96,delivered,none,False,none
evt_4ba9f620bdb3,expired,payload_too_large,False,reduce_payload_size
evt_0b954e2d2e05,delivered,none,False,none
evt_98de4a805a2f,delivered,none,False,none
evt_c8b22d54767b,expired,payload_too_large,False,reduce_payload_size
evt_fc3c2ddfcfa4,delivered,none,False,none
evt_a207da02ae56,delivered,none,False,none
evt_3ac3d7eaa340,expired,timeout,True,investigate
evt_2b4cac08b9e7,delivered,none,False,none
evt_98e3ac630e5c,expired,payload_too_large,False,reduce_payload_size
evt_21735d7f855c,delivered,none,False,none
evt_415326bcaa56,expired,endpoint_deleted,False,contact_customer_endpoint_deleted
evt_98fb639cb8ed,delivered,none,False,none
evt_997e300c20d5,expired,payload_too_large,False,reduce_payload_size
evt_7a3306f0da48,expired,customer_endpoint_down,True,wait_and_retry
evt_5fa87465d9ee,expired,endpoint_deleted,False,contact_customer_endpoint_deleted
evt_6c2a4a2205f1,delivered,none,False,none
evt_195ebfe30295,delivered,none,False,none
evt_0e3f9fcd48af,delivered,none,False,none
evt_0a589773dcc8,expired,payload_too_large,False,reduce_payload_size
evt_d962d40f3eae,delivered,none,False,none
evt_40fca90d9b49,duplicate,duplicate_event,False,fix_retry_logic
evt_a3712f2cbde0,delivered,none,False,none
evt_3ff85d5519df,delivered,none,False,none
evt_6f5eaf4ca95e,duplicate,duplicate_event,False,fix_retry_logic
evt_1d07174e14a2,delivered,none,False,none
evt_772df078fc2b,delivered,none,False,none
evt_1c141bd341cb,delivered,none,False,none
evt_ee894132c1b2,expired,endpoint_deleted,False,contact_customer_endpoint_deleted
evt_a5140ed3ee43,expired,payload_too_large,False,reduce_payload_size
evt_86b8b9a05458,delivered,none,False,none
evt_96026b53c0e2,expired,endpoint_deleted,False,contact_customer_endpoint_deleted
evt_44b8cc4c79d3,delivered,none,False,none
evt_c123aa8fd68d,expired,payload_too_large,False,reduce_payload_size
evt_34b7e2f784b8,delivered,none,False,none
evt_23572dc4bd3a,delivered,none,False,none
evt_4d12bab7744a,delivered,none,False,none
evt_da1776113931,expired,payload_too_large,False,reduce_payload_size
evt_7e1689d93e83,delivered,none,False,none
evt_5bcb27930376,expired,payload_too_large,False,reduce_payload_size
evt_006a12a15fa0,expired,payload_too_large,False,reduce_payload_size
evt_e628cba32c9f,delivered,none,False,none
evt_2d86ae2ee0fe,expired,customer_endpoint_down,True,wait_and_retry
evt_3af07b6f00da,expired,payload_too_large,False,reduce_payload_size
evt_3cc14968f8dd,expired,payload_too_large,False,reduce_payload_size
evt_8bf17c0988d3,expired,endpoint_deleted,False,contact_customer_endpoint_deleted
evt_9721bdcd81fa,delivered,none,False,none
evt_a2614865bd81,delivered,none,False,none
evt_5f8cae65eaf7,expired,payload_too_large,False,reduce_payload_size
evt_d57e18783b5c,expired,payload_too_large,False,reduce_payload_size
evt_23ce173f9965,delivered,none,False,none
evt_ac2813c72686,delivered,none,False,none
evt_2b05a9a93162,expired,payload_too_large,False,reduce_payload_size
evt_a2e0f5b9f744,delivered,none,False,none
evt_0eb3970f78c6,delivered,none,False,none
evt_551defa0051e,delivered,none,False,none
evt_9b3a69013ab5,delivered,none,False,none
evt_bd30e188833d,delivered,none,False,none
evt_441c74a41b40,delivered,none,False,none
evt_87a3fc9c19d3,expired,payload_too_large,False,reduce_payload_size
evt_90428d876dda,expired,payload_too_large,False,reduce_payload_size
evt_db250b90f452,expired,payload_too_large,False,reduce_payload_size
evt_1f0852a2fa59,delivered,none,False,none
evt_fa921cb5f259,delivered,none,False,none
evt_992b20ab6a0f,delivered,none,False,none
evt_ab6eaadbb8f7,expired,payload_too_large,False,reduce_payload_size
evt_7e50e88b0d2c,expired,endpoint_deleted,False,contact_customer_endpoint_deleted
evt_0ce245534fc5,delivered,none,False,none
evt_8ff11d873859,expired,timeout,True,investigate
evt_b478a05ecb44,expired,rate_limited,True,apply_exponential_backoff
evt_d292b834a9bc,expired,endpoint_deleted,False,contact_customer_endpoint_deleted
evt_aef272107ada,delivered,none,False,none
evt_b0bd75e64581,duplicate,duplicate_event,False,fix_retry_logic
evt_bcbd01c3dc90,delivered,none,False,none
evt_8384684d5c1b,expired,payload_too_large,False,reduce_payload_size
evt_62331c4650bf,delivered,none,False,none
evt_beae96459b9d,expired,payload_too_large,False,reduce_payload_size
evt_ef9b9a00c7f7,delivered,none,False,none
evt_17747cc7d536,delivered,none,False,none
evt_6ac17ffb240f,expired,endpoint_deleted,False,contact_customer_endpoint_deleted
evt_87a649957226,expired,endpoint_deleted,False,contact_customer_endpoint_deleted
evt_472a085f8209,delivered,none,False,none
evt_efa422e1196d,delivered,none,False,none
evt_46139f8401b9,expired,endpoint_deleted,False,contact_customer_endpoint_deleted
evt_d3771d496433,expired,payload_too_large,False,reduce_payload_size
evt_035c04c60c17,expired,payload_too_large,False,reduce_payload_size
evt_ce8ab6a6ab89,delivered,none,False,none
evt_306228756910,expired,endpoint_deleted,False,contact_customer_endpoint_deleted
evt_9b5793129b51,delivered,none,False,none
evt_aa3d1832b813,expired,payload_too_large,False,reduce_payload_size
evt_91a6e0f82eee,delivered,none,False,none
evt_185b9a61375a,delivered,none,False,none
evt_d56f1cda5f55,expired,endpoint_deleted,False,contact_customer_endpoint_deleted
evt_5b5ad96dde81,expired,endpoint_deleted,False,contact_customer_endpoint_deleted
evt_25a14abaa7b0,expired,endpoint_deleted,False,contact_customer_endpoint_deleted
evt_b3d8974e9921,expired,payload_too_large,False,reduce_payload_size
evt_4531570f8fd1,delivered,none,False,none
evt_edf76cf389eb,expired,payload_too_large,False,reduce_payload_size
evt_8ccf1e16a638,expired,endpoint_deleted,False,contact_customer_endpoint_deleted
evt_17518b3e893e,expired,payload_too_large,False,reduce_payload_size
evt_34662088ab8b,expired,payload_too_large,False,reduce_payload_size
evt_5c2a683b9c8f,delivered,none,False,none
evt_bb3c80e1b6e5,expired,payload_too_large,False,reduce_payload_size
evt_b6bc4c55350c,delivered,none,False,none
evt_f9263cfea191,expired,payload_too_large,False,reduce_payload_size
evt_6f893950b905,expired,customer_endpoint_down,True,wait_and_retry
evt_6244d6b1b343,expired,rate_limited,True,apply_exponential_backoff
evt_0fae74f328bd,expired,payload_too_large,False,reduce_payload_size
evt_3ddbf0e25cca,expired,customer_endpoint_down,True,wait_and_retry
evt_f0c7cc5c7bff,expired,payload_too_large,False,reduce_payload_size
evt_566c4811bd05,delivered,none,False,none
evt_b25cfbd567ea,duplicate,duplicate_event,False,fix_retry_logic
evt_978f8ce20f7b,delivered,none,False,none
evt_66bbc01166ee,expired,payload_too_large,False,reduce_payload_size
evt_ba094cbd7e02,delivered,none,False,none
evt_b220181a94b6,expired,payload_too_large,False,reduce_payload_size
evt_bbb4aefe42ec,expired,payload_too_large,False,reduce_payload_size
evt_27f1279bae73,delivered,none,False,none
evt_5fffa372c57b,delivered,none,False,none
evt_3e730d84ecd6,expired,malformed_response,True,investigate
evt_92af7be185d0,expired,payload_too_large,False,reduce_payload_size
evt_6a79e4985870,delivered,none,False,none
evt_65a887f6c9f5,expired,payload_too_large,False,reduce_payload_size
evt_7596972241d3,expired,payload_too_large,False,reduce_payload_size
evt_c81e811a4984,delivered,none,False,none
evt_a1955c5cff96,expired,replay_without_fix,False,investigate
evt_1295237d7624,delivered,none,False,none
evt_0527d44e53aa,expired,payload_too_large,False,reduce_payload_size
evt_5a92cebfc12b,delivered,none,False,none
evt_02b3c1ebd76a,delivered,none,False,none
evt_3ceefc7b3d86,expired,endpoint_deleted,False,contact_customer_endpoint_deleted
evt_56c6aabfa56a,expired,payload_too_large,False,reduce_payload_size
evt_d1c1e6778da6,expired,payload_too_large,False,reduce_payload_size
evt_b8215644d21b,delivered,none,False,none
evt_7fd4a624bb20,delivered,none,False,none
evt_c0267a002cdc,expired,payload_too_large,False,reduce_payload_size
evt_9c8889b340f0,delivered,none,False,none
evt_5eb490deeeca,expired,endpoint_deleted,False,contact_customer_endpoint_deleted
evt_81171a0a178c,recovered,none,False,none
evt_02fa76c0f7bd,expired,payload_too_large,False,reduce_payload_size
evt_80bb86f6cdae,expired,replay_without_fix,False,investigate
evt_cac630b6d141,expired,endpoint_deleted,False,contact_customer_endpoint_deleted
evt_c335c240fec8,expired,malformed_response,True,investigate
evt_231157aa86fa,delivered,none,False,none
evt_362b11e97693,expired,payload_too_large,False,reduce_payload_size
evt_e2ca9f817a21,delivered,none,False,none
evt_bdf70b2cf796,expired,customer_endpoint_down,True,wait_and_retry
evt_e6b65f26896a,delivered,none,False,none
evt_a05d4dd7054f,delivered,none,False,none
evt_36a1847ff1cb,expired,endpoint_deleted,False,contact_customer_endpoint_deleted
evt_684157aa23d9,expired,payload_too_large,False,reduce_payload_size
evt_c7516dc8f3b3,expired,endpoint_deleted,False,contact_customer_endpoint_deleted
evt_e2afeedaa51c,delivered,none,False,none
evt_144270f32da8,expired,endpoint_deleted,False,contact_customer_endpoint_deleted
evt_01e867e63ac8,delivered,none,False,none
evt_58cc49403e41,delivered,none,False,none
evt_2cdc6c1b7752,delivered,none,False,none
evt_76fc6787816a,delivered,none,False,none
evt_c2e8304cff69,delivered,none,False,none
evt_f47d0cd6ab4c,expired,payload_too_large,False,reduce_payload_size
evt_670869ac5358,delivered,none,False,none
evt_db0105d61192,expired,payload_too_large,False,reduce_payload_size
evt_047aefa752fd,expired,payload_too_large,False,reduce_payload_size
evt_a7a39e1b6bd4,expired,endpoint_deleted,False,contact_customer_endpoint_deleted
evt_0d6b9a78c3cb,delivered,none,False,none
evt_819e4574ed3b,delivered,none,False,none
evt_766c86c36c53,expired,endpoint_deleted,False,contact_customer_endpoint_deleted
evt_0c6327d49ee1,delivered,none,False,none
evt_b8768d7aa92d,expired,payload_too_large,False,reduce_payload_size
evt_cd85f5918348,delivered,none,False,none
evt_e9218e99f199,expired,payload_too_large,False,reduce_payload_size
evt_547837118d74,delivered,none,False,none
evt_b2e61f02e606,expired,endpoint_deleted,False,contact_customer_endpoint_deleted
evt_ca48cf2045d1,expired,endpoint_deleted,False,contact_customer_endpoint_deleted
evt_a8897b8deaba,expired,payload_too_large,False,reduce_payload_size
evt_f4f291b4cf59,delivered,none,False,none
evt_29d30936a7f2,delivered,none,False,none
evt_e9bfe6825310,expired,customer_endpoint_down,True,wait_and_retry
evt_e93322784756,delivered,none,False,none
evt_9720a5dd4e94,expired,endpoint_deleted,False,contact_customer_endpoint_deleted
evt_33101c89ca8d,expired,malformed_response,True,investigate
evt_964eb52c4c0c,expired,malformed_response,True,investigate
evt_1621672666d0,delivered,none,False,none
evt_b6f96bd7bb19,expired,payload_too_large,False,reduce_payload_size
evt_4df4c0dba776,expired,payload_too_large,False,reduce_payload_size
evt_3ed09a279549,expired,payload_too_large,False,reduce_payload_size
evt_0b70e9601dd0,expired,payload_too_large,False,reduce_payload_size
evt_b9839f8e0b37,expired,invalid_signature,True,verify_signature_config
evt_b6b2ebfe0517,delivered,none,False,none
evt_ca25bc6e826b,expired,endpoint_deleted,False,contact_customer_endpoint_deleted
evt_e88ec5b437db,expired,payload_too_large,False,reduce_payload_size
evt_7fb54bd6a1bc,expired,timeout,True,investigate
evt_a16665838377,expired,payload_too_large,False,reduce_payload_size
evt_1709cf400a06,delivered,none,False,none
evt_c50e8a814d34,expired,endpoint_deleted,False,contact_customer_endpoint_deleted
evt_cce8303685d0,delivered,none,False,none
evt_27e9fdd389f6,delivered,none,False,none
evt_a0526ab884b1,delivered,none,False,none
evt_d0fc411ed501,delivered,none,False,none
evt_63aef890b05c,delivered,none,False,none
evt_2196b4ec07a6,expired,payload_too_large,False,reduce_payload_size
evt_04dbd0c5e820,delivered,none,False,none
evt_6cbbfe48bd9b,expired,endpoint_deleted,False,contact_customer_endpoint_deleted
evt_efa7c1fe98cf,delivered,none,False,none
evt_961b18437fd7,expired,endpoint_deleted,False,contact_customer_endpoint_deleted
evt_21161486ff40,expired,customer_endpoint_down,True,wait_and_retry
evt_7f9b215ee492,expired,payload_too_large,False,reduce_payload_size
evt_b0732bb08567,expired,payload_too_large,False,reduce_payload_size
evt_4537aa1d629d,delivered,none,False,none
evt_4f36a82c3187,delivered,none,False,none
evt_b47338d3c9f0,expired,payload_too_large,False,reduce_payload_size
evt_d73f54901289,delivered,none,False,none
evt_2f8d9ccb982b,expired,payload_too_large,False,reduce_payload_size
evt_d8fc59ba2f40,delivered,none,False,none
evt_1533a00bb358,delivered,none,False,none
evt_6aa9dfbbb42b,delivered,none,False,none
evt_d957608226da,expired,payload_too_large,False,reduce_payload_size
evt_37f226a4a35c,expired,payload_too_large,False,reduce_payload_size
evt_0042e7917cfd,expired,payload_too_large,False,reduce_payload_size
evt_35058dec7d6a,expired,payload_too_large,False,reduce_payload_size
evt_c7688d051bb9,expired,endpoint_deleted,False,contact_customer_endpoint_deleted
evt_baf47d0e752f,delivered,none,False,none
evt_49ce75733ce0,expired,payload_too_large,False,reduce_payload_size
evt_d9513580c1ec,expired,endpoint_deleted,False,contact_customer_endpoint_deleted
evt_863ed261f569,expired,payload_too_large,False,reduce_payload_size
evt_985872b31cf6,delivered,none,False,none
evt_e3f162844818,delivered,none,False,none
evt_5ad757e6dddd,expired,endpoint_deleted,False,contact_customer_endpoint_deleted
evt_5f70eb4c435f,expired,timeout,True,investigate
evt_541713c7e769,delivered,none,False,none
evt_ba0e20da3994,expired,endpoint_deleted,False,contact_customer_endpoint_deleted
evt_4e2270378fe1,delivered,none,False,none
evt_365dad5b9a04,expired,endpoint_deleted,False,contact_customer_endpoint_deleted
evt_24296e579903,expired,payload_too_large,False,reduce_payload_size
evt_f4cdaf5df866,delivered,none,False,none
evt_c88130a24894,delivered,none,False,none
evt_721e332f62b6,expired,payload_too_large,False,reduce_payload_size
evt_615f950c3653,expired,payload_too_large,False,reduce_payload_size
evt_788898f0b9eb,expired,payload_too_large,False,reduce_payload_size
evt_7e010ad64028,expired,payload_too_large,False,reduce_payload_size
evt_49c8e97446e2,duplicate,duplicate_event,False,fix_retry_logic
evt_ff5913dec39a,expired,payload_too_large,False,reduce_payload_size
evt_ee5df169d60e,delivered,none,False,none
evt_c152cb67209a,delivered,none,False,none
evt_75d49fbe2f0a,delivered,none,False,none
evt_c166c57e1b54,expired,malformed_response,True,investigate
evt_e63a34080a47,delivered,none,False,none
evt_b7dd6a1e6bee,expired,replay_without_fix,False,investigate
evt_efc84fd41e5f,delivered,none,False,none
evt_f1cfc8c76bad,expired,payload_too_large,False,reduce_payload_size
evt_206f03a3f056,delivered,none,False,none
evt_b82fa5d5dbbf,duplicate,duplicate_event,False,fix_retry_logic
evt_c3a1b2466198,delivered,none,False,none
evt_9bd6d0a08d97,expired,payload_too_large,False,reduce_payload_size
evt_2d7a3cf0b293,delivered,none,False,none
evt_e1c3b1ce9d4f,delivered,none,False,none
evt_4aedc188a53c,expired,payload_too_large,False,reduce_payload_size
evt_4ee2a491104b,expired,malformed_response,True,investigate
evt_9f3050e753aa,expired,endpoint_deleted,False,contact_customer_endpoint_deleted
evt_38b153a518b9,expired,payload_too_large,False,reduce_payload_size
evt_521a2a2946a2,delivered,none,False,none
evt_6f2219b0a4d3,expired,payload_too_large,False,reduce_payload_size
evt_af303d63d273,expired,payload_too_large,False,reduce_payload_size
evt_8d1e78226c71,delivered,none,False,none
evt_fde885d3aad8,delivered,none,False,none
evt_f671012bdd35,delivered,none,False,none
evt_45363d8a2695,delivered,none,False,none
evt_20715623df02,delivered,none,False,none
evt_c2617e9d160a,expired,payload_too_large,False,reduce_payload_size
evt_7646f7656390,expired,payload_too_large,False,reduce_payload_size
evt_05b576f1681a,expired,malformed_response,True,investigate
evt_32c0b5d6031c,expired,payload_too_large,False,reduce_payload_size
evt_25a951716265,delivered,none,False,none
evt_e241226d8455,expired,payload_too_large,False,reduce_payload_size
evt_9a4de30f6879,expired,payload_too_large,False,reduce_payload_size
evt_b9f6fc3e5982,expired,payload_too_large,False,reduce_payload_size
evt_97276b379266,delivered,none,False,none
evt_cf4bc0e46f33,delivered,none,False,none
evt_d0c44dc329fc,expired,endpoint_deleted,False,contact_customer_endpoint_deleted
evt_ef12a49e5721,delivered,none,False,none
evt_3c12f1759b80,expired,timeout,True,investigate
evt_01182eb42438,delivered,none,False,none
evt_82101e0d454f,expired,customer_endpoint_down,True,wait_and_retry
evt_651fe6f108f2,expired,timeout,True,investigate
evt_4ae2a2d1347b,duplicate,duplicate_event,False,fix_retry_logic
evt_b4538b8c4999,delivered,none,False,none
evt_5c209790229b,expired,replay_without_fix,False,investigate
evt_a41173747cb2,expired,replay_without_fix,False,investigate
evt_d9451afdc450,expired,payload_too_large,False,reduce_payload_size
evt_70566c425aa2,expired,payload_too_large,False,reduce_payload_size
evt_efc7ef1d7b0d,expired,timeout,True,investigate
evt_5a8506a3afe9,delivered,none,False,none
evt_41d08bf0904b,expired,timeout,True,investigate
evt_6ad41be3f753,expired,payload_too_large,False,reduce_payload_size
evt_83458af238cf,delivered,none,False,none
evt_1435561ee8fc,expired,payload_too_large,False,reduce_payload_size
evt_33f63c9db5ca,expired,malformed_response,True,investigate
evt_a61d705c605d,delivered,none,False,none
evt_c419ff82ecb4,expired,payload_too_large,False,reduce_payload_size
evt_6113edadecbb,duplicate,duplicate_event,False,fix_retry_logic
evt_ee21b77e2143,expired,payload_too_large,False,reduce_payload_size
evt_f9092ca8cc44,delivered,none,False,none
evt_1c29e24c45c2,expired,endpoint_deleted,False,contact_customer_endpoint_deleted
evt_c8c50fac4307,delivered,none,False,none
evt_d7eb6a3f7385,expired,payload_too_large,False,reduce_payload_size
evt_c9df577f0f3c,delivered,none,False,none
evt_704edccb2e3a,expired,payload_too_large,False,reduce_payload_size
evt_a6376d1c9c14,delivered,none,False,none
evt_825f678b786c,expired,endpoint_deleted,False,contact_customer_endpoint_deleted
evt_39c98f70f23e,expired,payload_too_large,False,reduce_payload_size
evt_1f1474ac06fb,expired,payload_too_large,False,reduce_payload_size
evt_1a5703908583,duplicate,duplicate_event,False,fix_retry_logic
evt_8bc087386129,expired,payload_too_large,False,reduce_payload_size
evt_d6c6da9d678c,delivered,none,False,none
evt_5736895977db,delivered,none,False,none
evt_ef4e6cd88afb,expired,payload_too_large,False,reduce_payload_size
evt_a20d70903a49,expired,payload_too_large,False,reduce_payload_size
evt_32a98d4b29c2,recovered,none,False,none
evt_93ad09d24654,expired,payload_too_large,False,reduce_payload_size
evt_946efee1a8ad,delivered,none,False,none
evt_03bc14df26ad,delivered,none,False,none
evt_0bbe24e6b214,expired,payload_too_large,False,reduce_payload_size
evt_3bc294fa1e69,expired,endpoint_deleted,False,contact_customer_endpoint_deleted
evt_1ee730325056,expired,endpoint_deleted,False,contact_customer_endpoint_deleted
evt_7176164e49e8,delivered,none,False,none
evt_1f9f082c9270,expired,malformed_response,True,investigate
evt_8675a6af9ba1,delivered,none,False,none
evt_b051b1ec8dae,delivered,none,False,none
evt_ce88b499e2f1,delivered,none,False,none
evt_5fe9f4ca091f,delivered,none,False,none
evt_ad2094354298,delivered,none,False,none
evt_8104ec2732e1,delivered,none,False,none
evt_28c449daffe0,delivered,none,False,none
evt_b8b500c357eb,expired,payload_too_large,False,reduce_payload_size
evt_65fbddb1e5fb,delivered,none,False,none
evt_124bc6eed9aa,expired,payload_too_large,False,reduce_payload_size
evt_accf7859c3ff,delivered,none,False,none
evt_7081d56af3b4,expired,endpoint_deleted,False,contact_customer_endpoint_deleted
evt_494a8ca56d88,expired,payload_too_large,False,reduce_payload_size
evt_1881ad438a9f,delivered,none,False,none
evt_76b14f747de5,expired,payload_too_large,False,reduce_payload_size
evt_d6435d92f5c7,expired,payload_too_large,False,reduce_payload_size
evt_5d141e1d92b2,expired,payload_too_large,False,reduce_payload_size
evt_b81d611d3c0f,expired,replay_without_fix,False,investigate
evt_a9b75d270cb9,delivered,none,False,none
evt_e575fc4d2b7b,expired,payload_too_large,False,reduce_payload_size
evt_09e30ed91c98,expired,payload_too_large,False,reduce_payload_size
evt_9f8bd22feacd,expired,payload_too_large,False,reduce_payload_size
evt_5dcabaa06ae7,expired,endpoint_deleted,False,contact_customer_endpoint_deleted
evt_329980c1214f,delivered,none,False,none
evt_5c06e3bf4479,expired,payload_too_large,False,reduce_payload_size
evt_a60d80afcd32,expired,endpoint_deleted,False,contact_customer_endpoint_deleted
evt_bdcb9eea4c74,expired,endpoint_deleted,False,contact_customer_endpoint_deleted
evt_f66c55e441fb,expired,timeout,True,investigate
evt_46d3a76b5870,expired,payload_too_large,False,reduce_payload_size
evt_f09aaee63f5c,expired,customer_endpoint_down,True,wait_and_retry
evt_255c422296d6,expired,payload_too_large,False,reduce_payload_size
evt_2c475b246ece,delivered,none,False,none
evt_79587cede90a,delivered,none,False,none
evt_dcbb5258f4e4,expired,payload_too_large,False,reduce_payload_size
evt_0d09e7abc8d3,delivered,none,False,none
evt_8bf925807946,delivered,none,False,none
evt_1d859f3bc608,delivered,none,False,none
evt_a5462610cead,expired,payload_too_large,False,reduce_payload_size
evt_c3be209dc879,expired,malformed_response,True,investigate
evt_d56bfcba3009,expired,endpoint_deleted,False,contact_customer_endpoint_deleted
evt_1243a0edcc0c,delivered,none,False,none
evt_679284c0b061,delivered,none,False,none
evt_11fcef61b0ba,expired,endpoint_deleted,False,contact_customer_endpoint_deleted
evt_de0f5fe4cf9d,expired,payload_too_large,False,reduce_payload_size
evt_dd04e8959c69,delivered,none,False,none
evt_037226a0e4f2,expired,payload_too_large,False,reduce_payload_size
evt_407fc70c3824,expired,payload_too_large,False,reduce_payload_size
evt_98ff2a716914,expired,payload_too_large,False,reduce_payload_size
evt_3067620c79b1,delivered,none,False,none
evt_a9d43673774d,expired,endpoint_deleted,False,contact_customer_endpoint_deleted
evt_22d6c1a73e5c,delivered,none,False,none
evt_1b6602b9edcf,expired,payload_too_large,False,reduce_payload_size
evt_0cdb284c237b,delivered,none,False,none
evt_0f4dba4beca4,delivered,none,False,none
evt_280ba001485b,delivered,none,False,none
evt_71d3a48d0885,delivered,none,False,none
evt_dff0dee4ed09,expired,endpoint_deleted,False,contact_customer_endpoint_deleted
evt_d59feaf452b4,expired,replay_without_fix,False,investigate
evt_ba0ae992f3bd,expired,payload_too_large,False,reduce_payload_size
evt_db3085127a00,expired,payload_too_large,False,reduce_payload_size
evt_4bbec80f013d,expired,customer_endpoint_down,True,wait_and_retry
evt_f449f73042f4,expired,payload_too_large,False,reduce_payload_size
evt_f539bf9de27f,expired,payload_too_large,False,reduce_payload_size
evt_17fc0a5db042,delivered,none,False,none
evt_a6b64818c1fa,expired,payload_too_large,False,reduce_payload_size
evt_c97c601480cc,expired,endpoint_deleted,False,contact_customer_endpoint_deleted
evt_1cdb2b00e75f,expired,payload_too_large,False,reduce_payload_size
evt_cab2913cf556,delivered,none,False,none
evt_d9e662579d63,expired,payload_too_large,False,reduce_payload_size
evt_f25ca5ab62b8,expired,endpoint_deleted,False,contact_customer_endpoint_deleted
evt_26301274aa87,delivered,none,False,none
evt_d9bdd053acdd,expired,payload_too_large,False,reduce_payload_size
evt_7d08fe958fd9,expired,payload_too_large,False,reduce_payload_size
evt_4028b4f1fc68,delivered,none,False,none
evt_c056cff9783f,expired,malformed_response,True,investigate
evt_d03594b0650b,delivered,none,False,none
evt_c41c8fa7426a,expired,payload_too_large,False,reduce_payload_size
evt_c5840ab4af77,delivered,none,False,none
evt_a3dea7bafa06,expired,endpoint_deleted,False,contact_customer_endpoint_deleted
evt_60365cb65d92,delivered,none,False,none
evt_535c1b029ee6,expired,payload_too_large,False,reduce_payload_size
evt_732898cfb2d7,duplicate,duplicate_event,False,fix_retry_logic
evt_4f22ba5794d3,expired,payload_too_large,False,reduce_payload_size
evt_2dd3d9719ba6,expired,endpoint_deleted,False,contact_customer_endpoint_deleted
evt_4b03693c5fe3,expired,payload_too_large,False,reduce_payload_size
evt_72db206796fd,expired,payload_too_large,False,reduce_payload_size
evt_e0b335522009,delivered,none,False,none
evt_0fa297062d31,delivered,none,False,none
evt_f35511b1756c,delivered,none,False,none
evt_07b0ae613122,expired,payload_too_large,False,reduce_payload_size
evt_936d3b86aeff,expired,payload_too_large,False,reduce_payload_size
evt_4b30f1a776c7,delivered,none,False,none
evt_b4ab1b7240c9,expired,payload_too_large,False,reduce_payload_size
evt_c4763b6eab42,delivered,none,False,none
evt_b6767c5018b8,expired,payload_too_large,False,reduce_payload_size
evt_36f6502eff5b,expired,payload_too_large,False,reduce_payload_size
evt_9822bc543144,expired,rate_limited,True,apply_exponential_backoff
evt_e055c8cfd315,delivered,none,False,none
evt_3f9739142264,delivered,none,False,none
evt_331716bd9afb,expired,payload_too_large,False,reduce_payload_size
evt_f214e1af262d,expired,endpoint_deleted,False,contact_customer_endpoint_deleted
evt_7f7f8b1ad169,expired,customer_endpoint_down,True,wait_and_retry
evt_a2c2b53fe4be,expired,payload_too_large,False,reduce_payload_size
evt_c7a9a3ef1c9a,expired,payload_too_large,False,reduce_payload_size
evt_3ef1e6674f02,duplicate,duplicate_event,False,fix_retry_logic
evt_3356e0ffa1df,expired,malformed_response,True,investigate
evt_f9b2747e26b6,expired,payload_too_large,False,reduce_payload_size
evt_88c8fdc98c57,delivered,none,False,none
evt_34c4a1bebd85,delivered,none,False,none
evt_80d9a0d73c09,expired,payload_too_large,False,reduce_payload_size
evt_37cfa1ae76a9,expired,payload_too_large,False,reduce_payload_size
evt_ff310375457f,expired,payload_too_large,False,reduce_payload_size
evt_c30dfc254d3e,delivered,none,False,none
evt_390eed9ab2fe,delivered,none,False,none
evt_d1b2fbf92036,expired,timeout,True,investigate
evt_6686235a1da5,delivered,none,False,none
evt_ec02597f4d6e,expired,endpoint_deleted,False,contact_customer_endpoint_deleted
evt_40ea449890f2,expired,endpoint_deleted,False,contact_customer_endpoint_deleted
evt_acb8ef67386a,delivered,none,False,none
evt_31bd1868cbd5,expired,customer_endpoint_down,True,wait_and_retry
evt_146498c910be,expired,endpoint_deleted,False,contact_customer_endpoint_deleted
evt_07c143a78b55,delivered,none,False,none
evt_a0b6fe5968ef,expired,payload_too_large,False,reduce_payload_size
evt_2333b9096443,expired,endpoint_deleted,False,contact_customer_endpoint_deleted
evt_71946040c172,delivered,none,False,none
evt_5fefbdc953a8,expired,payload_too_large,False,reduce_payload_size
evt_0ae95c31081e,expired,payload_too_large,False,reduce_payload_size
evt_32223a342e57,delivered,none,False,none
evt_8cb0da42c544,delivered,none,False,none
evt_aefea04e32f7,delivered,none,False,none
evt_abf5f0734314,delivered,none,False,none
evt_35f888306051,delivered,none,False,none
evt_90e398685950,delivered,none,False,none
evt_2af5037700b1,expired,endpoint_deleted,False,contact_customer_endpoint_deleted
evt_ae2fb4837711,delivered,none,False,none
evt_c46d47282d77,expired,invalid_signature,True,verify_signature_config
evt_0d51a251ed25,delivered,none,False,none
evt_ceb17c1dd7ff,duplicate,duplicate_event,False,fix_retry_logic
evt_4ccf66be80c8,expired,payload_too_large,False,reduce_payload_size
evt_89d64600e6b3,delivered,none,False,none
evt_4f796e5aff20,expired,payload_too_large,False,reduce_payload_size
evt_3f02e68f79b7,expired,endpoint_deleted,False,contact_customer_endpoint_deleted
evt_df924ac0cec0,expired,endpoint_deleted,False,contact_customer_endpoint_deleted
evt_00b36d192c0c,expired,payload_too_large,False,reduce_payload_size
evt_97362228d01b,delivered,none,False,none
evt_4a095b706293,delivered,none,False,none
evt_33b00e6fc2b3,expired,payload_too_large,False,reduce_payload_size
evt_164322e9de0f,delivered,none,False,none
evt_12cd6600baa0,expired,payload_too_large,False,reduce_payload_size
evt_df93f0425e62,expired,payload_too_large,False,reduce_payload_size
evt_54b92ba775bf,expired,payload_too_large,False,reduce_payload_size
evt_3bea85a156ce,delivered,none,False,none
evt_a70ce010f8ce,delivered,none,False,none
evt_729944fbd11a,expired,payload_too_large,False,reduce_payload_size
evt_bd8eb4f8a36d,expired,payload_too_large,False,reduce_payload_size
evt_e7b32edc5ed1,expired,payload_too_large,False,reduce_payload_size
evt_7f08dc438610,expired,payload_too_large,False,reduce_payload_size
evt_485c5af5c89b,delivered,none,False,none
evt_0c229e152587,expired,payload_too_large,False,reduce_payload_size
evt_6964eb33f4b2,expired,endpoint_deleted,False,contact_customer_endpoint_deleted
evt_62fd23379b0a,delivered,none,False,none
evt_5366e3b312d7,expired,payload_too_large,False,reduce_payload_size
evt_e2c650b0c436,delivered,none,False,none
evt_066f1f49e770,expired,payload_too_large,False,reduce_payload_size
evt_b60f99f22efe,expired,payload_too_large,False,reduce_payload_size
evt_93510869c364,expired,malformed_response,True,investigate
evt_6aacd8e115c7,expired,payload_too_large,False,reduce_payload_size
evt_89154daa88f4,expired,endpoint_deleted,False,contact_customer_endpoint_deleted
evt_b9c5635a2b9f,expired,payload_too_large,False,reduce_payload_size
evt_542f68e43b80,expired,payload_too_large,False,reduce_payload_size
evt_976d2c767cfb,delivered,none,False,none
evt_57bb9ea0824f,delivered,none,False,none
evt_ca3efd8cc77a,expired,endpoint_deleted,False,contact_customer_endpoint_deleted
evt_5493467797d7,delivered,none,False,none
evt_b5dfe0068f2a,expired,payload_too_large,False,reduce_payload_size
evt_8215fe719b81,delivered,none,False,none
evt_aeaa1a0264fd,expired,payload_too_large,False,reduce_payload_size
evt_1d8a8d458136,expired,payload_too_large,False,reduce_payload_size
evt_2995a4aa294b,expired,payload_too_large,False,reduce_payload_size
evt_cfb87c5b7ce2,delivered,none,False,none
evt_a5776b528ecf,delivered,none,False,none
evt_376d48be82fd,duplicate,duplicate_event,False,fix_retry_logic
evt_91620bb11961,expired,payload_too_large,False,reduce_payload_size
evt_f15ba4c37eb5,expired,invalid_signature,True,verify_signature_config
evt_7552b9521354,expired,payload_too_large,False,reduce_payload_size
evt_1fdc91a4dbbf,expired,timeout,True,investigate
evt_5340eb0ff92b,delivered,none,False,none
evt_a38b31faba79,expired,endpoint_deleted,False,contact_customer_endpoint_deleted
evt_2ee28cf1147d,expired,payload_too_large,False,reduce_payload_size
evt_a8f0309cb42b,delivered,none,False,none
evt_9e3254091ff5,expired,payload_too_large,False,reduce_payload_size
evt_d5bf0bfa6935,expired,malformed_response,True,investigate
evt_62b35e727266,delivered,none,False,none
evt_9a5491f53ab8,duplicate,duplicate_event,False,fix_retry_logic
evt_5ebe95cc2059,delivered,none,False,none
evt_088d091507d2,delivered,none,False,none
evt_e74c5904ab9b,delivered,none,False,none
evt_2135a8dd0c5e,delivered,none,False,none
evt_614ef92040b8,duplicate,duplicate_event,False,fix_retry_logic
evt_61d5d3fbcff0,delivered,none,False,none
evt_0781ae6859ad,delivered,none,False,none
evt_2fb91f851b83,expired,payload_too_large,False,reduce_payload_size
evt_325ecbfa0581,delivered,none,False,none
evt_831328c6bbb0,expired,payload_too_large,False,reduce_payload_size
evt_26b2d0fea6be,expired,malformed_response,True,investigate
evt_9ab8fe538eff,expired,payload_too_large,False,reduce_payload_size
evt_08aef6a804a8,delivered,none,False,none
evt_11ec88165021,expired,endpoint_deleted,False,contact_customer_endpoint_deleted
evt_bf3a25f3efc5,delivered,none,False,none
evt_26af6c71e1b5,expired,payload_too_large,False,reduce_payload_size
evt_b24f07130e4d,expired,malformed_response,True,investigate
evt_3efb147f449f,delivered,none,False,none
evt_e3c12d3c90cc,expired,payload_too_large,False,reduce_payload_size
evt_a311e1abeb0b,delivered,none,False,none
evt_2dcbba7b40c3,expired,payload_too_large,False,reduce_payload_size
evt_d305713e6509,expired,endpoint_deleted,False,contact_customer_endpoint_deleted
evt_2d6d046df6ed,expired,endpoint_deleted,False,contact_customer_endpoint_deleted
evt_5d141bcabfcf,expired,endpoint_deleted,False,contact_customer_endpoint_deleted
evt_df27fa42a119,delivered,none,False,none
evt_f78a44dc26ce,expired,endpoint_deleted,False,contact_customer_endpoint_deleted
evt_b636b1f09ff8,delivered,none,False,none
evt_6946fc344dd8,delivered,none,False,none
evt_46a5d99415e8,expired,payload_too_large,False,reduce_payload_size
evt_75183cfbea22,delivered,none,False,none
evt_d72f1a12016f,expired,payload_too_large,False,reduce_payload_size
evt_a6ab25b7beaf,expired,endpoint_deleted,False,contact_customer_endpoint_deleted
evt_930498d57119,delivered,none,False,none
evt_b4899a9bbac8,delivered,none,False,none
evt_d05ca751cad8,duplicate,duplicate_event,False,fix_retry_logic
evt_b0d311853052,expired,payload_too_large,False,reduce_payload_size
evt_a4bf22e7b1f5,expired,endpoint_deleted,False,contact_customer_endpoint_deleted
evt_bb3bf6793e73,expired,payload_too_large,False,reduce_payload_size
evt_ee3f062b42b2,expired,endpoint_deleted,False,contact_customer_endpoint_deleted
evt_72f6664660bb,expired,payload_too_large,False,reduce_payload_size
evt_0f93038dab7c,delivered,none,False,none
evt_760bdf31d382,delivered,none,False,none
evt_b2cff0d204c2,expired,endpoint_deleted,False,contact_customer_endpoint_deleted
evt_eb167918cac8,delivered,none,False,none
evt_7ea109adcc35,duplicate,duplicate_event,False,fix_retry_logic
evt_1e4c2689f39c,expired,payload_too_large,False,reduce_payload_size
evt_bbf61606d335,delivered,none,False,none
evt_ef9d39ac0ddc,expired,payload_too_large,False,reduce_payload_size
evt_ce4aa2aac9bd,expired,endpoint_deleted,False,contact_customer_endpoint_deleted
evt_d3d895202a6d,expired,payload_too_large,False,reduce_payload_size
evt_af1220f48922,delivered,none,False,none
evt_c5e6c16ac099,expired,endpoint_deleted,False,contact_customer_endpoint_deleted
evt_ea8217451f70,expired,endpoint_deleted,False,contact_customer_endpoint_deleted
evt_716f3d792be4,expired,payload_too_large,False,reduce_payload_size
evt_128df0bb824f,expired,invalid_signature,True,verify_signature_config
evt_db117c730380,expired,payload_too_large,False,reduce_payload_size
evt_47108e24402b,expired,payload_too_large,False,reduce_payload_size
evt_260295e5608d,delivered,none,False,none
evt_e7ccb9a53bb8,expired,payload_too_large,False,reduce_payload_size
evt_7b6a25bdcb39,delivered,none,False,none
evt_95cafc0223aa,delivered,none,False,none
evt_bf7fc8faf286,expired,payload_too_large,False,reduce_payload_size
evt_43517d712e1e,delivered,none,False,none
evt_506777f550f0,expired,endpoint_deleted,False,contact_customer_endpoint_deleted
evt_b1fb44d83a4e,delivered,none,False,none
evt_30f93af7b261,delivered,none,False,none
evt_20cc8fd8e121,delivered,none,False,none
evt_4daec19d3c3b,delivered,none,False,none
evt_2de89e15dc6a,expired,payload_too_large,False,reduce_payload_size
evt_a7cfdefbe8ec,expired,payload_too_large,False,reduce_payload_size
evt_a5c5820ee055,duplicate,duplicate_event,False,fix_retry_logic
evt_ddf574dee3fb,expired,payload_too_large,False,reduce_payload_size
evt_24683329eed2,expired,payload_too_large,False,reduce_payload_size
evt_4aa897d6613d,expired,payload_too_large,False,reduce_payload_size
evt_bc9ca8cbe5da,delivered,none,False,none
evt_9b99400c565f,expired,payload_too_large,False,reduce_payload_size
evt_4abce317211a,expired,payload_too_large,False,reduce_payload_size
evt_a32b8f084176,expired,endpoint_deleted,False,contact_customer_endpoint_deleted
evt_a6291dfc0c4e,delivered,none,False,none
evt_37ba4f7b542c,delivered,none,False,none
evt_d4395393f0c4,expired,payload_too_large,False,reduce_payload_size
evt_368fb77e1f53,expired,endpoint_deleted,False,contact_customer_endpoint_deleted
evt_abe982909e1d,expired,rate_limited,True,apply_exponential_backoff
evt_d590ae8471d2,delivered,none,False,none
evt_3818f6af36d5,expired,payload_too_large,False,reduce_payload_size
evt_b107643d1922,expired,payload_too_large,False,reduce_payload_size
evt_63473e194e38,duplicate,duplicate_event,False,fix_retry_logic
evt_6cf840db42da,expired,payload_too_large,False,reduce_payload_size
evt_bb9866e8fc0c,delivered,none,False,none
evt_68a12d785cac,expired,payload_too_large,False,reduce_payload_size
evt_6e6c7ee00025,expired,customer_endpoint_down,True,wait_and_retry
evt_ecf74be57cd6,delivered,none,False,none
evt_a7cd16c70e3b,expired,customer_endpoint_down,True,wait_and_retry
evt_5406a826610d,expired,payload_too_large,False,reduce_payload_size
evt_bf8f1897aa53,expired,replay_without_fix,False,investigate
evt_1627694130a8,expired,timeout,True,investigate
evt_d16fbd8cbce7,delivered,none,False,none
evt_64301d134d37,expired,payload_too_large,False,reduce_payload_size
evt_95e7e6bf67aa,expired,rate_limited,True,apply_exponential_backoff
evt_15439d482cbe,expired,endpoint_deleted,False,contact_customer_endpoint_deleted
evt_397f62d03c10,expired,payload_too_large,False,reduce_payload_size
evt_8a2c1a20b0d3,delivered,none,False,none
evt_ab4674751071,expired,payload_too_large,False,reduce_payload_size
evt_0bf59a455bed,delivered,none,False,none
evt_ccc6cdd50f98,duplicate,duplicate_event,False,fix_retry_logic
evt_5eb35e3e94b6,expired,payload_too_large,False,reduce_payload_size
evt_9450c6400a2a,expired,payload_too_large,False,reduce_payload_size
evt_49d920bea09a,delivered,none,False,none
evt_be7e0154a897,delivered,none,False,none
evt_67abc6bb0550,delivered,none,False,none
evt_b799f7392627,expired,payload_too_large,False,reduce_payload_size
evt_93171d0beda7,delivered,none,False,none
evt_412834749352,delivered,none,False,none
evt_c8d37f4c6a77,delivered,none,False,none
evt_e2293c2e0e6b,delivered,none,False,none
evt_a00ec5733229,expired,timeout,True,investigate
evt_229609492d4d,expired,endpoint_deleted,False,contact_customer_endpoint_deleted
evt_f605181849da,delivered,none,False,none
evt_084c59f7f2a5,expired,payload_too_large,False,reduce_payload_size
evt_455c0e1c8fd4,duplicate,duplicate_event,False,fix_retry_logic
evt_1ab8e2d4423a,delivered,none,False,none
evt_f39bb5539024,expired,payload_too_large,False,reduce_payload_size
evt_d3cfb429f010,delivered,none,False,none
evt_d708bae7e10e,expired,payload_too_large,False,reduce_payload_size
evt_f23ea0c1b50e,expired,payload_too_large,False,reduce_payload_size
evt_f0ff393dad2a,delivered,none,False,none
evt_6c240836c4a1,expired,customer_endpoint_down,True,wait_and_retry
evt_e448e45e9d9b,delivered,none,False,none
evt_02f172fc6a16,expired,payload_too_large,False,reduce_payload_size
evt_408f772cdbe4,expired,payload_too_large,False,reduce_payload_size
evt_34bb1b666ab0,expired,payload_too_large,False,reduce_payload_size
evt_08e26b447be5,delivered,none,False,none
evt_57a19c177753,delivered,none,False,none
evt_f0622c4b48c3,expired,endpoint_deleted,False,contact_customer_endpoint_deleted
evt_4cd6fc1ab52d,expired,invalid_signature,True,verify_signature_config
evt_ad8bc5391d0e,expired,payload_too_large,False,reduce_payload_size
evt_64ea8412f895,expired,payload_too_large,False,reduce_payload_size
evt_5bdafaa3c83d,delivered,none,False,none
evt_a6e0197e4167,expired,timeout,True,investigate
evt_57877d5f51e5,expired,endpoint_deleted,False,contact_customer_endpoint_deleted
evt_9680d4628448,delivered,none,False,none
evt_246ee8935889,expired,endpoint_deleted,False,contact_customer_endpoint_deleted
evt_f1e01a2157df,expired,malformed_response,True,investigate
evt_372730082e39,expired,customer_endpoint_down,True,wait_and_retry
evt_47b89448913c,expired,endpoint_deleted,False,contact_customer_endpoint_deleted
evt_ffc203cf5d03,expired,payload_too_large,False,reduce_payload_size
evt_7196a86d8d54,delivered,none,False,none
evt_eeb9fe20d0d3,duplicate,duplicate_event,False,fix_retry_logic
evt_e1252545a2cf,expired,payload_too_large,False,reduce_payload_size
evt_aa926a7736ae,delivered,none,False,none
evt_fe3b2209be0b,expired,customer_endpoint_down,True,wait_and_retry
evt_b3addc56c63b,delivered,none,False,none
evt_b75bcb611c91,delivered,none,False,none
evt_96b8440c65ec,expired,timeout,True,investigate
evt_33467f7afc37,expired,customer_endpoint_down,True,wait_and_retry
evt_c5cfa9ef425b,expired,endpoint_deleted,False,contact_customer_endpoint_deleted
evt_9f2a62380f47,expired,payload_too_large,False,reduce_payload_size
evt_34b60b299680,delivered,none,False,none
evt_8c02f0092178,expired,timeout,True,investigate
evt_61c93f77faac,expired,payload_too_large,False,reduce_payload_size
evt_e7a073caa623,expired,payload_too_large,False,reduce_payload_size
evt_6c6db92361f5,delivered,none,False,none
evt_e28e5f974f13,expired,timeout,True,investigate
evt_353445d370a0,expired,payload_too_large,False,reduce_payload_size
evt_0468982c494b,duplicate,duplicate_event,False,fix_retry_logic
evt_5cdad3683a2e,expired,payload_too_large,False,reduce_payload_size
evt_24334a55131c,delivered,none,False,none
evt_3b849710a92a,expired,payload_too_large,False,reduce_payload_size
evt_9f5ced3dcdfe,expired,payload_too_large,False,reduce_payload_size
evt_64b24b4e6ae5,delivered,none,False,none
evt_89bdcf912996,expired,customer_endpoint_down,True,wait_and_retry
evt_dcff7d60dc9b,duplicate,duplicate_event,False,fix_retry_logic
evt_b7ea2a271dd0,expired,payload_too_large,False,reduce_payload_size
evt_b83ec5a4730b,expired,endpoint_deleted,False,contact_customer_endpoint_deleted
evt_f4d21e991a38,expired,endpoint_deleted,False,contact_customer_endpoint_deleted
evt_5994cce261e7,delivered,none,False,none
evt_7bb7022ecbc6,delivered,none,False,none
evt_a73594ca23c0,delivered,none,False,none
evt_e2781ce0f702,expired,payload_too_large,False,reduce_payload_size
evt_02a7b1d1a3a7,expired,payload_too_large,False,reduce_payload_size
evt_ccb27944a512,delivered,none,False,none
evt_1160c7acfc86,delivered,none,False,none
evt_1f9b28c73866,delivered,none,False,none
evt_badb67494f0c,delivered,none,False,none
evt_3211abacb55d,delivered,none,False,none
evt_5e1285eb566e,delivered,none,False,none
evt_ad5de9b90656,expired,payload_too_large,False,reduce_payload_size
evt_dfb970c76a1f,delivered,none,False,none
evt_886fdc95914b,delivered,none,False,none
evt_91b7d48c1d65,expired,endpoint_deleted,False,contact_customer_endpoint_deleted
evt_d060686d7c40,delivered,none,False,none
evt_2bf006310a71,expired,payload_too_large,False,reduce_payload_size
evt_13fa6164888a,delivered,none,False,none
evt_80446f3a5c84,expired,endpoint_deleted,False,contact_customer_endpoint_deleted
evt_90a1a630011d,expired,payload_too_large,False,reduce_payload_size
evt_bbfd286a33d1,expired,endpoint_deleted,False,contact_customer_endpoint_deleted
evt_24a0573dde8b,expired,replay_without_fix,False,investigate
evt_a62e08062874,expired,payload_too_large,False,reduce_payload_size
evt_124222d744ff,expired,endpoint_deleted,False,contact_customer_endpoint_deleted
evt_e9d6d800a8eb,delivered,none,False,none
evt_cea45520ee23,delivered,none,False,none
evt_c5e6a3f50854,delivered,none,False,none
evt_2b3d8f8d86f9,expired,endpoint_deleted,False,contact_customer_endpoint_deleted
evt_32ff7d5e4c47,expired,customer_endpoint_down,True,wait_and_retry
evt_53901eff31ab,delivered,none,False,none
evt_a14b642498ed,expired,endpoint_deleted,False,contact_customer_endpoint_deleted
evt_0976aefedc83,delivered,none,False,none
evt_ed3dc056a818,delivered,none,False,none
evt_856520b92257,delivered,none,False,none
evt_ee09dd0fa20a,delivered,none,False,none
evt_7157fe265a11,expired,payload_too_large,False,reduce_payload_size
evt_4514043721be,delivered,none,False,none
evt_a56f320c1f7c,expired,payload_too_large,False,reduce_payload_size
evt_8722ce418e0e,expired,endpoint_deleted,False,contact_customer_endpoint_deleted
evt_edb55ce8bef4,recovered,none,False,none
evt_e4a6e99adc11,delivered,none,False,none
evt_492c176e6d93,delivered,none,False,none
evt_e629c85d118f,expired,payload_too_large,False,reduce_payload_size
evt_e419a74e1207,delivered,none,False,none
evt_af587141a21b,expired,payload_too_large,False,reduce_payload_size
evt_cc372676c446,delivered,none,False,none
evt_5feb3c436954,delivered,none,False,none
evt_c23a9b30e33e,expired,payload_too_large,False,reduce_payload_size
evt_1d6434eb836b,expired,payload_too_large,False,reduce_payload_size
evt_24b5784dffe4,expired,payload_too_large,False,reduce_payload_size
evt_efe32b0c6501,expired,payload_too_large,False,reduce_payload_size
evt_4d677605da15,recovered,none,False,none
evt_c4b64507b9f4,delivered,none,False,none
evt_255c05eea824,delivered,none,False,none
evt_7f9b81a01c72,expired,endpoint_deleted,False,contact_customer_endpoint_deleted
evt_9c7ee31ecdda,delivered,none,False,none
evt_5b920a923c5f,expired,endpoint_deleted,False,contact_customer_endpoint_deleted
evt_6dd872730fcd,expired,payload_too_large,False,reduce_payload_size
evt_c0952b37ff7d,delivered,none,False,none
evt_400c3da26671,expired,payload_too_large,False,reduce_payload_size
evt_90bf1da6e84f,expired,endpoint_deleted,False,contact_customer_endpoint_deleted
evt_85b86fdbd467,delivered,none,False,none
evt_fa7d0fefcfe5,expired,rate_limited,True,apply_exponential_backoff
evt_edd6f96885e6,expired,payload_too_large,False,reduce_payload_size
evt_027647a7ab0b,expired,replay_without_fix,False,investigate
evt_ec86054a1b6b,expired,endpoint_deleted,False,contact_customer_endpoint_deleted
evt_d6af722cf119,expired,timeout,True,investigate
evt_19728ac64b45,expired,payload_too_large,False,reduce_payload_size
evt_6bb3afb85692,delivered,none,False,none
evt_29ba1b0eae97,expired,payload_too_large,False,reduce_payload_size
evt_0366c45c9831,expired,endpoint_deleted,False,contact_customer_endpoint_deleted
evt_1f34d21e8ec4,delivered,none,False,none
evt_94be348f6722,expired,endpoint_deleted,False,contact_customer_endpoint_deleted
evt_d6ec47dde240,delivered,none,False,none
evt_fe130e6f748a,expired,payload_too_large,False,reduce_payload_size
evt_6c5336950f70,delivered,none,False,none
evt_5cfc1d2c55e3,expired,payload_too_large,False,reduce_payload_size
evt_1c48a60a72d3,delivered,none,False,none
evt_bdaeee11bdc7,expired,payload_too_large,False,reduce_payload_size
evt_d2934b9b7d01,expired,endpoint_deleted,False,contact_customer_endpoint_deleted
evt_6f014209c265,expired,payload_too_large,False,reduce_payload_size
evt_046bf0b2c179,delivered,none,False,none
evt_867540468821,expired,payload_too_large,False,reduce_payload_size
evt_c022e58c9901,delivered,none,False,none
evt_07d27c59f49f,delivered,none,False,none
evt_f23216c0a61e,expired,payload_too_large,False,reduce_payload_size
evt_337c85a91377,expired,endpoint_deleted,False,contact_customer_endpoint_deleted
evt_f859a71d699a,delivered,none,False,none
evt_e6826a6805e2,expired,payload_too_large,False,reduce_payload_size
evt_21e6f94d9ecb,delivered,none,False,none
evt_bd0e3de79bb9,expired,payload_too_large,False,reduce_payload_size
evt_ae36a3c6ef14,failed,endpoint_deleted,False,contact_customer_endpoint_deleted
evt_024c8f83b990,delivered,none,False,none
evt_4a54cd948d62,failed,payload_too_large,False,reduce_payload_size
evt_7485b27e00cc,delivered,none,False,none
evt_7f067c3d6bb8,failed,payload_too_large,False,reduce_payload_size
evt_2ff3dcd3cfb4,delivered,none,False,none
evt_a99ff5982fd6,delivered,none,False,none
evt_556dc82dcd0c,failed,payload_too_large,False,reduce_payload_size
evt_08e4b1bc2158,failed,payload_too_large,False,reduce_payload_size
evt_f2cd98d96e81,failed,payload_too_large,False,reduce_payload_size
evt_b99c6c52b093,delivered,none,False,none
evt_49607f44b0ba,failed,malformed_response,True,investigate
evt_4eac0c8af625,delivered,none,False,none
evt_c1e1b5924cf3,delivered,none,False,none
evt_7f2a9edd099e,delivered,none,False,none
evt_f0037d204520,delivered,none,False,none
evt_6542be2c5652,failed,invalid_signature,True,verify_signature_config
evt_cdbbd4379234,delivered,none,False,none
evt_ab91cc579814,failed,payload_too_large,False,reduce_payload_size
evt_e2cb16362d23,failed,payload_too_large,False,reduce_payload_size
evt_2b3fb086bccb,delivered,none,False,none
evt_0ed4fe9dc94e,failed,payload_too_large,False,reduce_payload_size
evt_f7b35572c6f3,delivered,none,False,none
evt_39158a84a306,failed,endpoint_deleted,False,contact_customer_endpoint_deleted
evt_49822d87ed42,failed,payload_too_large,False,reduce_payload_size
evt_adf000e39c57,failed,payload_too_large,False,reduce_payload_size
evt_ec783150edea,failed,timeout,True,investigate
evt_83581e4f6ff5,failed,timeout,True,investigate
evt_f08372be43c3,delivered,none,False,none
evt_da42a55c486d,delivered,none,False,none
evt_deb01ab4d45b,delivered,none,False,none
evt_9579e02d2918,failed,payload_too_large,False,reduce_payload_size
evt_9ad9824064ff,delivered,none,False,none
evt_2705221552bd,failed,payload_too_large,False,reduce_payload_size
evt_9d47cbd75a33,failed,payload_too_large,False,reduce_payload_size
evt_eb49bc19c1ef,delivered,none,False,none
evt_c906ade94c93,delivered,none,False,none
evt_926de179cb3c,failed,payload_too_large,False,reduce_payload_size
evt_a5322e943a0a,delivered,none,False,none
evt_7b3db7baeeab,delivered,none,False,none
evt_355a6b4bdf4d,delivered,none,False,none
evt_57146ba205e4,delivered,none,False,none
evt_76641778d368,failed,payload_too_large,False,reduce_payload_size
evt_b8a7fc268d5d,failed,endpoint_deleted,False,contact_customer_endpoint_deleted
evt_e5daf4b64e75,delivered,none,False,none
evt_40304f10a1fa,recovered,none,False,none
evt_e8d4daf481c2,failed,payload_too_large,False,reduce_payload_size
evt_11cce3000b52,delivered,none,False,none
evt_cc05b82ac1bd,failed,payload_too_large,False,reduce_payload_size
evt_dc018df8912c,failed,payload_too_large,False,reduce_payload_size
evt_11dc89e2e10a,delivered,none,False,none
evt_9cb759abf57c,failed,timeout,True,investigate
evt_7f40a1d9e44a,delivered,none,False,none
evt_04c654db4960,failed,invalid_signature,True,verify_signature_config
evt_40545c367e42,delivered,none,False,none
evt_346914e8fd38,failed,payload_too_large,False,reduce_payload_size
evt_f06879fe4e1f,delivered,none,False,none
evt_df8f6914b17b,delivered,none,False,none
evt_8958f88a7f0b,delivered,none,False,none
evt_456fe65a27ef,delivered,none,False,none
evt_d6893f55873b,failed,endpoint_deleted,False,contact_customer_endpoint_deleted
evt_d649d3e1bf72,delivered,none,False,none
evt_c8cbfbd262c7,delivered,none,False,none
evt_8d57fe2fc6d0,failed,payload_too_large,False,reduce_payload_size
evt_9521f5c109a5,delivered,none,False,none
evt_ef7c9017c022,failed,payload_too_large,False,reduce_payload_size
evt_63bdfdc5eacf,failed,payload_too_large,False,reduce_payload_size
evt_3eec3f285382,failed,payload_too_large,False,reduce_payload_size
evt_1d77a9b24dcd,failed,customer_endpoint_down,True,wait_and_retry
evt_827864033f09,delivered,none,False,none
evt_d27e6a8c06b8,failed,endpoint_deleted,False,contact_customer_endpoint_deleted
evt_ae3bdd798db4,failed,payload_too_large,False,reduce_payload_size
evt_95dd24674e96,failed,payload_too_large,False,reduce_payload_size
evt_c939f87a3216,delivered,none,False,none
evt_97080520e43c,failed,payload_too_large,False,reduce_payload_size
evt_b7bbd1be95fb,delivered,none,False,none
evt_ac0de2b72891,delivered,none,False,none
evt_b1122f9c5950,delivered,none,False,none
evt_faf12e08a70a,delivered,none,False,none
evt_c98957548a59,failed,payload_too_large,False,reduce_payload_size
evt_2a838b6c03fb,failed,payload_too_large,False,reduce_payload_size
evt_859a2a5a6fe7,delivered,none,False,none
evt_cf70e5a685ac,failed,payload_too_large,False,reduce_payload_size
evt_1ae20cca90af,delivered,none,False,none
evt_dfb8cb89c7f1,delivered,none,False,none
evt_56b4a31f5756,delivered,none,False,none
evt_cda1f55df5eb,failed,payload_too_large,False,reduce_payload_size
evt_a261ec81e846,failed,endpoint_deleted,False,contact_customer_endpoint_deleted
evt_1f79b0144fe8,delivered,none,False,none
evt_849d8e227e47,failed,payload_too_large,False,reduce_payload_size
evt_ade9d49983ea,delivered,none,False,none
evt_9885aada9b18,failed,payload_too_large,False,reduce_payload_size
evt_0662a087d77e,duplicate,duplicate_event,False,fix_retry_logic
evt_5e3b003f33fa,recovered,none,False,none
evt_cf2ca9de182e,failed,payload_too_large,False,reduce_payload_size
evt_8c53de1143c9,failed,payload_too_large,False,reduce_payload_size
evt_3266f20950d2,failed,payload_too_large,False,reduce_payload_size
evt_5236f6b9f718,failed,payload_too_large,False,reduce_payload_size
evt_93d624fdbbc6,delivered,none,False,none
evt_e6f62a215f1c,failed,payload_too_large,False,reduce_payload_size
evt_27097bb2a73c,delivered,none,False,none
evt_317399978d93,delivered,none,False,none
evt_0dc78701f792,failed,endpoint_deleted,False,contact_customer_endpoint_deleted
evt_590ecb2db1dc,delivered,none,False,none
evt_b5510f2023fd,failed,payload_too_large,False,reduce_payload_size
evt_2e109f5f4bd3,delivered,none,False,none
evt_3025e4720dd2,failed,payload_too_large,False,reduce_payload_size
evt_7f9d9e5fe765,failed,payload_too_large,False,reduce_payload_size
evt_8ec59ed4da71,delivered,none,False,none
evt_e10165d214ef,failed,endpoint_deleted,False,contact_customer_endpoint_deleted
evt_f7215ee1fa72,delivered,none,False,none
evt_27a354ab46d1,delivered,none,False,none
evt_a159b12cb2f7,failed,replay_without_fix,False,investigate
evt_1a416a191fa3,delivered,none,False,none
evt_a3ddb9cbe91f,delivered,none,False,none
evt_45b911e5ced8,failed,payload_too_large,False,reduce_payload_size
evt_ff42ee2cc4f2,failed,payload_too_large,False,reduce_payload_size
evt_76582e6d0bc5,delivered,none,False,none
evt_63bd2bad3b99,failed,endpoint_deleted,False,contact_customer_endpoint_deleted
evt_ea0f15491b88,delivered,none,False,none
evt_96102b661bc6,delivered,none,False,none
evt_e431b8bf1bf6,delivered,none,False,none
evt_56e3c70cb457,failed,payload_too_large,False,reduce_payload_size
evt_fe210d1a27cc,failed,rate_limited,True,apply_exponential_backoff
evt_3af719f3274e,delivered,none,False,none
evt_6c4244d41960,delivered,none,False,none
evt_c742e204b857,failed,endpoint_deleted,False,contact_customer_endpoint_deleted
evt_cd7bf28b367e,failed,payload_too_large,False,reduce_payload_size
evt_3da0097d179f,delivered,none,False,none
evt_88ec463514cf,delivered,none,False,none
evt_00100a8a0caa,failed,payload_too_large,False,reduce_payload_size
evt_e1a66de1bf24,failed,payload_too_large,False,reduce_payload_size
evt_1cb40c0d2f46,failed,malformed_response,True,investigate
evt_83978acad5b7,failed,payload_too_large,False,reduce_payload_size
evt_2e45a558fcd3,delivered,none,False,none
evt_effc302412da,failed,payload_too_large,False,reduce_payload_size
evt_17bfb61bd329,delivered,none,False,none
evt_401704f396c5,delivered,none,False,none
evt_8ed69d697177,delivered,none,False,none
evt_415da1c4bb20,delivered,none,False,none
evt_1345653014dd,failed,payload_too_large,False,reduce_payload_size
evt_562231a2f378,delivered,none,False,none
evt_37b17261a22c,failed,replay_without_fix,False,investigate
evt_752cb39e12ce,failed,payload_too_large,False,reduce_payload_size
evt_1b6f10df5e45,failed,payload_too_large,False,reduce_payload_size
evt_7466755d8b03,failed,payload_too_large,False,reduce_payload_size
evt_7f5c7a1e9474,failed,payload_too_large,False,reduce_payload_size
evt_ef362c092abf,failed,endpoint_deleted,False,contact_customer_endpoint_deleted
evt_d0658f87250f,failed,payload_too_large,False,reduce_payload_size
evt_3c8307a4084b,delivered,none,False,none
evt_245b8ae467bb,delivered,none,False,none
evt_7703a3205401,failed,timeout,True,investigate
evt_dace9b4a6afd,failed,payload_too_large,False,reduce_payload_size
evt_028e710d40eb,failed,payload_too_large,False,reduce_payload_size
evt_01c7cfbed891,delivered,none,False,none
evt_c23eefad9d41,delivered,none,False,none
evt_339394301251,failed,endpoint_deleted,False,contact_customer_endpoint_deleted
evt_ef2dd254e5c3,delivered,none,False,none
evt_5cc391f4e913,failed,endpoint_deleted,False,contact_customer_endpoint_deleted
evt_3ab23f42a649,delivered,none,False,none
evt_3f88654c6377,failed,customer_endpoint_down,True,wait_and_retry
evt_1e0307d76f33,delivered,none,False,none
evt_198b12020771,failed,payload_too_large,False,reduce_payload_size
evt_838bca48d81d,delivered,none,False,none
evt_b505cf712e4a,delivered,none,False,none
evt_2fa12744dfc1,failed,payload_too_large,False,reduce_payload_size
evt_7ca881c0a865,failed,endpoint_deleted,False,contact_customer_endpoint_deleted
evt_5cc6a905192b,delivered,none,False,none
evt_3af658ee94ad,delivered,none,False,none
evt_a85835a9c910,failed,endpoint_deleted,False,contact_customer_endpoint_deleted
evt_21711b7ddb82,delivered,none,False,none
evt_5d9bab5e9a5e,delivered,none,False,none
evt_37cedfc25f74,delivered,none,False,none
evt_090292a8cf9b,delivered,none,False,none
evt_bb47cc128b9f,failed,payload_too_large,False,reduce_payload_size
evt_db64fc0815e7,failed,timeout,True,investigate
evt_9ead464c5c08,delivered,none,False,none
evt_3774864e45f2,failed,endpoint_deleted,False,contact_customer_endpoint_deleted
evt_34b2c0cde03e,delivered,none,False,none
evt_9b6f17f9b866,delivered,none,False,none
evt_510c9c4edf3a,failed,payload_too_large,False,reduce_payload_size
evt_29a1ea91c9f4,duplicate,duplicate_event,False,fix_retry_logic
evt_f433173383de,failed,payload_too_large,False,reduce_payload_size
evt_a6fa5ced878e,duplicate,duplicate_event,False,fix_retry_logic
evt_2a8508de7e94,delivered,none,False,none
evt_f71f8738b140,failed,endpoint_deleted,False,contact_customer_endpoint_deleted
evt_4d8357860478,failed,payload_too_large,False,reduce_payload_size
evt_151e3e56465f,failed,invalid_signature,True,verify_signature_config
evt_965a3ab74f01,failed,endpoint_deleted,False,contact_customer_endpoint_deleted
evt_5a6f45533742,failed,payload_too_large,False,reduce_payload_size
evt_da310e5d992d,failed,malformed_response,True,investigate
evt_cbbbe263c63e,failed,payload_too_large,False,reduce_payload_size
evt_9576c7e7a56c,failed,rate_limited,True,apply_exponential_backoff
evt_7bbc70aa82b3,duplicate,duplicate_event,False,fix_retry_logic
evt_53deb5142f14,delivered,none,False,none
evt_072d531c3048,failed,payload_too_large,False,reduce_payload_size
evt_070ad0baa4fd,delivered,none,False,none
evt_db87f3697399,failed,payload_too_large,False,reduce_payload_size
evt_230624d96719,failed,payload_too_large,False,reduce_payload_size
evt_8e0dbc305467,delivered,none,False,none
evt_c15577471120,delivered,none,False,none
evt_67ddf78d658a,failed,endpoint_deleted,False,contact_customer_endpoint_deleted
evt_3d6f3b5fe667,failed,endpoint_deleted,False,contact_customer_endpoint_deleted
evt_4d33e5dd820a,failed,endpoint_deleted,False,contact_customer_endpoint_deleted
evt_90657e94125a,delivered,none,False,none
evt_fe856490f633,delivered,none,False,none
evt_049ba4b2fd64,delivered,none,False,none
evt_48b4d241744d,failed,rate_limited,True,apply_exponential_backoff
evt_6dc217a6d045,delivered,none,False,none
evt_18545db0dbb2,failed,payload_too_large,False,reduce_payload_size
evt_cf8837480b2a,delivered,none,False,none
evt_50106d689343,failed,payload_too_large,False,reduce_payload_size
evt_635850c39f19,failed,payload_too_large,False,reduce_payload_size
evt_f3ae641664e6,delivered,none,False,none
evt_53802df0bc8a,delivered,none,False,none
evt_3c5c594fb353,failed,endpoint_deleted,False,contact_customer_endpoint_deleted
evt_f3a470e67277,delivered,none,False,none
evt_66b8fb63ad37,duplicate,duplicate_event,False,fix_retry_logic
evt_effa4d2cb2ae,failed,payload_too_large,False,reduce_payload_size
evt_2ae2d925bd2c,delivered,none,False,none
evt_d509ec3ff028,delivered,none,False,none
evt_8a9c2f608458,failed,payload_too_large,False,reduce_payload_size
evt_c8b06389db0d,failed,payload_too_large,False,reduce_payload_size
evt_4a6fb07153e1,delivered,none,False,none
evt_d6228310af99,failed,payload_too_large,False,reduce_payload_size
evt_844f4acf6a85,failed,payload_too_large,False,reduce_payload_size
