event_id,replayed_at,replay_result,duplicate_detected,manually_triggered
evt_5c5b35a05bc8,2026-04-15T19:37:45.907715Z,success,False,True
evt_77b836f110bb,2026-04-15T16:38:00.922898Z,failure,False,True
evt_ea06cf939d54,2026-04-16T15:44:19.865688Z,failure,False,False
evt_394bed7c9ae0,2026-04-16T05:40:55.917682Z,success,False,True
evt_7cb88db393f0,2026-04-16T00:38:41.785476Z,failure,False,False
evt_a87303626a1c,2026-04-15T19:37:20.986049Z,failure,False,False
evt_d1fd43b5850e,2026-04-16T00:44:44.915848Z,failure,False,True
evt_736e8fb0edfa,2026-04-16T06:41:59.991890Z,failure,False,False
evt_188a101538bc,2026-04-16T06:37:49.858304Z,failure,False,False
evt_38099c415ff8,2026-04-16T19:39:03.899748Z,failure,False,True
evt_c217b0ff3438,2026-04-16T14:38:51.953976Z,failure,False,False
evt_54dbb89a0aa0,2026-04-16T12:37:29.987358Z,failure,False,False
evt_c74e6a1408e5,2026-04-16T21:37:17.840663Z,failure,False,False
evt_4bf8d2eb5836,2026-04-16T12:41:55.882772Z,failure,False,False
evt_aabd1d0fffcd,2026-04-16T08:39:50.906352Z,success,False,True
evt_a101815e301c,2026-04-16T11:48:45.913408Z,failure,False,False
evt_6e12250da70a,2026-04-16T15:44:47.866425Z,failure,False,True
evt_e954426e9ffa,2026-04-16T23:39:08.797386Z,failure,False,True
evt_9165114b149e,2026-04-17T00:41:48.848116Z,failure,False,True
evt_11dce6b31683,2026-04-16T20:41:30.906050Z,failure,False,True
evt_ce724293238c,2026-04-16T16:43:47.966862Z,failure,False,True
evt_70217fdf9500,2026-04-16T09:37:25.815252Z,failure,False,True
evt_bfe555f8b14a,2026-04-16T05:46:35.976569Z,failure,False,True
evt_c1b1a5321628,2026-04-17T00:38:04.014282Z,failure,False,False
evt_9dc77cc5fd60,2026-04-16T08:47:28.811935Z,success,False,True
evt_fa0180ca0fd7,2026-04-16T06:39:40.815392Z,failure,False,True
evt_429972c87c95,2026-04-16T09:42:49.866493Z,failure,False,True
evt_f5e56109d30c,2026-04-16T20:39:09.900191Z,failure,False,False
evt_a511731c0c9a,2026-04-16T09:37:17.997422Z,failure,False,True
evt_d12fea6c185a,2026-04-16T10:44:54.831700Z,failure,False,False
evt_70fd6129a017,2026-04-17T02:38:45.849432Z,failure,False,True
evt_18f7988a43ce,2026-04-17T03:37:06.980509Z,failure,False,True
evt_ba1494ad3078,2026-04-16T12:42:48.987376Z,failure,False,True
evt_7de948716a5a,2026-04-16T18:39:14.015752Z,success,False,True
evt_3863e2619fab,2026-04-17T03:41:30.889657Z,failure,False,True
evt_eafb04a39d76,2026-04-16T09:37:18.958576Z,failure,False,True
evt_329367b176b4,2026-04-17T05:37:55.961834Z,failure,False,True
evt_4b90770575af,2026-04-17T01:37:51.834725Z,failure,False,False
evt_7df5143f99fe,2026-04-16T22:43:41.899379Z,failure,False,False
evt_8f6ac9da96c8,2026-04-16T14:38:17.937861Z,failure,False,False
evt_5b1a9e683ef9,2026-04-17T01:41:58.850220Z,failure,False,False
evt_f6d0bb1291f1,2026-04-16T18:37:32.909690Z,success,False,False
evt_f4af45ef3968,2026-04-16T20:43:09.939711Z,failure,False,False
evt_307b68e24646,2026-04-16T23:38:56.810197Z,failure,False,False
evt_403030511dfe,2026-04-16T23:38:18.825399Z,failure,False,False
evt_108e8a12975e,2026-04-17T02:37:57.988204Z,failure,False,True
evt_bb120907eedb,2026-04-16T17:39:28.916362Z,failure,False,False
evt_3df134bb02d6,2026-04-16T21:42:30.912346Z,failure,False,True
evt_c27b634c8e93,2026-04-17T12:41:51.860403Z,failure,False,True
evt_e80f422e2edd,2026-04-17T09:37:05.868706Z,failure,False,True
evt_1d647bf59c25,2026-04-17T03:37:42.930889Z,failure,False,False
evt_602cd7f62560,2026-04-17T13:37:26.968219Z,failure,False,False
evt_d7188f978707,2026-04-17T09:41:31.866780Z,failure,False,False
evt_dd072f15e3dd,2026-04-17T03:37:36.937559Z,failure,False,False
evt_dd3285f936e2,2026-04-16T21:41:18.948591Z,failure,False,True
evt_4e33fbe3d2ea,2026-04-17T08:40:45.011470Z,failure,False,True
evt_d643764d9c2d,2026-04-16T19:43:15.781365Z,failure,False,True
evt_775019326914,2026-04-17T06:37:56.809909Z,failure,False,True
evt_d10a69837699,2026-04-17T06:40:54.839467Z,failure,False,False
evt_f17b1e65ee61,2026-04-17T02:37:37.864513Z,failure,False,False
evt_f5d285619090,2026-04-17T11:40:25.945096Z,failure,False,False
evt_2963eeba79c7,2026-04-17T02:40:09.788087Z,failure,False,True
evt_61a73c616a03,2026-04-16T20:44:18.806597Z,failure,False,False
evt_241652f85c82,2026-04-17T11:38:34.830236Z,failure,False,False
evt_1ef740852970,2026-04-17T12:39:23.836525Z,failure,False,True
evt_d30d88d7afe6,2026-04-17T07:45:49.909145Z,failure,False,True
evt_3ca6d686deb8,2026-04-17T10:37:38.909315Z,failure,False,False
evt_3fd9aa179dc7,2026-04-17T00:45:07.841804Z,failure,False,True
evt_d11a8ffd998e,2026-04-17T10:37:08.886472Z,success,False,True
evt_cbd196d9ca96,2026-04-17T01:37:55.907756Z,failure,False,False
evt_80266a06cafa,2026-04-17T11:37:59.890346Z,failure,False,True
evt_0f4515830a18,2026-04-17T12:37:16.892337Z,failure,False,True
evt_1601774d95e7,2026-04-16T22:39:05.917563Z,failure,False,False
evt_abc6dfd88402,2026-04-17T07:43:02.921363Z,failure,False,True
evt_cda477089422,2026-04-17T20:48:48.783328Z,failure,False,False
evt_b092a1629d0c,2026-04-17T05:40:13.788361Z,failure,False,False
evt_9704b5655354,2026-04-17T18:37:21.867792Z,failure,False,True
evt_72bf410ef340,2026-04-17T17:38:37.894936Z,failure,False,True
evt_153dd790385a,2026-04-17T16:42:08.911003Z,failure,False,False
evt_cd5356e5f205,2026-04-17T19:37:37.929078Z,failure,False,True
evt_0b7adf365f31,2026-04-18T00:39:02.001468Z,failure,False,False
evt_d341cbfdb670,2026-04-17T11:47:20.010527Z,failure,False,False
evt_1e813e92c590,2026-04-17T18:44:41.878005Z,failure,False,False
evt_73948cbc67f4,2026-04-17T12:38:46.880661Z,failure,False,False
evt_e9c08b5c7e69,2026-04-17T22:38:57.895438Z,failure,False,True
evt_2d5392c396dc,2026-04-18T00:37:52.990861Z,failure,False,False
evt_90218ffb9f64,2026-04-17T03:42:30.868994Z,failure,False,True
evt_5934f5edafe6,2026-04-17T21:37:46.809662Z,failure,False,True
evt_b9b9cc8f42e2,2026-04-17T15:37:41.862401Z,failure,False,True
evt_210c61d56b0e,2026-04-18T02:40:41.813414Z,failure,False,False
evt_f2f6075f7d66,2026-04-17T13:41:24.903655Z,failure,False,True
evt_9c6551e0aab0,2026-04-17T11:39:42.796708Z,failure,False,False
evt_d92a19cbf163,2026-04-18T02:37:50.810358Z,failure,False,True
evt_d9f71632eef7,2026-04-17T18:37:16.849827Z,success,False,False
evt_9af9d61b1a0f,2026-04-17T23:43:48.814453Z,failure,False,False
evt_393c6aeb8abe,2026-04-17T11:43:31.834411Z,success,False,True
evt_42834175d6fd,2026-04-17T09:37:40.841584Z,failure,False,False
evt_635aa4bdf4ec,2026-04-18T07:42:59.851775Z,failure,False,False
evt_3d2ad0fbe340,2026-04-17T15:38:58.992963Z,failure,False,True
evt_4a30b7ffd36c,2026-04-17T18:37:21.792597Z,failure,False,False
evt_5d3b3e1386c1,2026-04-18T07:39:46.854187Z,failure,False,True
evt_67645ee665be,2026-04-18T02:37:54.789225Z,failure,False,False
evt_063c04def676,2026-04-18T01:41:38.791609Z,success,False,True
evt_eecdd9953ffa,2026-04-17T15:37:09.828121Z,failure,False,True
evt_0eb068c5994f,2026-04-17T17:37:16.892012Z,failure,False,False
evt_99434fdfb4b0,2026-04-18T11:40:45.933384Z,failure,False,True
evt_d3f5cb45312c,2026-04-18T08:43:08.953915Z,failure,False,False
evt_5385031510c0,2026-04-18T00:38:14.796868Z,failure,False,False
evt_09ff731cca62,2026-04-18T06:41:14.895379Z,failure,False,True
evt_69dadae0f5b3,2026-04-17T22:38:43.956181Z,failure,False,False
evt_aa03c1d149ac,2026-04-17T21:37:30.790655Z,success,False,True
evt_539c290b1f3b,2026-04-18T13:40:52.793223Z,failure,False,True
evt_aac5e3557192,2026-04-17T17:41:28.834638Z,success,False,False
evt_a87461937462,2026-04-17T19:38:50.841315Z,failure,False,False
evt_03a639cff779,2026-04-18T05:43:09.907014Z,success,False,True
evt_7cb1644e26ed,2026-04-18T04:37:29.997539Z,failure,False,False
evt_8f6db4d49d65,2026-04-18T07:43:59.011157Z,failure,False,False
evt_5d8477a890e8,2026-04-18T01:38:24.967530Z,failure,False,False
evt_9a0748f4fe5d,2026-04-18T11:46:14.825478Z,failure,False,True
evt_cf67cb7971ca,2026-04-18T04:38:29.867094Z,failure,False,False
evt_508805c0b109,2026-04-18T01:37:36.872318Z,failure,False,False
evt_4852a3594455,2026-04-18T13:37:19.806752Z,failure,False,False
evt_3d32ce7b6d9e,2026-04-18T11:37:56.814767Z,failure,False,False
evt_198a6aff0ec9,2026-04-18T09:38:00.861197Z,failure,False,True
evt_ef51710e6bc2,2026-04-17T18:46:49.886735Z,failure,False,True
evt_d83663ade3e0,2026-04-18T13:37:44.924304Z,failure,False,True
evt_c1fff478ed74,2026-04-17T22:38:27.978159Z,failure,False,True
evt_969de9df06c7,2026-04-18T01:37:49.004487Z,failure,False,True
evt_e60e3dacabb2,2026-04-18T07:37:44.787600Z,failure,False,False
evt_413e101108e8,2026-04-18T12:40:11.911993Z,failure,False,False
evt_b92dd69463e6,2026-04-18T08:39:39.961596Z,failure,False,False
evt_6e6f4e58fc33,2026-04-17T21:37:46.799703Z,failure,False,False
evt_bf3711a0a888,2026-04-18T02:40:32.930034Z,success,False,True
evt_f166b553b7ab,2026-04-18T19:41:12.972435Z,failure,False,True
evt_6ff8121f0c15,2026-04-18T10:37:15.804942Z,failure,False,True
evt_841237106b81,2026-04-18T01:43:56.835369Z,failure,False,False
evt_aa9df890890a,2026-04-18T06:39:36.837177Z,failure,False,True
evt_5022e4392efe,2026-04-18T02:39:24.912741Z,failure,False,False
evt_66de8527b060,2026-04-18T19:47:32.907078Z,failure,False,True
evt_cd45945d638e,2026-04-18T17:37:41.933752Z,success,False,False
evt_5c245c56852f,2026-04-18T15:42:25.975060Z,failure,False,False
evt_8cd3930a3506,2026-04-18T19:37:16.962796Z,failure,False,True
evt_d08fcc9fba82,2026-04-18T21:37:32.895788Z,success,False,False
evt_777436450518,2026-04-18T07:44:12.965265Z,failure,False,True
evt_4f98c87f1642,2026-04-18T07:44:05.795359Z,failure,False,True
evt_cfa7d80bd750,2026-04-18T12:37:24.814315Z,failure,False,False
evt_3610aa73cee9,2026-04-18T15:38:27.961397Z,failure,False,False
evt_464ded102845,2026-04-19T00:40:59.814647Z,failure,False,True
evt_f1923181566b,2026-04-19T02:42:38.856245Z,failure,False,True
evt_e1fa82bd1cf5,2026-04-18T17:38:16.967993Z,failure,False,False
evt_e447c042b674,2026-04-18T13:41:06.813811Z,failure,False,False
evt_ffc01d5ddc09,2026-04-18T12:39:02.827287Z,failure,False,True
evt_995a800d5573,2026-04-18T13:47:44.836002Z,failure,False,True
evt_694b486a09e9,2026-04-18T07:37:37.995106Z,failure,False,False
evt_e0a9bc8baf4e,2026-04-18T06:38:29.931000Z,failure,False,True
evt_480ec6029089,2026-04-19T04:43:25.881760Z,failure,False,False
evt_b6b53fc62ac1,2026-04-18T12:40:44.940138Z,failure,False,True
evt_92c57353d5b8,2026-04-19T08:38:12.783147Z,failure,False,False
evt_dcf3627167d6,2026-04-18T18:41:49.975502Z,failure,False,True
evt_cab17a031acf,2026-04-19T03:46:25.905204Z,failure,False,True
evt_5dcab9dc3d55,2026-04-18T18:38:23.003403Z,failure,False,True
evt_2720ca0fa4a0,2026-04-18T11:40:44.795264Z,failure,False,True
evt_b706ec12527a,2026-04-19T07:48:54.848760Z,failure,False,True
evt_aada6076a8e5,2026-04-18T17:38:23.985226Z,failure,False,True
evt_65fdbb74fed7,2026-04-18T19:42:58.867136Z,failure,False,True
evt_9ffd3dd4d624,2026-04-19T04:43:09.980904Z,success,False,False
evt_c5ccc0dac434,2026-04-19T09:44:38.806614Z,failure,False,False
evt_225131e93658,2026-04-19T03:43:28.974627Z,failure,False,False
evt_1ddb25a3ba04,2026-04-19T14:39:23.863155Z,failure,False,True
evt_d1afa25653d5,2026-04-18T19:40:26.912462Z,failure,False,True
evt_300bbfea685e,2026-04-18T21:40:46.995012Z,failure,False,True
evt_e00840d785bb,2026-04-19T03:44:12.834291Z,failure,False,False
evt_84e543c64d3b,2026-04-19T16:41:13.932400Z,failure,False,False
evt_861ff5b4d8cb,2026-04-19T13:42:02.780895Z,failure,False,False
evt_39b41551c06c,2026-04-18T22:37:48.878191Z,failure,False,True
evt_17d6cc41ade4,2026-04-19T00:38:27.823782Z,failure,False,False
evt_3ecbe3385fd6,2026-04-18T22:40:53.854246Z,failure,False,True
evt_48b4c38cc6b1,2026-04-19T14:37:33.835127Z,failure,False,False
evt_dac296526ead,2026-04-19T19:40:47.965946Z,failure,False,False
evt_19a539d9341f,2026-04-19T13:42:06.990878Z,failure,False,False
evt_5228dc690c75,2026-04-19T02:45:27.881910Z,failure,False,True
evt_c9e82f7d31b2,2026-04-19T21:41:48.896574Z,failure,False,True
evt_ebeb346d777b,2026-04-19T21:40:56.792421Z,failure,False,True
evt_084541f4fb17,2026-04-19T11:40:10.962899Z,failure,False,True
evt_2ac4d1baf7d6,2026-04-19T18:39:47.864631Z,failure,False,False
evt_a6594cb37023,2026-04-19T09:40:21.804506Z,failure,False,True
evt_6f972ae33b2a,2026-04-19T10:47:11.821581Z,failure,False,True
evt_7db5dc58d0e3,2026-04-19T06:37:13.872383Z,failure,False,False
evt_1d6763166e9f,2026-04-19T19:37:42.933343Z,failure,False,True
evt_052fd25dde94,2026-04-19T05:38:53.935133Z,failure,False,False
evt_1ba6a6c82f3a,2026-04-20T02:45:10.810828Z,failure,False,False
evt_30a4bfa1a912,2026-04-19T05:37:51.902791Z,failure,False,False
evt_06a2cc917315,2026-04-19T13:41:45.955131Z,failure,False,True
evt_88ce5bb0c86a,2026-04-19T18:39:24.011594Z,failure,False,True
evt_3a7ad98d7df3,2026-04-19T13:41:53.899090Z,failure,False,True
evt_cf77b11b7ce9,2026-04-19T13:37:32.782434Z,failure,False,True
evt_970444d063a0,2026-04-19T20:46:29.883185Z,failure,False,True
evt_49531573dd5e,2026-04-19T10:37:53.927205Z,failure,False,True
evt_c22092bfe0ce,2026-04-19T15:40:16.794646Z,failure,False,False
evt_67b4dde23871,2026-04-19T19:37:18.890308Z,failure,False,False
evt_b4e290b5331c,2026-04-20T09:37:22.982914Z,failure,False,True
evt_d429e06cd2eb,2026-04-20T08:38:24.823565Z,failure,False,False
evt_1232e6a9dbb2,2026-04-19T20:40:13.906907Z,failure,False,True
evt_5b57ee6668d9,2026-04-20T04:43:43.936738Z,failure,False,False
evt_4d9e06eca243,2026-04-20T05:42:29.956944Z,success,False,False
evt_10d22c06a7a3,2026-04-20T10:44:55.885847Z,failure,False,True
evt_471c4dfd9736,2026-04-20T01:38:30.982014Z,failure,False,False
evt_248360b3e30c,2026-04-20T01:39:21.933325Z,failure,False,True
evt_ec06e854dbea,2026-04-20T01:37:22.995867Z,failure,False,True
evt_6da393e62384,2026-04-20T05:38:24.008917Z,failure,False,False
evt_02db2e971983,2026-04-20T06:39:07.904952Z,failure,False,True
evt_92250950ff87,2026-04-19T21:40:20.933633Z,failure,False,False
evt_2b0d1078ffa1,2026-04-19T17:44:03.997744Z,failure,False,False
evt_225e815dcd7b,2026-04-20T08:47:22.980529Z,success,False,True
evt_9452d31651a3,2026-04-20T13:45:53.001509Z,failure,False,True
evt_03975d6d2d48,2026-04-20T13:42:36.862165Z,failure,False,False
evt_f65640e68775,2026-04-20T15:38:58.901850Z,failure,False,False
evt_41ba28495d6d,2026-04-19T16:39:27.967155Z,failure,False,True
evt_3de5baa9c2e0,2026-04-20T16:40:07.880245Z,failure,False,True
evt_25f4ce18c658,2026-04-19T22:39:55.947285Z,failure,False,False
evt_6b3995e9ee4c,2026-04-20T06:40:33.951703Z,failure,False,True
evt_fc159ba0b64b,2026-04-20T10:37:48.966396Z,failure,False,False
evt_6bbe469b4f34,2026-04-20T11:39:52.795659Z,failure,False,False
evt_99427ef63365,2026-04-19T22:42:11.909001Z,failure,False,True
evt_41a1e1e2f415,2026-04-20T00:39:35.841134Z,success,False,True
evt_8b2577d800b1,2026-04-20T14:46:46.880638Z,failure,False,True
evt_4f911132551b,2026-04-19T23:37:18.919115Z,failure,False,False
evt_4f0415632e6b,2026-04-20T19:43:38.941586Z,failure,False,True
evt_76d61f5202bf,2026-04-20T06:38:17.891868Z,success,False,False
evt_8b2daeec46eb,2026-04-20T09:38:49.892392Z,failure,False,False
evt_4d1defde097a,2026-04-20T06:39:49.939210Z,failure,False,True
evt_8e17e79f8fff,2026-04-20T11:37:28.871600Z,failure,False,True
evt_f5a5b124fe5f,2026-04-20T12:43:07.942054Z,failure,False,True
evt_1d42dca7df4d,2026-04-20T18:46:34.998019Z,failure,False,False
evt_01f9b556dd66,2026-04-20T02:38:52.012675Z,failure,False,True
evt_c2016d150095,2026-04-20T01:38:18.988384Z,success,False,False
evt_71429fa076f3,2026-04-20T23:39:41.952928Z,failure,False,False
evt_d27906d439ea,2026-04-20T10:44:44.991226Z,failure,False,False
evt_7f9a7fcf4a6f,2026-04-21T01:42:15.948642Z,failure,False,True
evt_cd4080900310,2026-04-21T01:37:44.998362Z,failure,False,False
evt_4c8ba9eb66be,2026-04-20T21:40:56.896461Z,failure,False,True
evt_3a5a4823910b,2026-04-20T19:40:36.914469Z,success,False,False
evt_0147066d77b3,2026-04-20T08:45:34.936663Z,failure,False,True
evt_c7065ba2f348,2026-04-20T10:38:03.912362Z,failure,False,True
evt_9d72f0da59a1,2026-04-20T10:37:46.796807Z,failure,False,True
evt_158db818e330,2026-04-20T23:37:59.888745Z,failure,False,False
evt_366ce32e9e1c,2026-04-21T02:37:32.958617Z,failure,False,True
evt_3602b5297e23,2026-04-20T09:38:20.993251Z,failure,False,True
evt_649714bb59e8,2026-04-21T02:43:57.832249Z,success,False,False
evt_57002c69110c,2026-04-20T08:37:41.836959Z,success,False,False
evt_20881b0b1ff2,2026-04-20T14:38:44.971523Z,failure,False,True
evt_555f79651f69,2026-04-20T19:38:47.825599Z,failure,False,True
evt_fcd42639f37f,2026-04-20T21:37:38.996430Z,failure,False,False
evt_ecafc8b831b3,2026-04-20T12:39:40.831022Z,failure,False,False
evt_ebe45d4aa655,2026-04-21T00:39:07.836022Z,failure,False,True
evt_dae6980921a8,2026-04-20T19:38:28.856225Z,failure,False,True
evt_086521f0f63a,2026-04-21T00:39:49.829251Z,failure,False,False
evt_9579a33037bc,2026-04-20T16:47:01.836821Z,failure,False,True
evt_62336e7d1865,2026-04-21T03:40:24.914688Z,success,False,False
evt_a02a280f3bc3,2026-04-21T09:37:45.948884Z,failure,False,True
evt_61bd7f52e428,2026-04-21T03:37:37.921013Z,success,False,True
evt_fc7d42192aa2,2026-04-21T09:42:05.011775Z,failure,False,False
evt_ddd87c909c1f,2026-04-21T06:44:31.899994Z,failure,False,True
evt_fcfe9a174864,2026-04-21T07:45:42.951558Z,failure,False,True
evt_678a85f8ea98,2026-04-21T06:37:37.788569Z,failure,False,True
evt_be2f613814af,2026-04-21T13:42:19.894145Z,failure,False,True
evt_f14a7b670378,2026-04-21T13:40:18.969417Z,failure,False,True
evt_f571e32305a5,2026-04-21T11:37:23.995884Z,failure,False,False
evt_f7605e80c886,2026-04-21T03:40:14.012313Z,failure,False,True
evt_bbd9948a3e9f,2026-04-21T14:40:33.911775Z,success,False,True
evt_b4f410b4d0fe,2026-04-21T16:39:43.805974Z,failure,False,True
evt_1b9e77db53ad,2026-04-21T21:41:41.868852Z,failure,False,True
evt_9bf02f56d499,2026-04-21T12:37:28.803408Z,failure,False,True
evt_64c63dfc7a00,2026-04-21T16:41:34.828427Z,failure,False,False
evt_2dd5358eb9aa,2026-04-21T01:41:18.912230Z,failure,False,True
evt_0bbcfb1fead8,2026-04-21T13:44:05.966614Z,failure,False,False
evt_215e4ded0102,2026-04-21T13:45:57.822261Z,failure,False,False
evt_48ba00a423a0,2026-04-21T13:38:40.925806Z,failure,False,False
evt_a9b6e67d3327,2026-04-21T09:44:35.959647Z,success,False,False
evt_d30646e7613d,2026-04-21T02:38:17.984800Z,failure,False,False
evt_cebcc0a87ee9,2026-04-21T11:39:42.910793Z,failure,False,False
evt_058dd9243a61,2026-04-21T22:41:35.956288Z,failure,False,False
evt_14ecbc24ee0f,2026-04-21T20:37:56.902433Z,failure,False,False
evt_db9bf739a3f8,2026-04-21T15:42:40.919872Z,success,False,True
evt_54f55a00063b,2026-04-21T15:41:48.809309Z,failure,False,False
evt_2ff2feab070c,2026-04-21T08:37:11.813026Z,failure,False,True
evt_9054270db5e6,2026-04-21T22:38:05.915374Z,success,False,True
evt_d5bb5e1c1daf,2026-04-21T19:43:22.958889Z,failure,False,True
evt_7cd21d734b2a,2026-04-21T23:43:20.895641Z,failure,False,True
evt_d2dfe3b346a0,2026-04-22T03:44:27.917849Z,failure,False,True
evt_26bdb5dbf712,2026-04-21T14:39:13.996055Z,failure,False,False
evt_78a7f7275416,2026-04-22T01:45:31.880094Z,failure,False,False
evt_b2bfb8c1efa1,2026-04-21T14:45:33.989671Z,failure,False,False
evt_21e207b89741,2026-04-22T07:38:02.826863Z,failure,False,False
evt_1b459ac716b7,2026-04-22T01:43:53.892857Z,failure,False,False
evt_21c5e33ed6e6,2026-04-22T04:39:34.970663Z,failure,False,True
evt_8a3211de6997,2026-04-21T12:39:33.847701Z,success,False,True
evt_5cefd1e1a91c,2026-04-22T04:43:15.803633Z,failure,False,True
evt_da3f88f9b7af,2026-04-21T16:38:07.011553Z,success,False,False
evt_fa75c84e15ed,2026-04-21T18:38:16.889951Z,failure,False,True
evt_2d58cb5bc5bc,2026-04-22T04:40:37.980097Z,failure,False,True
evt_f52d0a5f4322,2026-04-22T01:37:14.001821Z,success,False,False
evt_f795eb6c5ac5,2026-04-21T18:40:38.868831Z,failure,False,False
evt_8076768c36ea,2026-04-22T05:40:25.922485Z,failure,False,True
evt_564d65ca042c,2026-04-21T20:38:03.796255Z,failure,False,False
evt_4e288de1474d,2026-04-22T09:40:19.821635Z,failure,False,True
evt_0cd3b1f67b5c,2026-04-22T02:39:17.897639Z,failure,False,True
evt_3e99a0523b06,2026-04-21T15:37:35.945836Z,failure,False,False
evt_9f3b2a07901c,2026-04-21T20:39:41.975986Z,success,False,True
evt_a4af5312787f,2026-04-21T17:41:23.899976Z,failure,False,True
evt_9641dc4bab15,2026-04-22T05:39:07.982860Z,success,False,False
evt_e5566cad6667,2026-04-22T14:37:55.799817Z,failure,False,False
evt_e3ec4bc06d05,2026-04-22T08:41:22.782093Z,failure,False,False
evt_4d97f24e67c2,2026-04-22T13:37:46.827872Z,failure,False,False
evt_0eac87c384e9,2026-04-22T01:41:40.878990Z,failure,False,False
evt_1f7d077bbc58,2026-04-22T00:39:39.858065Z,failure,False,False
evt_5906bd747a17,2026-04-22T09:39:52.813352Z,failure,False,False
evt_c188c5c834dc,2026-04-22T15:41:21.903719Z,failure,False,False
evt_38622699938b,2026-04-22T07:38:29.990783Z,failure,False,True
evt_b29ade2554b9,2026-04-22T07:38:01.905992Z,failure,False,False
evt_237f835bb904,2026-04-22T22:37:25.953770Z,failure,False,True
evt_65c453568770,2026-04-22T21:41:38.788702Z,failure,False,False
evt_978dfbea8754,2026-04-22T02:37:26.827775Z,failure,False,False
evt_d2967e4c3f98,2026-04-22T05:38:35.818690Z,failure,False,True
evt_0baeb445e964,2026-04-23T01:38:34.889029Z,failure,False,True
evt_658fc815144a,2026-04-22T16:39:26.926441Z,failure,False,False
evt_793081caab6a,2026-04-22T23:38:02.955986Z,failure,False,False
evt_4b836af0a3c2,2026-04-22T10:41:46.001922Z,failure,False,False
evt_ea4a4e1791ed,2026-04-22T12:44:11.905866Z,failure,False,False
evt_7d167fd144b5,2026-04-22T15:37:17.864490Z,failure,False,True
evt_4b60d5d6172d,2026-04-22T20:37:42.894039Z,failure,False,False
evt_6ef5156a2ed7,2026-04-22T13:44:35.010755Z,failure,False,True
evt_35f840ff08c2,2026-04-22T21:40:29.928879Z,failure,False,False
evt_d81243c9dcd5,2026-04-23T03:45:09.996410Z,failure,False,True
evt_0dddbb6b5d10,2026-04-22T09:39:38.863901Z,failure,False,False
evt_3dcec039c55d,2026-04-22T12:44:34.974797Z,failure,False,False
evt_d725ac1cade6,2026-04-23T01:37:06.999166Z,failure,False,False
evt_5a32fb6c9602,2026-04-22T08:41:32.919135Z,failure,False,False
evt_224acd34265e,2026-04-22T12:46:37.934279Z,failure,False,False
evt_dc378c6aa78c,2026-04-23T08:42:51.818614Z,failure,False,True
evt_e2c9dec385a0,2026-04-22T10:38:30.850800Z,failure,False,False
evt_d6a3a6f09521,2026-04-22T20:37:25.941542Z,failure,False,False
evt_ee410dff8ac1,2026-04-23T02:39:21.998239Z,failure,False,True
evt_06487f383dd0,2026-04-22T11:37:29.857180Z,failure,False,True
evt_e3807048d561,2026-04-22T11:37:10.998402Z,failure,False,False
evt_f5edc083478d,2026-04-22T21:38:47.946576Z,failure,False,True
evt_331f118c52fa,2026-04-22T21:37:48.974961Z,failure,False,True
evt_b98b5454d8c0,2026-04-22T13:41:11.805480Z,failure,False,True
evt_bc33ec93a1a9,2026-04-22T21:38:03.810429Z,failure,False,True
evt_8b5965326a56,2026-04-23T03:37:10.881318Z,failure,False,False
evt_727dba968aa2,2026-04-22T18:42:07.976630Z,failure,False,False
evt_3195fdd9e099,2026-04-23T11:49:17.911250Z,failure,False,True
evt_70b5c80205cb,2026-04-23T07:38:34.853349Z,failure,False,False
evt_8fbea5c6498c,2026-04-22T15:48:41.906101Z,failure,False,True
evt_edde9b1381c3,2026-04-23T12:45:20.939088Z,failure,False,False
evt_b91f0695f2da,2026-04-22T17:39:19.980488Z,success,False,True
evt_da5d2941b1e8,2026-04-23T03:38:09.996945Z,failure,False,False
evt_b0000481a60d,2026-04-23T07:42:37.791551Z,failure,False,False
evt_4696bf6004b1,2026-04-23T15:42:54.940117Z,success,False,True
evt_5a171757d300,2026-04-23T15:37:29.799545Z,failure,False,True
evt_99774933d603,2026-04-22T23:43:33.850918Z,failure,False,False
evt_b2692c2c1be2,2026-04-23T03:38:51.869922Z,failure,False,True
evt_349961446984,2026-04-22T18:37:31.880011Z,failure,False,False
evt_4f1b172a6f66,2026-04-23T09:39:41.954994Z,failure,False,False
evt_e40c2bf10c86,2026-04-22T19:38:21.969070Z,failure,False,False
evt_9cce041c4086,2026-04-22T23:42:35.001681Z,failure,False,True
evt_b00da7b5d96e,2026-04-23T05:40:12.995674Z,failure,False,True
evt_7a6a8fbbb546,2026-04-23T03:39:05.997094Z,failure,False,False
evt_32a3baf82337,2026-04-23T08:40:42.845271Z,failure,False,True
evt_82abc3a2e3cc,2026-04-23T12:40:45.849922Z,failure,False,False
evt_4a11ed62671a,2026-04-23T01:38:59.968905Z,failure,False,True
evt_242fb4217b3e,2026-04-22T21:37:41.975176Z,failure,False,True
evt_dc246fad5359,2026-04-23T03:45:00.007150Z,success,False,False
evt_a85fb0be58ff,2026-04-23T10:38:29.881531Z,failure,False,True
evt_65dcb07ef3de,2026-04-23T14:40:47.861596Z,failure,False,False
evt_2e6a65a8f1cd,2026-04-23T07:37:37.874783Z,failure,False,False
evt_9ec4094e2e80,2026-04-23T14:40:05.898760Z,failure,False,True
evt_b2dcea636bdb,2026-04-23T00:42:44.000450Z,failure,False,True
evt_9aae05fd477e,2026-04-23T09:38:47.844680Z,failure,False,False
evt_af1fed05b02a,2026-04-23T01:43:39.859312Z,failure,False,True
evt_47e7db35b0df,2026-04-23T13:37:51.853849Z,failure,False,True
evt_fcaf2794e8fb,2026-04-23T19:43:14.906297Z,failure,False,False
evt_d96235beb394,2026-04-23T10:37:57.913186Z,failure,False,False
evt_4cd1004b8ec4,2026-04-23T17:40:37.922443Z,failure,False,False
evt_e5aaef7d6694,2026-04-24T02:38:02.784412Z,failure,False,True
evt_45308e593698,2026-04-23T11:38:11.865009Z,failure,False,False
evt_7807fd5bb90b,2026-04-23T19:40:48.962209Z,success,False,True
evt_32350b3ba90d,2026-04-24T00:37:43.990052Z,failure,False,False
evt_bb4c409cae4a,2026-04-23T18:45:44.868443Z,failure,False,True
evt_a03eb8d3cc39,2026-04-23T16:37:40.796828Z,failure,False,False
evt_631528762058,2026-04-23T15:40:32.856750Z,failure,False,True
evt_6ab16ff76b84,2026-04-23T21:41:35.948255Z,failure,False,False
evt_c2cf62aabb8a,2026-04-23T23:39:36.991186Z,failure,False,True
evt_47ce9aeffcfb,2026-04-24T00:39:10.846184Z,failure,False,False
evt_b296621bb8dd,2026-04-23T16:37:19.873428Z,success,False,True
evt_216ecf5e1d6c,2026-04-23T08:45:04.953638Z,failure,False,True
evt_4e635ea9089f,2026-04-23T18:41:52.984269Z,failure,False,False
evt_64f83b7fc13e,2026-04-23T18:38:23.015371Z,failure,False,True
evt_455762e442fb,2026-04-23T10:38:40.898355Z,failure,False,True
evt_768c7c518057,2026-04-23T16:39:02.908478Z,failure,False,True
evt_72261603a76b,2026-04-24T06:39:33.945955Z,failure,False,True
evt_1cd29640fa9b,2026-04-23T21:40:20.799475Z,failure,False,True
evt_7b540455c763,2026-04-23T18:41:07.937994Z,failure,False,False
evt_51671316de52,2026-04-23T17:38:00.906317Z,failure,False,False
evt_41ea78830d5a,2026-04-24T08:43:07.003626Z,failure,False,False
evt_edca4400db0d,2026-04-23T21:37:21.890924Z,failure,False,True
evt_577e5cab305b,2026-04-23T21:42:31.796931Z,failure,False,True
evt_b33c09421a3e,2026-04-24T03:38:50.912144Z,failure,False,False
evt_81a8d859b78f,2026-04-24T16:38:58.840844Z,failure,False,True
evt_42fac0cf46e3,2026-04-24T16:37:09.832748Z,failure,False,True
evt_8300a816df7b,2026-04-23T20:39:15.896134Z,failure,False,False
evt_500c58ca81a5,2026-04-24T18:38:58.826617Z,failure,False,False
evt_45299eebdb06,2026-04-23T23:42:19.931510Z,failure,False,True
evt_e0d01bb1edc7,2026-04-23T20:44:02.842288Z,failure,False,False
evt_9a22b782e0d3,2026-04-24T18:45:27.977232Z,failure,False,True
evt_f1ee577f93a4,2026-04-24T13:38:01.960979Z,failure,False,True
evt_254bcea2a033,2026-04-24T10:38:36.807643Z,failure,False,False
evt_f6ef643306b9,2026-04-24T06:41:34.832511Z,failure,False,True
evt_77aeae1ed3c6,2026-04-24T06:42:28.885552Z,failure,False,False
evt_c6719d651254,2026-04-24T21:38:16.918099Z,failure,False,False
evt_4b6a0a041f13,2026-04-24T15:39:33.800283Z,failure,False,True
evt_11bbc981fdff,2026-04-24T09:44:31.868498Z,failure,False,False
evt_782cf7d0358c,2026-04-24T23:39:09.911812Z,failure,False,False
evt_a5767cb48d33,2026-04-24T05:38:03.916002Z,failure,False,True
evt_40036ef09721,2026-04-24T16:49:21.917270Z,failure,False,True
evt_61c091cccde6,2026-04-24T20:37:34.893334Z,failure,False,False
evt_fba81e3dc901,2026-04-25T01:41:05.926144Z,success,False,True
evt_974fa10f5bff,2026-04-24T15:41:34.952853Z,failure,False,True
evt_e4f44fead5df,2026-04-24T02:40:57.968199Z,failure,False,False
evt_25d1c8aa3ef3,2026-04-24T04:37:24.828781Z,failure,False,True
evt_ce7d53adb500,2026-04-24T03:37:58.830580Z,failure,False,False
evt_8f9bbefe1d5f,2026-04-24T19:44:55.846484Z,failure,False,False
evt_9b13db371af7,2026-04-25T02:38:26.851223Z,failure,False,True
evt_5d938006b61b,2026-04-24T17:38:53.855796Z,failure,False,False
evt_2ec25dc4c632,2026-04-24T11:37:08.955416Z,failure,False,False
evt_c98f28defaa8,2026-04-24T12:41:48.971978Z,failure,False,False
evt_75604c81d21a,2026-04-24T03:37:55.004569Z,success,False,False
evt_f5e59048e9d3,2026-04-24T06:44:43.795027Z,failure,False,False
evt_a2e5410896ba,2026-04-24T20:38:04.964941Z,failure,False,True
evt_af9b55c98b70,2026-04-25T01:44:57.976482Z,failure,False,False
evt_2bb14ccd5b6e,2026-04-24T11:37:51.827892Z,failure,False,False
evt_a2519dddb3cc,2026-04-25T01:40:14.969628Z,success,False,False
evt_5f91c9d1d594,2026-04-24T11:41:03.906755Z,failure,False,True
evt_03c4fac84a84,2026-04-24T18:46:11.860281Z,failure,False,True
evt_f760d24e4ab6,2026-04-24T13:40:17.863299Z,failure,False,False
evt_e55d1b2d03d1,2026-04-24T13:38:18.988990Z,failure,False,False
evt_b570e3fabb76,2026-04-25T03:38:00.000702Z,failure,False,False
evt_bd855a0acad5,2026-04-24T07:38:31.016343Z,failure,False,True
evt_647a1ef88116,2026-04-24T21:39:07.945741Z,failure,False,False
evt_669bfe5e1d51,2026-04-25T04:40:45.892573Z,failure,False,True
evt_e1574d2c3360,2026-04-24T11:37:56.928330Z,failure,False,True
evt_b10df1eb5164,2026-04-24T22:39:35.939972Z,failure,False,False
evt_d5ce1dd85960,2026-04-24T13:37:48.012884Z,failure,False,False
evt_854894508276,2026-04-24T12:45:26.824333Z,failure,False,True
evt_8020e33b1bea,2026-04-25T08:39:12.831418Z,failure,False,True
evt_4168ce0f2049,2026-04-24T20:45:25.880794Z,failure,False,True
evt_82bea7952c32,2026-04-24T18:40:30.836617Z,failure,False,True
evt_0d1e47a2d74e,2026-04-24T20:41:31.857344Z,success,False,True
evt_3f9797030537,2026-04-25T10:40:32.970126Z,failure,False,True
evt_fba38b8afecf,2026-04-25T02:42:43.782855Z,failure,False,False
evt_09646f8ffb6b,2026-04-25T11:41:37.917366Z,failure,False,False
evt_e880832071d2,2026-04-25T04:38:01.938705Z,failure,False,True
evt_1fc4648424b2,2026-04-24T15:40:37.943573Z,failure,False,False
evt_33003be43b6f,2026-04-25T04:40:37.829686Z,failure,False,False
evt_76ee1d927a53,2026-04-24T18:43:23.838275Z,failure,False,True
evt_d876d9afe3fb,2026-04-25T06:42:42.913760Z,failure,False,False
evt_7083836e183a,2026-04-25T02:37:18.931417Z,failure,False,False
evt_4afacd234818,2026-04-25T11:37:48.934348Z,failure,False,False
evt_0d100c31a3c0,2026-04-24T15:47:09.990982Z,failure,False,True
evt_fe88f8008f47,2026-04-25T02:37:28.788783Z,failure,False,True
evt_be0dd5312e47,2026-04-24T16:39:20.807470Z,failure,False,False
evt_92444a621a63,2026-04-24T16:41:17.952683Z,failure,False,False
evt_1322004ecac0,2026-04-25T02:43:51.782775Z,failure,False,False
evt_4bf8799f2252,2026-04-25T02:39:06.829793Z,failure,False,True
evt_177ff849e0f4,2026-04-25T15:37:55.845790Z,failure,False,True
evt_567b996ba3b3,2026-04-25T12:38:01.959911Z,failure,False,True
evt_0c8eff9ad487,2026-04-25T14:42:43.980621Z,failure,False,True
evt_e47d75256ea0,2026-04-24T21:41:20.842230Z,failure,False,False
evt_db76d21b9270,2026-04-25T08:37:56.962779Z,failure,False,True
evt_c50c5ebadd1d,2026-04-24T23:37:51.798566Z,failure,False,False
evt_eeeb7e04b9f2,2026-04-24T23:40:34.878140Z,failure,False,False
evt_6501b6351446,2026-04-24T23:37:43.889756Z,failure,False,True
evt_81f1fbf45d85,2026-04-25T02:39:19.990746Z,failure,False,True
evt_f53149097c42,2026-04-25T10:41:22.863396Z,failure,False,True
evt_a07ad5e08204,2026-04-24T22:37:33.786515Z,failure,False,True
evt_9b2b75822163,2026-04-25T02:38:32.844895Z,failure,False,True
evt_4086cdd7ad4a,2026-04-25T00:38:40.819019Z,failure,False,False
evt_f411fba94790,2026-04-25T13:38:03.008449Z,failure,False,False
evt_96598ba32607,2026-04-25T08:40:54.002434Z,success,False,True
evt_95b2432af206,2026-04-25T00:37:24.821439Z,failure,False,True
evt_8ccd8b2356da,2026-04-25T18:42:31.887882Z,failure,False,False
evt_45dabfd6de45,2026-04-25T19:41:43.789147Z,failure,False,True
evt_9fd9dd681b4c,2026-04-25T04:39:12.936506Z,failure,False,False
evt_24f7dd2bd67d,2026-04-25T04:38:38.954069Z,failure,False,False
evt_46cc2cae7343,2026-04-25T22:45:25.011709Z,failure,False,True
evt_7043e9837dde,2026-04-25T09:38:49.935717Z,failure,False,False
evt_3c21d6dab712,2026-04-25T23:45:04.892471Z,failure,False,True
evt_f1bf1fb55922,2026-04-25T10:46:57.961058Z,failure,False,False
evt_c8a4d5bc8f1a,2026-04-25T16:43:36.002396Z,failure,False,False
evt_5af2081bb20d,2026-04-25T11:43:48.786691Z,failure,False,False
evt_0d1dda34d270,2026-04-25T22:41:23.787305Z,failure,False,True
evt_45b9bb731b29,2026-04-26T01:38:03.920992Z,failure,False,True
evt_550736812955,2026-04-25T10:37:34.953527Z,failure,False,False
evt_187ee415d72e,2026-04-25T21:37:14.957114Z,failure,False,False
evt_2b5a3944e108,2026-04-25T12:47:02.943695Z,failure,False,False
evt_5868008765cf,2026-04-25T11:38:26.977032Z,failure,False,False
evt_546bd280948d,2026-04-25T19:42:03.825807Z,failure,False,True
evt_63ad2d0c4daa,2026-04-25T12:42:00.002326Z,failure,False,True
evt_911201f3eec8,2026-04-25T08:38:52.866388Z,failure,False,False
evt_321822101453,2026-04-25T12:44:50.838778Z,failure,False,False
evt_d895ef7f153f,2026-04-26T08:41:16.894780Z,failure,False,False
evt_e217905fb1ff,2026-04-26T06:38:35.998848Z,failure,False,True
evt_fcb58f347571,2026-04-26T09:38:03.835534Z,failure,False,True
evt_35f52b81c967,2026-04-26T06:42:53.926544Z,failure,False,True
evt_b8b02fe4690a,2026-04-25T18:39:08.000984Z,failure,False,False
evt_9cee7848b714,2026-04-26T08:41:59.915643Z,failure,False,False
evt_184cd91d6454,2026-04-26T00:37:31.999275Z,failure,False,True
evt_ef808ef39e3d,2026-04-25T20:37:57.790002Z,failure,False,False
evt_9367280f4365,2026-04-25T16:47:40.798391Z,success,False,True
evt_927030544b90,2026-04-25T20:39:09.889888Z,failure,False,True
evt_ee42abc108fc,2026-04-26T12:39:19.984328Z,failure,False,True
evt_440273a56eec,2026-04-26T02:38:06.902021Z,failure,False,False
evt_3c9ac666f388,2026-04-25T20:40:47.869730Z,failure,False,False
evt_9494e65bac5d,2026-04-25T19:39:01.917720Z,failure,False,True
evt_f5db43b20117,2026-04-26T13:41:21.965244Z,failure,False,False
evt_03a5a1f753bd,2026-04-25T20:37:08.782414Z,failure,False,False
evt_ed801b7ef2e4,2026-04-25T23:37:48.985996Z,failure,False,False
evt_c56a0f483a09,2026-04-26T10:42:44.999387Z,failure,False,True
evt_3d8004210587,2026-04-26T15:41:20.805953Z,failure,False,True
evt_202e925482cb,2026-04-26T02:45:16.844002Z,failure,False,True
evt_687bb28df195,2026-04-26T12:38:33.915210Z,failure,False,True
evt_9eb4c1f19dab,2026-04-26T06:37:23.943427Z,success,False,False
evt_40d1697fb839,2026-04-26T19:38:24.802664Z,failure,False,True
evt_5666dbe2e634,2026-04-25T23:37:41.863278Z,failure,False,True
evt_7244f1049e84,2026-04-26T02:39:47.880975Z,failure,False,True
evt_6457abc3c8a8,2026-04-26T20:40:31.910291Z,failure,False,False
evt_7bbf63288ad2,2026-04-26T14:38:23.949832Z,success,False,False
evt_3bb7736b19f7,2026-04-26T00:38:25.961359Z,failure,False,False
evt_54c2165a7a08,2026-04-26T00:43:33.805933Z,failure,False,True
evt_385bba68b4c2,2026-04-26T01:42:50.839647Z,failure,False,False
evt_ea12077c3860,2026-04-26T20:37:50.825335Z,failure,False,False
evt_4445593a7bc7,2026-04-26T14:42:44.897733Z,failure,False,False
evt_ce048cbd79ec,2026-04-26T16:39:03.898699Z,failure,False,False
evt_d6380903284c,2026-04-26T07:38:58.915704Z,failure,False,True
evt_ad2a6a083749,2026-04-26T15:40:08.932698Z,failure,False,True
evt_c1602c1b37c8,2026-04-26T04:37:11.947595Z,failure,False,True
evt_7c43c034a44c,2026-04-26T21:42:51.857521Z,failure,False,True
evt_23263ba73d28,2026-04-26T22:37:58.845529Z,success,False,True
evt_807552174921,2026-04-26T07:38:39.837021Z,failure,False,True
evt_b5c65299d3d5,2026-04-26T10:37:39.861833Z,failure,False,True
evt_89a995c11c14,2026-04-26T13:40:17.915032Z,failure,False,True
evt_b3bdfaf87c14,2026-04-26T12:44:26.940326Z,failure,False,False
evt_0d13a8a36b80,2026-04-26T13:43:38.828636Z,failure,False,True
evt_9f554b48cd53,2026-04-26T08:43:17.004549Z,failure,False,False
evt_400213637123,2026-04-26T20:48:54.864164Z,failure,False,False
evt_1af7bd3cbd26,2026-04-26T09:37:09.010665Z,failure,False,False
evt_e8e1a4761b3a,2026-04-26T17:39:52.003647Z,failure,False,True
evt_ccdb1dc00eca,2026-04-26T21:44:37.961734Z,success,False,False
evt_d1fc0c63b2da,2026-04-27T06:37:52.784784Z,failure,False,False
evt_3e4dbb2813c5,2026-04-26T22:41:08.808491Z,failure,False,False
evt_acf7385fbc84,2026-04-26T14:40:32.969727Z,failure,False,False
evt_f11c107f816c,2026-04-26T09:37:50.971944Z,failure,False,False
evt_45857658a930,2026-04-26T23:42:02.810559Z,failure,False,False
evt_6b22145572bb,2026-04-26T20:41:39.897039Z,failure,False,True
evt_97f0f94253b6,2026-04-27T01:44:47.989486Z,failure,False,True
evt_f20a1ec9a8cb,2026-04-27T04:39:37.867316Z,failure,False,False
evt_c75084f347d0,2026-04-26T21:37:20.959240Z,failure,False,True
evt_9a9aca86cee6,2026-04-27T04:37:46.001703Z,failure,False,True
evt_f66547a59db2,2026-04-26T18:39:36.845655Z,failure,False,True
evt_29eb4b636ab4,2026-04-27T07:44:27.995475Z,failure,False,False
evt_0d2bfa82bfdd,2026-04-27T11:43:09.899598Z,failure,False,False
evt_59a24d8440e5,2026-04-26T17:43:46.933531Z,failure,False,True
evt_2f51037b5d6c,2026-04-27T04:40:14.999992Z,failure,False,True
evt_9e3ae033e049,2026-04-26T15:37:29.000722Z,failure,False,True
evt_eef97065cc18,2026-04-26T22:40:31.823380Z,success,False,False
evt_d64aa6943725,2026-04-27T07:37:26.922852Z,failure,False,True
evt_9dbb77a80df1,2026-04-27T04:41:23.966762Z,failure,False,True
evt_22de820a2d4d,2026-04-27T05:39:16.931697Z,failure,False,True
evt_853d4430f9c0,2026-04-26T17:37:54.938355Z,failure,False,False
evt_f7a16e55efe5,2026-04-27T06:37:13.963089Z,failure,False,False
evt_6bf5c14b1cf4,2026-04-26T16:43:37.808924Z,failure,False,True
evt_18c03efc2022,2026-04-26T15:41:54.897460Z,failure,False,False
evt_ebdf553e6472,2026-04-27T01:37:31.905525Z,failure,False,True
evt_eee4ecf1204c,2026-04-26T21:40:11.902167Z,failure,False,False
evt_713d0e8c8581,2026-04-27T01:37:43.976651Z,failure,False,False
evt_b8510e28d433,2026-04-26T21:44:44.828945Z,failure,False,False
evt_0999d73cc5f8,2026-04-27T11:38:04.804771Z,success,False,True
evt_12beb1ebce08,2026-04-27T04:49:02.858870Z,failure,False,False
evt_798ab2f4f090,2026-04-27T00:37:16.982362Z,failure,False,True
evt_aa7ea4e7b66b,2026-04-27T18:40:24.803058Z,failure,False,True
evt_d72f1c8bd4c3,2026-04-27T06:38:34.994547Z,success,False,True
evt_443b3a90a255,2026-04-27T15:37:36.798483Z,failure,False,False
evt_f83292d4c271,2026-04-27T15:40:36.953329Z,failure,False,True
evt_6029eee668d5,2026-04-27T03:40:53.972760Z,failure,False,True
evt_51e4d10fd2cd,2026-04-26T23:37:58.016800Z,failure,False,True
evt_b2c3eaf8f961,2026-04-27T00:40:39.901283Z,failure,False,False
evt_7706194fee15,2026-04-27T17:37:50.969889Z,failure,False,True
evt_3c92a1a12c5d,2026-04-27T13:38:36.875059Z,failure,False,False
evt_27be83e35fd8,2026-04-27T08:38:01.903824Z,failure,False,True
evt_a6d75af22916,2026-04-27T01:38:01.949640Z,failure,False,False
evt_74ab9bec3376,2026-04-27T22:38:26.956789Z,failure,False,False
evt_3331078f44a9,2026-04-27T18:42:56.982702Z,failure,False,True
evt_248bb750ae4c,2026-04-27T04:41:32.994958Z,failure,False,False
evt_505da8a06f8d,2026-04-27T10:44:13.864207Z,failure,False,True
evt_89acb60fa8e6,2026-04-27T17:42:06.895281Z,failure,False,True
evt_0ac6e78c92d1,2026-04-28T00:45:01.959541Z,failure,False,False
evt_184ef4488322,2026-04-27T03:47:55.791797Z,failure,False,False
evt_e5efb4d4f46d,2026-04-27T22:42:10.816608Z,failure,False,True
evt_1f0a94d58d64,2026-04-27T19:41:17.960938Z,failure,False,True
evt_4dd283d78124,2026-04-27T09:40:12.926720Z,failure,False,True
evt_60d99cf74654,2026-04-27T17:43:45.839773Z,success,False,False
evt_81b1ce3e0421,2026-04-27T20:40:29.904814Z,failure,False,False
evt_e78b3726d7b6,2026-04-27T21:37:36.937779Z,failure,False,False
evt_adcf747926ed,2026-04-27T12:37:53.936720Z,failure,False,False
evt_41471fbf22d7,2026-04-28T04:45:23.998197Z,failure,False,False
evt_cd4d17109739,2026-04-27T16:40:02.851443Z,failure,False,True
evt_13d45fbe38bf,2026-04-28T00:41:58.941761Z,failure,False,True
evt_15cbb6f2d56e,2026-04-28T00:44:03.809705Z,failure,False,False
evt_371b79576c51,2026-04-27T22:38:46.835496Z,failure,False,False
evt_4363c017b993,2026-04-27T22:39:23.839342Z,failure,False,True
evt_6c5f71a90f93,2026-04-27T21:38:35.846387Z,failure,False,True
evt_b4a4ce04e561,2026-04-27T23:39:25.932616Z,failure,False,True
evt_8abd3582d391,2026-04-27T21:44:52.941845Z,failure,False,False
evt_d8c881dd8da9,2026-04-28T00:41:18.784930Z,failure,False,False
evt_72187ed0dc4d,2026-04-28T07:43:23.904742Z,failure,False,True
evt_572afb56c1ac,2026-04-27T12:40:56.916245Z,failure,False,False
evt_71cc721a1f8f,2026-04-27T10:38:00.937001Z,failure,False,True
evt_dd774dd4a838,2026-04-27T17:38:35.953472Z,success,False,False
evt_282400e0e7a7,2026-04-27T14:37:53.954111Z,success,False,True
evt_17a69da2fdd0,2026-04-28T02:37:38.986017Z,failure,False,True
evt_0c1726305066,2026-04-28T04:37:09.988244Z,failure,False,True
evt_eb1cc4a16c97,2026-04-28T02:45:31.870338Z,failure,False,True
evt_d6d7e02c5a6f,2026-04-27T13:40:40.960084Z,failure,False,False
evt_67dc3541f470,2026-04-28T00:42:36.871518Z,failure,False,False
evt_9219354f2f29,2026-04-28T06:38:25.906849Z,failure,False,True
evt_cb8270837466,2026-04-27T21:37:39.791690Z,failure,False,False
evt_fe43e37ad2e4,2026-04-27T19:37:44.871259Z,failure,False,True
evt_935fa947d5b7,2026-04-28T03:47:59.782180Z,failure,False,True
evt_bd0b5da4da2e,2026-04-27T20:37:58.801669Z,failure,False,False
evt_454c52d37ca4,2026-04-28T07:41:25.927724Z,failure,False,True
evt_b6aa8b5accea,2026-04-28T08:37:55.964653Z,failure,False,True
evt_aea7a87bd27b,2026-04-27T20:49:00.907636Z,failure,False,False
evt_10da4a7bfc9b,2026-04-28T06:44:26.987460Z,failure,False,False
evt_b43282267fef,2026-04-28T14:37:06.947813Z,failure,False,True
evt_d9549b81a003,2026-04-28T03:49:40.894166Z,success,False,True
evt_5e298a972d1b,2026-04-27T23:45:22.942129Z,failure,False,False
evt_04f12188ee94,2026-04-28T01:40:22.996266Z,failure,False,False
evt_2f1f9dccafa4,2026-04-28T08:40:44.998747Z,failure,False,False
evt_d9de9986214c,2026-04-27T22:43:49.835430Z,success,False,True
evt_9545fc5e35fa,2026-04-28T04:40:59.938135Z,failure,False,False
evt_bab17cdc209b,2026-04-28T14:38:38.857243Z,failure,False,False
evt_b3a931fd881c,2026-04-28T21:39:38.960187Z,failure,False,True
evt_45a3bbafa903,2026-04-28T11:43:53.798588Z,failure,False,True
evt_d06620cbf36b,2026-04-28T20:46:38.871477Z,failure,False,True
evt_3d96aa61437a,2026-04-28T15:40:04.798356Z,failure,False,True
evt_bdb40a2a49c3,2026-04-28T12:40:28.852051Z,failure,False,False
evt_0ea2f87d184d,2026-04-28T18:37:43.856026Z,success,False,True
evt_900e47a58c12,2026-04-28T23:39:09.988885Z,failure,False,False
evt_7c4f7b67873b,2026-04-28T18:37:45.911631Z,success,False,False
evt_0e02575546bc,2026-04-28T10:39:12.861070Z,failure,False,False
evt_2f5f51e88c6a,2026-04-29T00:42:33.015546Z,failure,False,True
evt_a1f8a7fd2a7c,2026-04-28T21:39:29.895199Z,failure,False,True
evt_d819811f1a25,2026-04-28T18:37:46.016636Z,failure,False,True
evt_ae809b5519ba,2026-04-28T13:42:51.855942Z,failure,False,True
evt_0943bfc52586,2026-04-29T03:42:02.995653Z,failure,False,True
evt_3ab4d3d63906,2026-04-28T15:40:41.861935Z,failure,False,False
evt_a6330adb9114,2026-04-29T00:37:29.890249Z,failure,False,False
evt_c668aa123a25,2026-04-28T11:37:47.912499Z,failure,False,False
evt_b0ebad191360,2026-04-28T20:37:37.966532Z,failure,False,False
evt_7610a6fb3569,2026-04-28T09:39:14.969153Z,failure,False,False
evt_888537ddb13a,2026-04-28T15:39:36.959953Z,failure,False,False
evt_ef685fb63555,2026-04-29T04:38:46.830099Z,failure,False,True
evt_ba46c3cf7bbe,2026-04-28T14:39:15.992879Z,failure,False,True
evt_9a2ce7b2af31,2026-04-29T08:38:03.891057Z,failure,False,True
evt_d291b076d27a,2026-04-29T03:48:01.982534Z,failure,False,True
evt_01a0da52cd8a,2026-04-29T03:41:11.808399Z,failure,False,True
evt_95912d878807,2026-04-28T15:38:02.849272Z,failure,False,True
evt_b0351f9aea02,2026-04-28T19:41:56.912816Z,failure,False,True
evt_3c26a62f049b,2026-04-28T15:39:27.830886Z,failure,False,False
evt_944286348ede,2026-04-28T18:40:11.911045Z,failure,False,True
evt_e9b8f1d3818e,2026-04-28T19:38:42.861255Z,failure,False,True
evt_38747ab9f0aa,2026-04-29T08:41:33.946953Z,failure,False,False
evt_b7bb5d57fca1,2026-04-29T01:41:28.978481Z,failure,False,False
evt_cfa5c8694fba,2026-04-28T21:39:32.989507Z,failure,False,True
evt_73cd89f2cb61,2026-04-29T08:41:31.015983Z,failure,False,False
evt_bae33c5d7e18,2026-04-29T13:41:18.791231Z,failure,False,False
evt_a1756a06d9dd,2026-04-29T09:38:39.847538Z,failure,False,False
evt_875594516fab,2026-04-29T12:40:17.861234Z,failure,False,True
evt_df5acb46458b,2026-04-29T10:44:32.945117Z,success,False,False
evt_e59e4dfc6069,2026-04-28T16:45:07.004465Z,success,False,False
evt_a52261813490,2026-04-29T10:38:39.868726Z,failure,False,True
evt_4f945afd9c4e,2026-04-29T16:40:49.902771Z,failure,False,True
evt_527ac00fe3a7,2026-04-29T01:40:54.944905Z,failure,False,True
evt_ddaca851bc2e,2026-04-28T23:46:55.987040Z,failure,False,False
evt_b1229e3be25b,2026-04-29T15:43:50.842098Z,failure,False,True
evt_ff08bd088c47,2026-04-29T09:39:48.851536Z,failure,False,True
evt_32537738f641,2026-04-28T18:42:08.890563Z,failure,False,True
evt_1933217cdddb,2026-04-29T03:40:21.899936Z,failure,False,True
evt_e43bc68d57fb,2026-04-29T02:48:22.931121Z,success,False,False
evt_6499ad7aed46,2026-04-29T13:42:15.931453Z,failure,False,False
evt_3bac206d278f,2026-04-29T13:37:09.970398Z,failure,False,False
evt_8b3ef5a83fbc,2026-04-28T22:40:37.880485Z,failure,False,False
evt_bfd3acf97603,2026-04-29T10:39:09.901512Z,failure,False,False
evt_e3ea474bdb46,2026-04-29T04:39:26.913588Z,failure,False,True
evt_b498975dd46d,2026-04-29T14:40:39.931474Z,failure,False,True
evt_582a2be65c3c,2026-04-29T03:40:20.838629Z,failure,False,True
evt_c005cfa69a15,2026-04-29T13:37:09.921219Z,failure,False,True
evt_a9b4a1559c9f,2026-04-29T03:37:59.855164Z,success,False,False
evt_a9deed7fd808,2026-04-29T06:38:49.860424Z,failure,False,False
evt_57be307edde4,2026-04-29T09:41:18.786572Z,failure,False,False
evt_8ef886fedf17,2026-04-29T02:44:38.816401Z,failure,False,False
evt_5504c9f53b35,2026-04-29T04:42:45.886778Z,failure,False,True
evt_190e11216a97,2026-04-29T16:46:15.930017Z,failure,False,True
evt_0680cc5dd504,2026-04-29T08:37:59.939394Z,failure,False,True
evt_2cfd6ca887a3,2026-04-29T22:38:05.946030Z,failure,False,False
evt_67897b16d81b,2026-04-29T10:37:08.815467Z,failure,False,True
evt_0fb823ef067c,2026-04-29T02:40:26.011754Z,failure,False,False
evt_9588ae212d07,2026-04-29T21:38:30.801329Z,failure,False,True
evt_aeef05a1e0fa,2026-04-29T07:37:13.876293Z,failure,False,True
evt_094ed6e855be,2026-04-30T01:37:06.987556Z,failure,False,True
evt_fed7c1aef5ca,2026-04-29T09:46:00.005058Z,failure,False,True
evt_f8fd49110b6e,2026-04-29T10:41:08.805718Z,failure,False,False
evt_a46ba54186a0,2026-04-29T14:38:47.815926Z,failure,False,True
evt_99a49724e76c,2026-04-29T17:40:52.944720Z,failure,False,True
evt_4a5e50c42cd9,2026-04-30T01:37:26.973490Z,success,False,True
evt_799270472031,2026-04-30T03:44:43.937840Z,failure,False,True
evt_65f3625f4025,2026-04-29T15:47:07.964509Z,failure,False,True
evt_78f6d1e089da,2026-04-29T09:37:56.896974Z,failure,False,False
evt_4937960d2659,2026-04-30T01:39:01.937105Z,failure,False,False
evt_0e9728b12c11,2026-04-30T03:42:02.994380Z,failure,False,False
evt_7b8f40c7d21c,2026-04-29T11:37:44.852694Z,failure,False,False
evt_5da7e116df49,2026-04-29T12:45:55.885655Z,failure,False,True
evt_61522bced3ce,2026-04-30T01:46:52.954930Z,success,False,True
evt_63312bf9055d,2026-04-29T17:39:52.967273Z,success,False,True
evt_153081cd69c8,2026-04-30T00:43:11.789787Z,failure,False,False
evt_15017068c1a5,2026-04-30T04:38:52.856967Z,failure,False,True
evt_c519525b2729,2026-04-29T18:46:19.941094Z,failure,False,False
evt_fc371e9fe322,2026-04-30T01:43:26.863057Z,failure,False,False
evt_7686f136bb26,2026-04-29T22:38:16.888991Z,failure,False,True
evt_f24a00f44344,2026-04-29T18:38:38.862821Z,failure,False,True
evt_6bf03b136466,2026-04-29T12:40:42.871948Z,success,False,False
evt_08bb5431b27f,2026-04-29T11:38:34.949874Z,failure,False,False
evt_76a05f96cb0b,2026-04-29T19:47:34.820975Z,failure,False,True
evt_0f3522bf20f2,2026-04-29T16:38:12.923345Z,failure,False,True
evt_83ad6ceb6f91,2026-04-29T18:37:25.952070Z,failure,False,True
evt_94ca33100dc1,2026-04-29T17:41:45.962920Z,failure,False,True
evt_70cd7a4f4f4f,2026-04-30T03:41:17.989425Z,failure,False,False
evt_877159bb55cc,2026-04-29T19:41:09.010734Z,failure,False,False
evt_93edfb2ab02b,2026-04-29T18:45:14.782716Z,failure,False,True
evt_143752d61708,2026-04-29T22:39:24.800839Z,failure,False,True
evt_a0bc0cac5ff8,2026-04-30T07:39:26.830256Z,failure,False,True
evt_fefd46cc66b3,2026-04-29T23:37:45.885447Z,failure,False,False
evt_728046d9c58b,2026-04-29T23:44:46.921601Z,failure,False,False
evt_47062aee91c5,2026-04-29T13:41:36.998966Z,failure,False,False
evt_9427a06bf0fe,2026-04-29T17:37:18.849942Z,failure,False,False
evt_6f003f33e1b1,2026-04-29T23:46:56.911327Z,failure,False,True
evt_6ac0e7e34eaa,2026-04-30T14:40:43.805858Z,failure,False,True
evt_87ba1ae78773,2026-04-30T07:40:13.900154Z,failure,False,False
evt_a1de557afa59,2026-04-29T23:37:29.789427Z,failure,False,False
evt_649bfcebd60a,2026-04-30T11:37:35.917291Z,failure,False,False
evt_baa43487de53,2026-04-30T04:45:36.920476Z,failure,False,True
evt_3d5154ee9c90,2026-04-30T02:39:16.903037Z,success,False,False
evt_61a8bea02abc,2026-04-30T05:37:43.918505Z,failure,False,True
evt_4a9e78bcabd8,2026-04-30T13:38:49.966379Z,failure,False,False
evt_c592c9cb3380,2026-04-29T23:42:58.870953Z,failure,False,True
evt_6de4c962f553,2026-04-30T18:40:16.785316Z,failure,False,True
evt_89b9a33ca0bb,2026-04-30T09:37:10.864082Z,failure,False,True
evt_462509302abd,2026-04-30T18:44:44.793496Z,failure,False,False
evt_01721a7eeeae,2026-04-30T16:37:56.983869Z,failure,False,False
evt_341818171801,2026-04-30T15:43:57.810927Z,failure,False,False
evt_d59bd4501303,2026-04-30T03:42:45.820742Z,failure,False,True
evt_ebc5b894fc9f,2026-04-30T02:45:47.969441Z,failure,False,True
evt_24ceb10cf90c,2026-04-30T09:38:38.952890Z,failure,False,False
evt_07a0367fe835,2026-04-30T05:40:40.977843Z,success,False,True
evt_4891fa6a810e,2026-04-30T09:41:16.996307Z,failure,False,False
evt_1c222f588596,2026-04-30T04:42:29.938031Z,failure,False,False
evt_991fadf2dd3e,2026-04-30T01:39:13.980584Z,failure,False,True
evt_74505a5e0f73,2026-04-30T13:38:09.995184Z,failure,False,True
evt_296f3025d199,2026-04-30T07:38:00.841709Z,failure,False,True
evt_102017129054,2026-04-30T08:40:36.891714Z,failure,False,True
evt_a802d6e08250,2026-04-30T09:39:37.912758Z,success,False,False
evt_e79fc41e7241,2026-04-30T21:37:53.917444Z,failure,False,False
evt_55d6a94a4292,2026-05-01T00:41:14.931677Z,failure,False,True
evt_0507ffb9d8dd,2026-04-30T06:39:02.936697Z,failure,False,False
evt_c50da9de7530,2026-04-30T06:41:12.944359Z,failure,False,True
evt_b1036e93947e,2026-04-30T23:39:22.829514Z,failure,False,True
evt_171d9e4ded53,2026-04-30T13:38:03.875644Z,failure,False,False
evt_254de20c697a,2026-04-30T19:37:33.920538Z,success,False,False
evt_acf387ba2852,2026-04-30T11:41:41.936600Z,failure,False,False
evt_b45200cc4c89,2026-04-30T05:44:45.948705Z,failure,False,True
evt_bf665dffbb26,2026-04-30T10:43:10.998824Z,failure,False,True
evt_75e6f3e2ea41,2026-05-01T01:42:29.853737Z,failure,False,False
evt_d4df79c566b8,2026-05-01T04:37:35.945201Z,failure,False,True
evt_37deec002ab8,2026-05-01T01:39:21.815184Z,success,False,True
evt_314ceed5b925,2026-05-01T02:37:48.940803Z,failure,False,False
evt_b06f571c2677,2026-04-30T08:39:13.835270Z,failure,False,False
evt_7e090b0ea60f,2026-04-30T14:45:09.858220Z,failure,False,False
evt_123da07f1528,2026-04-30T22:44:55.965224Z,failure,False,True
evt_69aaab803be1,2026-04-30T17:40:08.849191Z,failure,False,False
evt_11ca0e58cf91,2026-05-01T05:39:59.866701Z,failure,False,False
evt_f67afae13254,2026-04-30T17:37:13.871013Z,failure,False,True
evt_c17002398245,2026-04-30T20:42:35.923510Z,success,False,False
evt_85043caf0fa5,2026-05-01T08:37:36.839588Z,failure,False,False
evt_70fc544ef4a7,2026-04-30T12:44:02.895220Z,failure,False,True
evt_d4e4ec1d19a4,2026-04-30T16:43:30.958128Z,failure,False,True
evt_ebcffdf623d7,2026-04-30T20:38:32.849489Z,failure,False,False
evt_41ee164b836d,2026-04-30T12:37:56.902202Z,failure,False,True
evt_0379ff9f95cb,2026-04-30T18:39:54.949462Z,failure,False,True
evt_1e8d4ae239fc,2026-04-30T17:40:03.952701Z,success,False,True
evt_64096288c904,2026-04-30T23:45:34.976366Z,failure,False,True
evt_9d37b5ac532a,2026-04-30T13:46:21.976847Z,failure,False,True
evt_6ba2a922ccf4,2026-05-01T05:39:03.814176Z,failure,False,False
evt_78bbf3036576,2026-04-30T15:39:05.814689Z,failure,False,True
evt_73999fa77b62,2026-05-01T08:39:57.837388Z,failure,False,False
evt_b97da4032a7a,2026-05-01T03:48:41.841961Z,failure,False,False
evt_96841cd72eb1,2026-05-01T06:43:33.946481Z,failure,False,True
evt_1a0912e8adec,2026-04-30T22:41:34.978399Z,failure,False,False
evt_8fbe031e111b,2026-04-30T20:44:08.825634Z,success,False,True
evt_d6e7b1a94335,2026-04-30T22:40:23.967379Z,failure,False,False
evt_83fe4c396d62,2026-04-30T14:37:46.849627Z,failure,False,True
evt_ee7a050b0ebd,2026-04-30T21:37:15.806794Z,failure,False,False
evt_5536ab2c044d,2026-04-30T20:47:35.985848Z,failure,False,True
evt_6f693821bf2f,2026-04-30T21:39:18.795240Z,failure,False,True
evt_b7b819361762,2026-05-01T02:39:20.842312Z,failure,False,True
evt_6ba4e5b2922c,2026-04-30T21:37:57.851937Z,failure,False,False
evt_8693d24ea25c,2026-04-30T17:40:45.854305Z,failure,False,True
evt_5664d9bb1d94,2026-05-01T05:41:29.926982Z,failure,False,False
evt_d644cf952bbd,2026-05-01T05:37:56.935812Z,failure,False,False
evt_15b285e2c305,2026-04-30T23:38:38.984665Z,failure,False,True
evt_eeff72c34829,2026-05-01T00:43:57.997723Z,failure,False,False
evt_ddd5a7cc9f15,2026-05-01T06:47:01.934592Z,failure,False,False
evt_ae3a5ce3bc47,2026-05-01T07:40:57.945934Z,failure,False,True
evt_39bf9c7f4622,2026-05-01T12:48:06.782660Z,failure,False,True
evt_78fd968df70b,2026-05-01T11:37:11.787698Z,failure,False,False
evt_df9e4d64ae5b,2026-05-01T01:37:53.801560Z,failure,False,False
evt_f7d6922e68b3,2026-05-01T18:37:55.951604Z,failure,False,True
evt_7e8aed18d14f,2026-05-01T14:39:39.952907Z,success,False,True
evt_99833e04f37d,2026-05-01T17:41:23.893794Z,failure,False,True
evt_962005e0b7bc,2026-05-01T10:39:15.931021Z,failure,False,True
evt_9faaf6954b30,2026-05-01T13:40:16.848173Z,failure,False,False
evt_9ef16cc78e11,2026-05-01T16:49:26.871498Z,failure,False,False
evt_e325559d6ff3,2026-05-01T07:41:20.905035Z,failure,False,True
evt_a7430f8d4e87,2026-05-01T20:39:31.985476Z,failure,False,False
evt_a945e65bfb72,2026-05-01T00:38:45.859091Z,failure,False,True
evt_be134ceade23,2026-05-01T17:41:16.884971Z,failure,False,False
evt_6bf7659fb96a,2026-04-30T22:42:30.891313Z,failure,False,True
evt_55f3feae5973,2026-05-01T20:40:40.922085Z,failure,False,True
evt_64b5a7095aa3,2026-05-01T07:38:15.805071Z,failure,False,False
evt_5729f009ba25,2026-05-01T03:38:50.864651Z,failure,False,False
evt_68acb0deb20f,2026-05-01T19:45:18.870123Z,failure,False,False
evt_5887c0c8a035,2026-05-01T15:46:00.952556Z,failure,False,False
evt_b9000f9d077c,2026-05-01T14:41:57.968833Z,failure,False,True
evt_ddcd9265b18a,2026-05-01T01:40:44.910810Z,failure,False,True
evt_13b6817bc8d2,2026-05-01T07:38:43.947796Z,failure,False,False
evt_cb397c7a5ca9,2026-05-01T13:42:51.939368Z,failure,False,True
evt_e98f4a7e774b,2026-05-01T05:37:54.800256Z,failure,False,False
evt_ef49bc68f8dc,2026-05-01T13:37:44.881009Z,failure,False,False
evt_c75aa097a563,2026-05-01T16:38:30.984116Z,failure,False,False
evt_da7b68936253,2026-05-01T03:42:52.798919Z,failure,False,True
evt_739eaa58532a,2026-05-01T03:45:08.895753Z,failure,False,True
evt_db7dff97a49f,2026-05-01T22:38:48.967605Z,failure,False,False
evt_8869587eea0a,2026-05-02T03:37:20.891078Z,failure,False,False
evt_981171f5e3f3,2026-05-01T08:41:43.836279Z,failure,False,False
evt_4fb048ad92a9,2026-05-01T08:40:59.855291Z,failure,False,True
evt_fc856e51dde6,2026-05-01T11:41:45.857266Z,failure,False,False
evt_cfbc7b2d696d,2026-05-02T00:40:38.885300Z,failure,False,False
evt_ebc04888b15e,2026-05-01T19:39:26.802103Z,failure,False,False
evt_194e8fea2411,2026-05-01T13:40:14.896423Z,failure,False,True
evt_a06f04ca813a,2026-05-02T02:38:01.966246Z,failure,False,False
evt_6d3dd777b6dc,2026-05-01T13:39:15.914849Z,failure,False,True
evt_bfe6450612e4,2026-05-01T16:45:00.910062Z,failure,False,False
evt_dcbc72fa7d64,2026-05-01T11:39:42.915907Z,failure,False,False
evt_9d2351d3d63d,2026-05-02T03:39:49.856308Z,failure,False,False
evt_cb188f2c94ee,2026-05-01T18:42:39.885175Z,failure,False,False
evt_291525d445d4,2026-05-02T01:40:18.891421Z,failure,False,False
evt_3af8b24bce0f,2026-05-02T02:41:10.894977Z,failure,False,False
evt_c6e8c730aacb,2026-05-01T16:39:43.001942Z,failure,False,True
evt_c06ebf001bda,2026-05-01T13:37:32.866962Z,failure,False,True
evt_36bf08df12c0,2026-05-02T00:49:12.781798Z,failure,False,False
evt_91dd4b61f09f,2026-05-01T20:43:54.798525Z,success,False,False
evt_c0382645f9ac,2026-05-02T02:37:18.835554Z,failure,False,False
evt_41807ff072c0,2026-05-02T07:37:33.852602Z,failure,False,True
evt_a76fb635ba1c,2026-05-02T08:38:42.877854Z,failure,False,True
evt_5dac840b0b85,2026-05-02T13:37:53.888953Z,failure,False,False
evt_3f591256462f,2026-05-02T10:45:32.959108Z,failure,False,False
evt_162dc6829255,2026-05-01T19:49:27.783067Z,failure,False,False
evt_918b18c4bcdd,2026-05-02T00:39:34.810906Z,failure,False,False
evt_565d65491c31,2026-05-01T19:42:37.932941Z,failure,False,True
evt_086ab3802e32,2026-05-02T08:42:02.940035Z,failure,False,False
evt_a8bcdc5aa6c5,2026-05-01T22:39:44.948192Z,failure,False,True
evt_6f121c9d7961,2026-05-02T02:42:22.010646Z,failure,False,True
evt_c87742c2087d,2026-05-02T11:37:48.797532Z,failure,False,True
evt_14ca4bd72bce,2026-05-02T06:45:26.909879Z,failure,False,True
evt_9fe314f04e33,2026-05-02T07:39:58.923663Z,failure,False,False
evt_0600ae7321f9,2026-05-02T13:43:06.976913Z,failure,False,True
evt_2208b5ba947f,2026-05-02T00:37:16.937085Z,failure,False,True
evt_fbd9ece64c91,2026-05-02T01:38:04.813853Z,failure,False,True
evt_9cc2c7ecdb68,2026-05-02T03:38:34.910651Z,failure,False,True
evt_e3f4386357f8,2026-05-02T02:40:25.969462Z,failure,False,False
evt_c3fffe62057f,2026-05-02T06:39:48.974152Z,failure,False,True
evt_b62d4172e161,2026-05-01T23:37:52.001621Z,failure,False,False
evt_982d2b46a6b2,2026-05-02T14:41:11.931284Z,failure,False,True
evt_af9d13265dbc,2026-05-02T01:39:55.944124Z,failure,False,False
evt_70e7aa87c0c8,2026-05-02T12:45:28.965361Z,failure,False,True
evt_46bd69449521,2026-05-03T01:39:03.781322Z,failure,False,True
evt_7ed143fe64d2,2026-05-02T13:45:02.954793Z,failure,False,False
evt_f5bc7a9184cf,2026-05-02T07:37:58.784977Z,failure,False,False
evt_19eb079421a6,2026-05-02T19:43:53.949720Z,failure,False,False
evt_83f61fd9dc10,2026-05-02T19:38:54.806994Z,failure,False,False
evt_14865cd578e2,2026-05-02T09:37:55.991263Z,failure,False,True
evt_b1ff0bdc8190,2026-05-03T04:42:19.875009Z,failure,False,True
evt_5ca4d8011382,2026-05-02T19:44:16.862381Z,failure,False,False
evt_d4b414839e81,2026-05-03T01:40:32.867295Z,failure,False,False
evt_7a546e3d0d09,2026-05-02T11:41:27.977253Z,failure,False,False
evt_dc41621acd7f,2026-05-03T00:42:57.789922Z,failure,False,False
evt_9dae9777dbf1,2026-05-02T09:42:10.906581Z,failure,False,False
evt_df0fe2128197,2026-05-03T00:38:04.918040Z,failure,False,True
evt_56d24b9f0328,2026-05-02T15:37:59.004172Z,failure,False,False
evt_dbc07cd74986,2026-05-02T18:44:11.807268Z,failure,False,True
evt_84908ae29240,2026-05-03T06:38:02.907438Z,failure,False,False
evt_a545707328c8,2026-05-02T18:41:02.991918Z,failure,False,False
evt_d6ca0d395aee,2026-05-02T18:38:55.808624Z,failure,False,True
evt_337511483399,2026-05-03T04:39:37.810276Z,failure,False,True
evt_d3cb28b487d1,2026-05-02T14:48:31.829709Z,failure,False,False
evt_81a737f89879,2026-05-03T00:46:58.899144Z,failure,False,True
evt_ffc1a5ab734a,2026-05-02T14:40:07.809506Z,failure,False,False
evt_fec89514aa48,2026-05-02T23:37:22.814542Z,failure,False,False
evt_5af01bc26c36,2026-05-02T18:39:55.905248Z,failure,False,True
evt_fd85150a4daf,2026-05-02T22:37:35.865767Z,failure,False,True
evt_0d5fd30dab47,2026-05-03T12:37:45.916527Z,failure,False,False
evt_1579c0fa7fd5,2026-05-03T03:38:35.858044Z,failure,False,True
evt_f5d3c08ab909,2026-05-03T01:44:40.870798Z,failure,False,True
evt_7ed83d1fff09,2026-05-02T16:44:31.938831Z,failure,False,False
evt_e37eb27cc4df,2026-05-02T16:37:50.959340Z,failure,False,True
evt_d222bdb3e7d0,2026-05-03T10:37:19.975387Z,failure,False,True
evt_d4596123e262,2026-05-03T08:37:35.988864Z,failure,False,True
evt_b61bd5e8269d,2026-05-03T07:37:26.994897Z,failure,False,True
evt_7ba31dd63829,2026-05-02T21:41:17.868591Z,failure,False,True
evt_b76399599419,2026-05-03T04:39:49.956431Z,failure,False,False
evt_a3d6ecb29055,2026-05-03T14:39:30.829038Z,failure,False,True
evt_5b3103667652,2026-05-02T21:41:42.907399Z,failure,False,True
evt_3ae053e383ad,2026-05-03T11:37:45.906775Z,failure,False,False
evt_2fe2cc0ef698,2026-05-02T22:40:08.979469Z,failure,False,True
evt_63bd05558ffe,2026-05-02T22:39:43.994433Z,failure,False,True
evt_5df1d176740e,2026-05-03T19:42:38.976007Z,failure,False,False
evt_4b5bc48130ac,2026-05-03T01:39:12.004233Z,success,False,False
evt_612f3a11c079,2026-05-03T16:37:58.787737Z,failure,False,True
evt_fc6e5ce580cb,2026-05-03T01:42:53.861152Z,failure,False,False
evt_52f6dc6855df,2026-05-03T20:38:47.796770Z,failure,False,True
evt_d812dbe69d2f,2026-05-02T23:37:59.860340Z,failure,False,False
evt_926069fb0f2b,2026-05-03T10:45:02.984227Z,failure,False,True
evt_d8b47185a841,2026-05-03T00:44:50.008126Z,failure,False,False
evt_6636ea73592a,2026-05-03T06:39:21.812282Z,failure,False,False
evt_b652fe754ced,2026-05-03T10:37:43.872176Z,failure,False,False
evt_2bfe44a0c73e,2026-05-04T01:38:41.782896Z,failure,False,False
evt_978c393de24c,2026-05-03T15:37:39.824119Z,failure,False,True
evt_d673e73f5026,2026-05-03T17:41:27.850339Z,failure,False,True
evt_863480de1270,2026-05-03T21:45:40.909431Z,failure,False,True
evt_cb24707b77fc,2026-05-04T00:43:53.909451Z,failure,False,True
evt_aac723939ce7,2026-05-04T02:37:48.831225Z,failure,False,True
evt_07194b31a6a7,2026-05-03T20:46:28.848307Z,success,False,False
evt_769750107856,2026-05-03T21:37:33.792494Z,failure,False,True
evt_12164df2cea2,2026-05-03T13:42:20.796521Z,failure,False,True
evt_9db6948842d8,2026-05-03T14:38:27.928653Z,failure,False,True
evt_a1a5a69f418a,2026-05-04T00:38:31.829333Z,failure,False,True
evt_70b3cb81b45d,2026-05-04T00:39:47.927582Z,failure,False,False
evt_110994a18200,2026-05-04T03:41:11.956630Z,failure,False,True
evt_b34e698ec299,2026-05-03T15:42:31.985868Z,failure,False,True
evt_2a86e6081e8f,2026-05-03T18:46:01.958457Z,failure,False,True
evt_3e5337ee8306,2026-05-03T19:40:57.846958Z,failure,False,False
evt_43e4fca6a018,2026-05-03T18:40:59.860774Z,failure,False,True
evt_d9596993a36d,2026-05-04T01:38:03.863175Z,success,False,True
evt_77f5724d2332,2026-05-03T16:39:11.984153Z,success,False,True
evt_f76df56f8e04,2026-05-04T01:38:52.938176Z,failure,False,False
evt_77cd9bed23e3,2026-05-04T06:41:27.866265Z,failure,False,False
evt_10defb01db4d,2026-05-04T08:46:24.926104Z,failure,False,True
evt_ac1ed3040f82,2026-05-04T11:41:41.906927Z,success,False,False
evt_088ea42f6566,2026-05-04T00:40:21.953490Z,failure,False,True
evt_3207015d0aff,2026-05-03T14:38:08.983695Z,failure,False,False
evt_84a7f7b1d772,2026-05-04T01:43:56.987397Z,failure,False,True
evt_9e2f08346cc9,2026-05-04T02:45:03.993594Z,failure,False,True
evt_4adce3de1861,2026-05-04T04:38:27.013493Z,failure,False,True
evt_4136c4f0ee94,2026-05-04T06:38:49.842651Z,failure,False,False
evt_c02b5d303c0c,2026-05-04T08:38:57.992063Z,success,False,True
evt_5df0334ff638,2026-05-03T19:39:30.786891Z,failure,False,False
evt_ac0e3513ae03,2026-05-03T22:40:00.872713Z,failure,False,True
evt_e741ca6fd65d,2026-05-04T16:46:29.884993Z,failure,False,False
evt_9b6acd00250f,2026-05-03T19:47:41.010016Z,failure,False,True
evt_b8582a3f2548,2026-05-03T21:40:30.013538Z,failure,False,True
evt_429db6ee449c,2026-05-04T08:40:51.872270Z,failure,False,True
evt_c02fd872122d,2026-05-04T18:41:45.823053Z,failure,False,False
evt_6d77ac8b0ff3,2026-05-03T20:44:42.971791Z,failure,False,True
evt_2bec1be50888,2026-05-04T04:39:43.975832Z,failure,False,True
evt_8ba35fea2e99,2026-05-04T01:40:33.981173Z,failure,False,False
evt_c42e45b08fb1,2026-05-04T16:39:23.805029Z,failure,False,True
evt_16f5c12e1bf4,2026-05-04T11:38:29.832477Z,failure,False,False
evt_191b1d1845d5,2026-05-04T08:42:44.885070Z,failure,False,True
evt_18f38b129573,2026-05-03T22:40:21.885734Z,failure,False,False
evt_7124527610d1,2026-05-04T01:41:59.899875Z,failure,False,True
evt_4744ca9e2b12,2026-05-04T14:39:16.966678Z,failure,False,True
evt_2b9c98b8ba2d,2026-05-04T18:37:45.988303Z,failure,False,True
evt_20893d0233d0,2026-05-04T05:45:32.840561Z,success,False,False
evt_3305a1a0785a,2026-05-03T23:45:20.781060Z,failure,False,False
evt_0f9512b38aa9,2026-05-04T08:38:19.845172Z,failure,False,False
evt_a42a7dfd1e97,2026-05-04T12:43:32.882486Z,success,False,False
evt_41ac10d6a0b5,2026-05-04T18:48:56.955433Z,failure,False,True
evt_bd5851fea050,2026-05-04T11:42:52.974776Z,failure,False,False
evt_f58054d5ac4b,2026-05-05T00:40:46.916305Z,failure,False,False
evt_920687699014,2026-05-04T20:40:23.931490Z,failure,False,False
evt_d68bf0f3f036,2026-05-04T18:37:51.810543Z,failure,False,True
evt_4f52ab521b2b,2026-05-04T08:46:44.950552Z,failure,False,False
evt_f636009f7141,2026-05-04T10:43:55.932772Z,failure,False,True
evt_6a45ed5e9e2e,2026-05-04T11:37:05.839487Z,failure,False,False
evt_1f1cd0db3e61,2026-05-05T04:37:59.901693Z,failure,False,False
evt_45c13e873ce0,2026-05-04T13:37:22.932055Z,failure,False,False
evt_c0e0236c7734,2026-05-04T07:40:32.862918Z,failure,False,True
evt_a7e42e42722c,2026-05-04T18:37:29.979971Z,failure,False,False
evt_70a2c2eea562,2026-05-04T16:42:54.974213Z,failure,False,True
evt_7a26dada5127,2026-05-04T13:46:23.839946Z,failure,False,False
evt_5ab3aeb96d6a,2026-05-04T18:40:40.811804Z,failure,False,False
evt_040c7b49d241,2026-05-04T19:42:10.837622Z,failure,False,True
evt_794aa71927bb,2026-05-05T00:38:17.999216Z,failure,False,False
evt_d4d88800a61c,2026-05-04T10:40:38.793395Z,failure,False,True
evt_c72c187cad33,2026-05-04T22:43:41.798818Z,failure,False,False
evt_cf95a6fdf8ce,2026-05-04T20:46:43.880815Z,failure,False,True
evt_06806307aca7,2026-05-05T09:38:42.941461Z,failure,False,True
evt_cce1931fccf0,2026-05-05T07:46:03.919301Z,failure,False,True
evt_3a5a262b5b96,2026-05-05T05:38:02.854211Z,failure,False,False
evt_b52924e5d12b,2026-05-05T04:42:37.870238Z,failure,False,True
evt_3a2f47998cef,2026-05-05T09:37:37.890982Z,failure,False,True
evt_c2e10faf5668,2026-05-05T07:39:49.921485Z,failure,False,True
evt_2e65d2a5ad43,2026-05-04T14:40:34.820605Z,failure,False,True
evt_df9006051e9d,2026-05-05T08:41:44.945338Z,failure,False,False
evt_790212dfcb87,2026-05-04T23:45:52.909565Z,failure,False,False
evt_9a6d2666cf85,2026-05-04T20:39:41.949191Z,failure,False,True
evt_8853a6e0a080,2026-05-05T04:39:47.987941Z,failure,False,False
evt_db36c7f3395b,2026-05-04T23:37:59.997177Z,failure,False,True
evt_35a5f2070382,2026-05-04T18:37:54.923148Z,failure,False,True
evt_f63f0c13c765,2026-05-04T19:38:24.807530Z,failure,False,False
evt_8c1fe6ccc1fb,2026-05-05T05:40:15.821983Z,failure,False,False
evt_3a5d9959160d,2026-05-05T01:40:55.905666Z,failure,False,True
evt_9e5e63fe4948,2026-05-05T06:38:41.905729Z,failure,False,False
evt_a5d8025ac7b2,2026-05-04T21:37:09.872999Z,failure,False,False
evt_70c87f5aa5d4,2026-05-05T04:37:38.850617Z,failure,False,False
evt_e84f39a633d9,2026-05-05T01:37:42.907575Z,failure,False,True
evt_ceef87424209,2026-05-05T10:42:21.781529Z,failure,False,True
evt_e00be333901d,2026-05-05T08:38:42.883164Z,failure,False,False
evt_be60bd3ca2d5,2026-05-05T11:37:14.905286Z,failure,False,True
evt_b207eab267fc,2026-05-05T18:38:38.990430Z,failure,False,True
evt_b9c7206bf2f0,2026-05-05T19:37:14.857025Z,failure,False,True
evt_30167d6be04d,2026-05-05T17:37:22.883352Z,failure,False,True
evt_d8dfdf05ea33,2026-05-05T21:38:35.782737Z,failure,False,True
evt_c94399d9bdb0,2026-05-05T03:37:28.832369Z,failure,False,True
evt_6d6d82a3b0f8,2026-05-05T13:39:42.911795Z,failure,False,True
evt_d5d49b5471b1,2026-05-05T01:37:11.955763Z,failure,False,False
evt_1913f3c05e1b,2026-05-05T18:37:55.836385Z,failure,False,True
evt_6331d12eeda6,2026-05-05T01:39:12.916224Z,success,False,True
evt_8aea5160a1b0,2026-05-05T09:41:20.921505Z,failure,False,False
evt_63b7a7c27d0c,2026-05-05T00:37:14.793755Z,failure,False,True
evt_df7d37955e6c,2026-05-05T20:40:27.918647Z,failure,False,False
evt_4c7b29370dc9,2026-05-05T16:39:37.942037Z,failure,False,True
evt_cc01ba8e0370,2026-05-05T14:39:55.794865Z,failure,False,False
evt_22f3c7b55931,2026-05-05T10:39:41.820857Z,failure,False,True
evt_149af10c6dd8,2026-05-05T08:40:31.966188Z,failure,False,False
evt_6f02bcb2815b,2026-05-05T17:38:52.873096Z,failure,False,False
evt_61fbc9bae1f1,2026-05-05T21:43:36.944401Z,failure,False,True
evt_9323307398d1,2026-05-05T19:38:01.812443Z,failure,False,True
evt_4d5fe53809e5,2026-05-05T18:40:08.873169Z,failure,False,False
evt_d9dbb420216b,2026-05-05T20:37:19.851139Z,success,False,True
evt_48f664378b3e,2026-05-05T11:40:37.816152Z,failure,False,False
evt_b7ccc24a7129,2026-05-06T05:38:05.939731Z,failure,False,False
evt_5662eca3968b,2026-05-06T05:44:05.847475Z,failure,False,True
evt_119e138c882e,2026-05-05T17:39:25.826938Z,failure,False,False
evt_0bfbbc8d6660,2026-05-05T15:43:23.914969Z,failure,False,False
evt_bcc1b0d2f2b0,2026-05-06T06:43:04.956588Z,failure,False,True
evt_48c351986aae,2026-05-05T09:37:05.986448Z,failure,False,False
evt_f7ec9c500ac5,2026-05-05T10:39:08.889202Z,failure,False,True
evt_2f3bb4a70854,2026-05-05T19:39:46.003584Z,failure,False,False
evt_0a15d10a7014,2026-05-05T11:37:45.946218Z,failure,False,False
evt_b2820740032d,2026-05-05T18:40:26.999706Z,failure,False,False
evt_9405dc8fd860,2026-05-05T20:38:19.796973Z,failure,False,True
evt_2808543b590c,2026-05-06T02:39:46.917164Z,success,False,False
evt_98b09a65e664,2026-05-06T09:40:10.986427Z,failure,False,False
evt_79ca6cd70949,2026-05-05T22:38:48.990767Z,failure,False,True
evt_5d5c86c94158,2026-05-05T20:38:04.008169Z,success,False,True
evt_489da2fb10cc,2026-05-06T12:43:39.967461Z,failure,False,True
evt_64cb1c5f3421,2026-05-06T11:42:24.981191Z,failure,False,True
evt_966aff68d431,2026-05-06T11:40:11.856788Z,failure,False,False
evt_5a288e56b7f2,2026-05-06T10:43:39.791513Z,failure,False,False
evt_c16e6e2fb167,2026-05-05T23:44:25.795127Z,failure,False,False
evt_2bf43cff48cb,2026-05-06T07:38:29.842410Z,failure,False,False
evt_15f41291740f,2026-05-05T17:43:42.965885Z,failure,False,True
evt_4b8de1b8a37b,2026-05-05T16:37:23.806576Z,failure,False,True
evt_e69e8f371613,2026-05-06T07:39:47.984396Z,success,False,False
evt_865bc775af67,2026-05-06T00:38:01.897060Z,success,False,False
evt_7ca6bfd4972a,2026-05-05T18:44:23.906232Z,failure,False,False
evt_b4b180f72eb7,2026-05-06T04:45:05.885675Z,failure,False,True
evt_649554bb4089,2026-05-06T04:40:27.965307Z,failure,False,False
evt_a1193d4cbc9a,2026-05-06T06:37:06.886620Z,failure,False,True
evt_6987e0be9997,2026-05-06T05:47:32.896995Z,failure,False,False
evt_78805224a04d,2026-05-05T22:38:30.944740Z,failure,False,True
evt_babfeb2f99a4,2026-05-06T00:37:48.006233Z,failure,False,True
evt_3c1cc48b7eb3,2026-05-06T17:39:21.938565Z,success,False,False
evt_6a69dc3df223,2026-05-06T22:41:19.917086Z,failure,False,False
evt_7750a20183b3,2026-05-06T01:40:00.917702Z,failure,False,False
evt_e8e7cee02730,2026-05-06T17:37:05.992474Z,failure,False,False
evt_fccd2e469e75,2026-05-06T13:41:31.827933Z,failure,False,False
evt_0cdde83b542e,2026-05-07T00:38:15.855247Z,failure,False,True
evt_3ae3303ddbb8,2026-05-06T14:42:02.929286Z,failure,False,True
evt_a2f624e5c188,2026-05-06T23:44:17.974550Z,failure,False,True
evt_4431133f5b01,2026-05-07T01:41:16.821597Z,success,False,True
evt_ea74e9825252,2026-05-06T16:42:28.840406Z,failure,False,False
evt_2f2aba02204e,2026-05-07T01:41:29.889103Z,failure,False,False
evt_ade13b4a4ad3,2026-05-06T05:37:45.978001Z,failure,False,True
evt_6b244c1466cf,2026-05-06T16:44:51.840287Z,failure,False,True
evt_c0e713c8794d,2026-05-07T02:38:59.928514Z,failure,False,False
evt_6b5f9a5f165a,2026-05-06T15:42:59.933037Z,failure,False,False
evt_356e33eb25c7,2026-05-07T02:37:55.933693Z,failure,False,False
evt_c73432106afd,2026-05-06T07:42:00.999442Z,failure,False,True
evt_84eac70227b7,2026-05-06T14:37:34.867711Z,failure,False,True
evt_866e3a3727a1,2026-05-06T20:37:05.825274Z,success,False,True
evt_b4a0bf6c4e7e,2026-05-07T04:38:03.995039Z,failure,False,True
evt_4de4ca081198,2026-05-06T19:47:08.989347Z,failure,False,False
evt_b291e9ab3b10,2026-05-06T19:40:57.897215Z,failure,False,False
evt_46db51842a19,2026-05-06T10:39:44.984620Z,failure,False,True
evt_a6841460f540,2026-05-06T18:39:13.801417Z,failure,False,False
evt_9860c9f301b0,2026-05-07T00:47:11.008840Z,failure,False,False
evt_d6b37486a861,2026-05-06T15:42:13.918183Z,failure,False,False
evt_e6eb9520a939,2026-05-06T13:38:07.782493Z,failure,False,True
evt_1d4983e36762,2026-05-06T20:38:01.896309Z,failure,False,False
evt_b231ddea6f34,2026-05-07T09:37:43.951625Z,failure,False,False
evt_1c1e8e980dd6,2026-05-07T05:40:30.994151Z,failure,False,True
evt_a758409fc15f,2026-05-07T00:37:18.796298Z,failure,False,True
evt_5071c08f0d8a,2026-05-06T22:42:36.930984Z,failure,False,True
evt_30fc9e105c88,2026-05-06T14:38:01.932516Z,failure,False,True
evt_46b1a08e47a5,2026-05-07T11:37:35.956689Z,failure,False,True
evt_0d308a8a226c,2026-05-06T19:46:38.802594Z,success,False,False
evt_d1b8908be4e4,2026-05-07T11:43:33.823293Z,failure,False,False
evt_d5a7982d9287,2026-05-07T05:37:33.908678Z,failure,False,False
evt_16d70a267c59,2026-05-07T06:39:48.885266Z,failure,False,False
evt_866dad2e1c34,2026-05-07T05:42:58.986693Z,failure,False,False
evt_be3ea16042ab,2026-05-07T09:40:44.003036Z,failure,False,True
evt_d92c2d2452e2,2026-05-06T17:40:19.856006Z,failure,False,False
evt_cddd2d271608,2026-05-07T01:42:16.896632Z,failure,False,False
evt_e2cccd105b3d,2026-05-07T03:41:25.956410Z,failure,False,True
evt_7ded02f7a73e,2026-05-07T17:41:45.917785Z,success,False,True
evt_0cb893e4f577,2026-05-06T21:42:27.918082Z,failure,False,False
evt_9c2d1dfae835,2026-05-07T10:38:03.958597Z,failure,False,True
evt_b8e051a9ea66,2026-05-07T04:44:47.807315Z,failure,False,False
evt_fde5c570273a,2026-05-07T14:37:44.942259Z,failure,False,True
evt_44a6997ab73e,2026-05-06T22:42:49.986249Z,failure,False,True
evt_37dad731f7cf,2026-05-07T19:50:01.996982Z,failure,False,True
evt_106a5da736c1,2026-05-07T18:45:18.947362Z,failure,False,False
evt_827ca4f5e8f4,2026-05-07T17:39:25.834961Z,success,False,False
evt_901922d422d3,2026-05-07T15:46:16.838475Z,failure,False,True
evt_3ba06b2ee466,2026-05-07T12:37:42.870536Z,failure,False,True
evt_be8f692474ad,2026-05-07T14:41:25.978461Z,failure,False,True
evt_3e5db88f8c33,2026-05-07T06:38:01.978519Z,failure,False,True
evt_f345180995ed,2026-05-07T20:44:26.013618Z,failure,False,True
evt_065d07061230,2026-05-07T02:41:23.855708Z,failure,False,False
evt_b4ec60033f02,2026-05-07T17:38:23.863712Z,failure,False,True
evt_b5389ea05b8a,2026-05-07T17:38:23.966593Z,failure,False,False
evt_41b3bf105593,2026-05-08T01:40:33.957635Z,failure,False,True
evt_4ba9f620bdb3,2026-05-07T10:42:00.854264Z,failure,False,False
evt_c8b22d54767b,2026-05-08T02:37:23.879518Z,failure,False,True
evt_98e3ac630e5c,2026-05-07T17:38:03.907137Z,failure,False,True
evt_5fa87465d9ee,2026-05-07T18:37:45.014923Z,failure,False,False
evt_c123aa8fd68d,2026-05-07T13:40:45.940271Z,failure,False,False
evt_8bf17c0988d3,2026-05-07T11:38:04.940229Z,failure,False,True
evt_5f8cae65eaf7,2026-05-07T16:41:54.001489Z,failure,False,False
evt_87a3fc9c19d3,2026-05-07T23:41:12.910866Z,failure,False,False
evt_8384684d5c1b,2026-05-07T23:37:33.965499Z,failure,False,False
evt_6ac17ffb240f,2026-05-07T20:40:00.827851Z,failure,False,False
evt_d3771d496433,2026-05-08T06:41:26.917962Z,failure,False,True
evt_d56f1cda5f55,2026-05-08T04:40:42.859332Z,failure,False,True
evt_25a14abaa7b0,2026-05-07T10:44:48.869806Z,failure,False,True
evt_b3d8974e9921,2026-05-07T11:46:43.888805Z,failure,False,False
evt_edf76cf389eb,2026-05-07T13:41:47.914017Z,failure,False,False
evt_8ccf1e16a638,2026-05-07T11:37:20.918765Z,failure,False,True
evt_17518b3e893e,2026-05-07T14:46:10.967096Z,failure,False,True
evt_bb3c80e1b6e5,2026-05-07T13:37:15.806193Z,failure,False,True
evt_6244d6b1b343,2026-05-08T02:39:07.888458Z,failure,False,False
evt_bbb4aefe42ec,2026-05-07T14:40:11.847256Z,failure,False,False
evt_cac630b6d141,2026-05-08T07:39:04.985521Z,failure,False,True
evt_362b11e97693,2026-05-08T02:37:22.889400Z,failure,False,True
evt_36a1847ff1cb,2026-05-08T08:39:33.926682Z,failure,False,False
evt_684157aa23d9,2026-05-07T20:38:00.928249Z,failure,False,True
evt_db0105d61192,2026-05-08T10:43:02.905562Z,failure,False,False
evt_047aefa752fd,2026-05-08T02:38:56.906970Z,failure,False,False
evt_a7a39e1b6bd4,2026-05-08T00:38:48.953751Z,failure,False,False
evt_766c86c36c53,2026-05-07T16:37:50.970863Z,failure,False,False
evt_b8768d7aa92d,2026-05-08T05:39:41.983388Z,failure,False,False
evt_e9218e99f199,2026-05-08T05:43:01.998134Z,failure,False,False
evt_9720a5dd4e94,2026-05-08T01:42:04.972631Z,failure,False,True
evt_964eb52c4c0c,2026-05-07T17:39:07.844067Z,success,False,False
evt_b6f96bd7bb19,2026-05-08T06:42:01.855355Z,failure,False,False
evt_ca25bc6e826b,2026-05-08T04:40:26.960105Z,failure,False,False
evt_7fb54bd6a1bc,2026-05-07T21:47:00.976127Z,success,False,False
evt_21161486ff40,2026-05-08T08:42:57.782394Z,success,False,True
evt_2f8d9ccb982b,2026-05-08T03:44:03.886098Z,failure,False,False
evt_c7688d051bb9,2026-05-08T11:38:50.928713Z,failure,False,False
evt_5f70eb4c435f,2026-05-08T13:43:09.896092Z,success,False,False
evt_365dad5b9a04,2026-05-07T20:37:29.952515Z,failure,False,False
evt_788898f0b9eb,2026-05-08T07:38:07.848015Z,failure,False,False
evt_7e010ad64028,2026-05-08T11:38:46.883330Z,failure,False,False
evt_c166c57e1b54,2026-05-08T18:39:27.956709Z,failure,False,False
evt_f1cfc8c76bad,2026-05-08T17:38:27.783694Z,failure,False,True
evt_4aedc188a53c,2026-05-08T20:37:28.848638Z,failure,False,False
evt_05b576f1681a,2026-05-07T23:37:47.792580Z,success,False,True
evt_9a4de30f6879,2026-05-08T00:39:32.875689Z,failure,False,True
evt_d0c44dc329fc,2026-05-08T06:45:20.935044Z,failure,False,True
evt_3c12f1759b80,2026-05-08T09:43:12.954030Z,success,False,True
evt_a41173747cb2,2026-05-08T16:43:01.812823Z,failure,False,False
evt_d9451afdc450,2026-05-08T07:42:18.834474Z,failure,False,True
evt_41d08bf0904b,2026-05-08T07:38:00.874159Z,success,False,True
evt_33f63c9db5ca,2026-05-08T23:37:29.927941Z,failure,False,True
evt_d7eb6a3f7385,2026-05-08T06:41:48.809329Z,failure,False,False
evt_704edccb2e3a,2026-05-08T02:41:27.897902Z,failure,False,True
evt_93ad09d24654,2026-05-08T02:39:04.834557Z,failure,False,False
evt_1ee730325056,2026-05-08T19:47:33.914825Z,failure,False,False
evt_7081d56af3b4,2026-05-09T02:37:50.870101Z,failure,False,True
evt_d6435d92f5c7,2026-05-08T17:38:18.941407Z,failure,False,False
evt_b81d611d3c0f,2026-05-08T12:42:17.950968Z,failure,False,False
evt_09e30ed91c98,2026-05-08T19:39:49.001721Z,failure,False,False
evt_46d3a76b5870,2026-05-08T14:37:24.855505Z,failure,False,False
evt_f09aaee63f5c,2026-05-09T00:37:13.862027Z,success,False,True
evt_dcbb5258f4e4,2026-05-09T01:47:12.001758Z,failure,False,True
evt_c3be209dc879,2026-05-08T17:37:25.830034Z,success,False,False
evt_d56bfcba3009,2026-05-08T22:41:10.883289Z,failure,False,False
evt_de0f5fe4cf9d,2026-05-08T23:45:18.991206Z,failure,False,False
evt_f539bf9de27f,2026-05-08T08:40:34.872927Z,failure,False,True
evt_a6b64818c1fa,2026-05-09T03:45:21.890509Z,failure,False,False
evt_c056cff9783f,2026-05-08T11:38:45.870221Z,success,False,True
evt_07b0ae613122,2026-05-08T13:37:10.903343Z,failure,False,False
evt_b6767c5018b8,2026-05-09T02:47:46.971845Z,failure,False,False
evt_9822bc543144,2026-05-08T09:48:52.001310Z,success,False,False
evt_c7a9a3ef1c9a,2026-05-08T18:37:25.939837Z,failure,False,True
evt_3356e0ffa1df,2026-05-09T08:39:55.966656Z,failure,False,False
evt_ec02597f4d6e,2026-05-09T01:40:17.965621Z,failure,False,False
evt_40ea449890f2,2026-05-09T06:39:30.998262Z,failure,False,True
evt_146498c910be,2026-05-08T14:39:36.866832Z,failure,False,True
evt_2333b9096443,2026-05-09T06:41:33.909922Z,failure,False,False
evt_5fefbdc953a8,2026-05-08T14:37:27.944621Z,failure,False,True
evt_4f796e5aff20,2026-05-09T00:37:39.820588Z,failure,False,True
evt_3f02e68f79b7,2026-05-09T11:38:25.836784Z,failure,False,True
evt_00b36d192c0c,2026-05-09T00:42:22.839107Z,failure,False,False
evt_729944fbd11a,2026-05-09T10:39:27.846166Z,failure,False,True
evt_bd8eb4f8a36d,2026-05-08T19:39:36.846225Z,failure,False,False
evt_e7b32edc5ed1,2026-05-09T03:40:19.853567Z,failure,False,True
evt_0c229e152587,2026-05-08T22:40:04.895021Z,failure,False,False
evt_1d8a8d458136,2026-05-09T02:38:08.996654Z,failure,False,True
evt_91620bb11961,2026-05-09T13:37:59.843066Z,failure,False,False
evt_f15ba4c37eb5,2026-05-08T23:37:27.854924Z,failure,False,True
evt_a38b31faba79,2026-05-09T00:38:47.924939Z,failure,False,True
evt_b24f07130e4d,2026-05-09T08:38:05.929403Z,success,False,False
evt_5d141bcabfcf,2026-05-09T15:47:00.788954Z,failure,False,True
evt_f78a44dc26ce,2026-05-08T23:37:25.797198Z,failure,False,True
evt_d72f1a12016f,2026-05-09T15:42:03.830865Z,failure,False,True
evt_b0d311853052,2026-05-08T23:40:18.908139Z,failure,False,True
evt_bb3bf6793e73,2026-05-09T13:43:54.950416Z,failure,False,False
evt_72f6664660bb,2026-05-09T09:49:06.967760Z,failure,False,False
evt_b2cff0d204c2,2026-05-09T02:41:20.002145Z,failure,False,False
evt_1e4c2689f39c,2026-05-09T04:41:45.807864Z,failure,False,False
evt_ef9d39ac0ddc,2026-05-09T16:41:54.819947Z,failure,False,False
evt_ce4aa2aac9bd,2026-05-09T03:42:47.826413Z,failure,False,True
evt_ea8217451f70,2026-05-09T04:39:00.906631Z,failure,False,False
evt_128df0bb824f,2026-05-09T20:44:17.915584Z,success,False,False
evt_24683329eed2,2026-05-09T09:38:04.804371Z,failure,False,False
evt_4aa897d6613d,2026-05-09T05:37:07.823108Z,failure,False,True
evt_4abce317211a,2026-05-09T20:40:28.868518Z,failure,False,True
evt_d4395393f0c4,2026-05-09T21:43:03.920690Z,failure,False,True
evt_6e6c7ee00025,2026-05-09T03:37:39.851714Z,failure,False,False
evt_1627694130a8,2026-05-09T07:40:13.934921Z,failure,False,False
evt_95e7e6bf67aa,2026-05-09T16:37:59.978039Z,success,False,False
evt_5eb35e3e94b6,2026-05-09T09:38:20.858729Z,failure,False,False
evt_a00ec5733229,2026-05-09T19:37:39.870698Z,failure,False,False
evt_229609492d4d,2026-05-09T05:43:54.880404Z,failure,False,True
evt_6c240836c4a1,2026-05-09T14:39:40.899484Z,success,False,False
evt_408f772cdbe4,2026-05-09T09:38:37.963545Z,failure,False,False
evt_34bb1b666ab0,2026-05-09T13:39:09.997033Z,failure,False,False
evt_4cd6fc1ab52d,2026-05-09T18:38:28.884276Z,success,False,False
evt_57877d5f51e5,2026-05-09T23:37:54.966719Z,failure,False,False
evt_f1e01a2157df,2026-05-09T18:42:49.892210Z,success,False,True
evt_47b89448913c,2026-05-09T17:39:48.920237Z,failure,False,False
evt_33467f7afc37,2026-05-09T20:40:39.858018Z,success,False,False
evt_c5cfa9ef425b,2026-05-09T10:39:08.889501Z,failure,False,True
evt_353445d370a0,2026-05-10T02:38:01.790096Z,failure,False,True
evt_3b849710a92a,2026-05-09T12:41:22.869647Z,failure,False,True
evt_9f5ced3dcdfe,2026-05-09T15:38:41.884432Z,failure,False,False
evt_2bf006310a71,2026-05-10T07:44:50.782980Z,failure,False,True
evt_a14b642498ed,2026-05-09T11:40:54.940346Z,failure,False,True
evt_7157fe265a11,2026-05-09T13:45:43.816690Z,failure,False,True
evt_a56f320c1f7c,2026-05-09T14:38:34.856730Z,failure,False,False
evt_af587141a21b,2026-05-09T22:44:07.985161Z,failure,False,False
evt_efe32b0c6501,2026-05-10T01:41:51.845385Z,failure,False,False
evt_fa7d0fefcfe5,2026-05-10T03:38:29.016531Z,failure,False,False
evt_027647a7ab0b,2026-05-09T18:37:47.797595Z,failure,False,False
evt_ec86054a1b6b,2026-05-09T15:40:47.816806Z,failure,False,True
evt_29ba1b0eae97,2026-05-10T10:38:37.852478Z,failure,False,True
evt_5cfc1d2c55e3,2026-05-09T12:39:30.984010Z,failure,False,True
evt_d2934b9b7d01,2026-05-10T09:37:07.808779Z,failure,False,False
evt_f23216c0a61e,2026-05-09T19:49:00.907735Z,failure,False,False
evt_4a54cd948d62,2026-05-10T04:37:19.819357Z,failure,False,True
evt_7f067c3d6bb8,2026-05-09T19:39:30.862364Z,failure,False,False
evt_556dc82dcd0c,2026-05-10T08:37:20.889640Z,failure,False,True
evt_f2cd98d96e81,2026-05-10T12:47:20.908575Z,failure,False,False
evt_49607f44b0ba,2026-05-09T22:37:28.935524Z,failure,False,True
evt_0ed4fe9dc94e,2026-05-09T20:44:43.923791Z,failure,False,False
evt_49822d87ed42,2026-05-09T23:39:41.946402Z,failure,False,True
evt_83581e4f6ff5,2026-05-10T02:41:11.995319Z,success,False,False
evt_2705221552bd,2026-05-10T07:38:19.862044Z,failure,False,False
evt_9d47cbd75a33,2026-05-10T15:43:13.866874Z,failure,False,True
evt_ae3bdd798db4,2026-05-10T06:45:25.850539Z,failure,False,False
evt_2a838b6c03fb,2026-05-09T20:38:04.954132Z,failure,False,False
evt_cda1f55df5eb,2026-05-10T04:37:14.840006Z,failure,False,True
evt_9885aada9b18,2026-05-10T14:38:25.927625Z,failure,False,False
evt_3025e4720dd2,2026-05-10T16:37:13.947068Z,failure,False,True
evt_cd7bf28b367e,2026-05-10T16:37:15.946501Z,failure,False,True
evt_00100a8a0caa,2026-05-10T09:37:25.001568Z,failure,False,True
evt_1cb40c0d2f46,2026-05-10T04:44:01.013777Z,failure,False,True
evt_effc302412da,2026-05-10T20:38:15.823337Z,failure,False,True
evt_752cb39e12ce,2026-05-10T03:38:24.967929Z,failure,False,True
evt_7466755d8b03,2026-05-10T08:37:59.998321Z,failure,False,True
evt_7f5c7a1e9474,2026-05-10T10:44:14.005471Z,failure,False,True
evt_7703a3205401,2026-05-10T09:39:33.811403Z,success,False,True
evt_198b12020771,2026-05-10T10:38:34.925254Z,failure,False,False
evt_a85835a9c910,2026-05-10T04:39:01.790420Z,failure,False,True
evt_bb47cc128b9f,2026-05-10T15:37:12.838696Z,failure,False,False
evt_3774864e45f2,2026-05-10T10:37:35.916462Z,failure,False,False
evt_f433173383de,2026-05-10T19:40:53.813068Z,failure,False,False
evt_f71f8738b140,2026-05-10T21:37:57.891953Z,failure,False,False
evt_cbbbe263c63e,2026-05-10T12:38:54.983561Z,failure,False,True
evt_9576c7e7a56c,2026-05-10T07:37:30.998155Z,failure,False,True
evt_db87f3697399,2026-05-10T05:39:31.819758Z,failure,False,False
evt_230624d96719,2026-05-10T11:43:50.897695Z,failure,False,False
evt_18545db0dbb2,2026-05-10T16:39:46.997132Z,failure,False,False
evt_50106d689343,2026-05-10T22:39:48.000641Z,failure,False,False
evt_3c5c594fb353,2026-05-10T07:37:54.844794Z,failure,False,True
evt_c8b06389db0d,2026-05-10T15:39:47.942238Z,failure,False,False
evt_d6228310af99,2026-05-10T11:38:53.949439Z,failure,False,False
evt_844f4acf6a85,2026-05-11T00:38:12.964817Z,failure,False,True
evt_6899b6561e0c,2026-05-10T07:37:59.936212Z,failure,False,False
evt_5e90e0ffe98d,2026-05-10T18:39:30.960126Z,failure,False,True
evt_f055f1fd358d,2026-05-10T21:40:16.815108Z,failure,False,False
evt_1e61915059f3,2026-05-11T05:41:03.885634Z,success,False,False
evt_962c0d31a126,2026-05-10T15:41:00.894701Z,failure,False,False
evt_86ecdb6ddf42,2026-05-11T01:38:02.831401Z,failure,False,True
evt_837fec1934c4,2026-05-11T03:37:35.845773Z,failure,False,False
evt_f1c7e2f7e3f9,2026-05-11T04:43:42.848973Z,failure,False,False
evt_1075a616df2b,2026-05-10T19:43:08.857943Z,failure,False,False
evt_37eb97700a04,2026-05-10T14:38:35.898062Z,failure,False,False
evt_96f3a300704c,2026-05-10T18:43:46.921922Z,failure,False,False
evt_2045b1df5844,2026-05-10T11:39:50.801747Z,success,False,False
evt_ce402ff52603,2026-05-10T11:38:12.843658Z,failure,False,False
evt_0cb2d30078da,2026-05-11T06:42:26.827579Z,failure,False,True
evt_42237cfdeee2,2026-05-10T14:39:19.906715Z,success,False,True
evt_f200864dd0e7,2026-05-10T14:40:50.959279Z,failure,False,False
evt_4a68c2a278bf,2026-05-11T03:44:17.783088Z,failure,False,False
evt_e8980bd0fe97,2026-05-11T05:37:45.814414Z,failure,False,True
evt_a02c1f9cab32,2026-05-11T08:38:21.825787Z,failure,False,False
evt_114c50826438,2026-05-10T13:38:42.952576Z,failure,False,False
evt_3b9f9fca7376,2026-05-11T06:39:04.983831Z,failure,False,True
evt_acb4aebf145b,2026-05-11T11:39:08.818323Z,failure,False,False
evt_eba211479819,2026-05-11T07:41:36.808474Z,failure,False,True
evt_ad53e8a1d147,2026-05-11T10:39:15.867376Z,failure,False,True
evt_f250b45b6092,2026-05-11T04:40:08.983638Z,failure,False,False
evt_b3b350f90f36,2026-05-11T05:40:09.984933Z,failure,False,True
evt_c3f9fcf8e879,2026-05-10T20:37:47.993962Z,failure,False,True
evt_852c540c0695,2026-05-11T12:42:49.965287Z,failure,False,True
evt_3b2f7700a327,2026-05-11T12:38:41.792687Z,failure,False,True
evt_81182765129c,2026-05-11T15:37:58.874059Z,failure,False,False
evt_a818f539b96e,2026-05-11T04:37:35.986754Z,failure,False,True
evt_c741da87d36c,2026-05-11T10:37:15.807073Z,failure,False,True
evt_112a6067667f,2026-05-11T01:37:53.836885Z,success,False,False
evt_6681bc99f6eb,2026-05-11T15:37:40.845014Z,failure,False,False
evt_f40f8d323c1c,2026-05-11T01:37:31.845968Z,failure,False,False
evt_97938f35738c,2026-05-11T17:38:56.817887Z,failure,False,True
evt_dbab49c87fc6,2026-05-11T05:44:38.844583Z,failure,False,True
evt_b80125d6d840,2026-05-11T10:43:19.787172Z,failure,False,False
evt_b87c2535d2ec,2026-05-11T18:46:08.793181Z,failure,False,False
evt_add44a3c14f1,2026-05-11T11:39:08.795106Z,failure,False,False
evt_aa0e6a2ed4cc,2026-05-10T20:41:02.007799Z,failure,False,True
evt_29b8269a99eb,2026-05-11T01:38:39.898804Z,failure,False,False
evt_de09cb2f35f3,2026-05-11T21:44:53.787566Z,failure,False,False
evt_8865a52326c9,2026-05-11T08:38:53.825559Z,failure,False,False
evt_6677ab473a9b,2026-05-11T04:38:58.981492Z,failure,False,False
evt_308ec7f96913,2026-05-11T17:39:12.795700Z,failure,False,True
evt_60aea0a4797a,2026-05-11T23:44:44.904566Z,failure,False,False
evt_2b60611ffe97,2026-05-11T23:42:44.948279Z,success,False,True
evt_657736569727,2026-05-11T13:40:13.975923Z,failure,False,False
evt_e12a818a71f7,2026-05-11T20:41:23.993852Z,failure,False,False
evt_0b777141eae0,2026-05-11T10:38:10.872790Z,failure,False,False
evt_a42dc496b81e,2026-05-11T14:40:15.960064Z,failure,False,True
evt_a0b3ec33893f,2026-05-12T01:37:11.841942Z,failure,False,True
evt_0bf75e09da14,2026-05-11T16:37:16.003231Z,failure,False,True
evt_90d77d26c139,2026-05-11T19:44:11.831855Z,failure,False,True
evt_5ccbe9c1fe1d,2026-05-11T19:43:36.016135Z,failure,False,True
evt_482b4ae387fa,2026-05-12T02:39:54.855444Z,failure,False,True
evt_c4a7b83e7d3d,2026-05-11T22:43:31.893210Z,failure,False,False
evt_f60693e4feca,2026-05-12T06:37:47.896113Z,failure,False,False
evt_ebc4d25e8bea,2026-05-11T16:41:18.814961Z,failure,False,True
evt_2b6dae6d3051,2026-05-12T00:46:34.823358Z,failure,False,True
evt_7fce1c377d5f,2026-05-11T17:47:36.937762Z,failure,False,False
evt_909d62e7b9ae,2026-05-11T13:40:19.930509Z,failure,False,False
evt_b76c2f203220,2026-05-11T16:41:27.899895Z,failure,False,False
evt_91b7930f9c38,2026-05-12T05:38:20.907421Z,success,False,False
evt_aaf852c4697f,2026-05-11T15:37:42.795410Z,failure,False,False
evt_f369cd41e794,2026-05-12T03:40:54.898740Z,failure,False,True
evt_5b2498afc8e6,2026-05-11T19:42:52.917488Z,failure,False,False
evt_7773e7c74cee,2026-05-12T10:45:16.927886Z,failure,False,False
evt_8392ca5e5736,2026-05-12T11:37:53.797037Z,failure,False,False
evt_d203cef7d3e2,2026-05-12T07:46:49.800350Z,failure,False,False
evt_aa527f3d9904,2026-05-12T08:43:15.813006Z,failure,False,True
evt_afde304186b5,2026-05-12T12:37:21.857801Z,failure,False,False
evt_4e913c1e7775,2026-05-11T16:37:14.937505Z,failure,False,False
evt_1a4e4c5738ca,2026-05-11T23:37:08.968261Z,failure,False,False
evt_3519036e0bd1,2026-05-11T19:38:49.825374Z,failure,False,False
evt_f457b61bbc21,2026-05-12T04:41:20.012157Z,failure,False,False
evt_9a2cea18e2a1,2026-05-12T12:38:07.887607Z,failure,False,True
evt_e91dd6c48c08,2026-05-12T06:44:17.789828Z,failure,False,True
evt_281588d17fc8,2026-05-12T12:37:24.849035Z,failure,False,True
evt_149b51e2c01f,2026-05-12T02:39:23.901656Z,success,False,True
evt_eb47586a8de4,2026-05-11T23:38:34.906792Z,failure,False,False
evt_9e042db2bb49,2026-05-12T20:39:45.783855Z,failure,False,False
evt_95c4f4c9edcf,2026-05-12T05:39:10.851519Z,failure,False,True
evt_22bdfadf3b96,2026-05-12T03:38:03.797514Z,failure,False,True
evt_4876c82972d4,2026-05-12T06:37:44.912523Z,failure,False,True
evt_cc700a256eb0,2026-05-12T03:42:11.788506Z,success,False,False
evt_d18ea46eebd0,2026-05-12T02:39:46.829553Z,failure,False,False
evt_ebe5cf8f9e9b,2026-05-12T16:42:50.867771Z,failure,False,True
evt_f8b2c346c0c1,2026-05-12T13:43:28.925644Z,failure,False,False
evt_ce07a1393b5c,2026-05-12T22:42:43.954951Z,failure,False,True
evt_3ddc16f252b9,2026-05-12T02:37:53.982298Z,failure,False,True
evt_a7f1a0f2bd29,2026-05-12T14:44:29.011932Z,success,False,False
evt_67daa9671f82,2026-05-12T19:39:03.919072Z,failure,False,False
evt_482bdfb0612d,2026-05-12T04:37:40.001107Z,failure,False,False
evt_8905e86745f2,2026-05-12T08:42:32.789302Z,failure,False,False
evt_d5bf620316ca,2026-05-13T03:40:50.810709Z,failure,False,False
evt_0c1ea85d86df,2026-05-12T18:41:03.816367Z,failure,False,False
evt_5e38af2a819d,2026-05-12T09:37:15.898839Z,failure,False,False
evt_4ab4756fd16b,2026-05-12T16:37:55.989044Z,failure,False,True
evt_2b33d7a245a8,2026-05-12T11:41:36.928057Z,failure,False,False
evt_3159f21e3a88,2026-05-12T14:43:48.949377Z,success,False,False
evt_72dcdf8f6a62,2026-05-12T09:45:00.806393Z,failure,False,True
evt_fd667e8b219a,2026-05-12T18:48:22.938490Z,failure,False,True
evt_11fbe8392999,2026-05-12T13:38:23.785197Z,success,False,True
evt_3109d615e133,2026-05-12T13:37:16.829591Z,failure,False,True
evt_c661403e5a0c,2026-05-12T19:37:51.946013Z,failure,False,False
evt_2e6a48ecff30,2026-05-13T04:38:18.841228Z,failure,False,True
evt_7c23349109ab,2026-05-12T22:38:02.859852Z,failure,False,True
evt_780392ac88ac,2026-05-13T00:46:03.782139Z,failure,False,False
evt_b89f790ee7a2,2026-05-13T01:42:28.811333Z,failure,False,True
evt_4cde93b59d6f,2026-05-12T21:39:17.909410Z,failure,False,True
evt_78e54e8ce9bd,2026-05-12T11:39:15.957313Z,failure,False,False
evt_c656e0cd088b,2026-05-12T16:39:54.985497Z,failure,False,True
evt_5d3627ee8e33,2026-05-12T19:41:29.897614Z,failure,False,False
evt_bbb0289c3153,2026-05-12T16:40:32.852129Z,failure,False,True
evt_7ef6cff3c72a,2026-05-12T20:46:37.914373Z,failure,False,False
evt_2e35f61fe966,2026-05-13T11:38:49.971083Z,failure,False,False
evt_8dcafe963b0f,2026-05-12T17:44:11.884136Z,failure,False,True
evt_6eb960a72896,2026-05-13T03:37:13.850843Z,failure,False,False
evt_e652858e0a9e,2026-05-12T22:37:33.883966Z,failure,False,False
evt_abfb4329a9bb,2026-05-13T11:38:10.904909Z,failure,False,True
evt_ac7104df3b0d,2026-05-13T05:41:32.922795Z,failure,False,True
evt_1b2207fd5079,2026-05-12T21:42:57.931896Z,failure,False,True
evt_b2e935c76861,2026-05-13T07:41:40.946538Z,failure,False,True
evt_5756ed865b7e,2026-05-13T06:39:37.016548Z,failure,False,False
evt_c7875eafc7a6,2026-05-13T10:37:42.850278Z,failure,False,True
evt_b66fabb963da,2026-05-12T23:42:55.009489Z,failure,False,True
evt_06f4fb2b4767,2026-05-12T22:40:00.844638Z,failure,False,True
evt_35aed68c2d67,2026-05-12T18:37:35.900556Z,success,False,False
evt_1fa2ca84e75e,2026-05-12T21:39:25.948663Z,failure,False,True
evt_90b9e94826e8,2026-05-13T00:37:24.972078Z,success,False,True
evt_605346584da9,2026-05-13T15:42:41.847320Z,failure,False,False
evt_6016e41c20c6,2026-05-13T14:46:18.866248Z,failure,False,False
evt_474ee69e9f6f,2026-05-13T18:37:31.920417Z,failure,False,False
evt_0433336395b7,2026-05-13T03:48:03.818194Z,failure,False,True
evt_c6500a72cad3,2026-05-12T23:48:57.862782Z,failure,False,False
evt_9710bdaacfb1,2026-05-13T21:45:42.962858Z,failure,False,False
evt_87dbca35463f,2026-05-13T19:38:10.994626Z,failure,False,True
evt_a81542479c6d,2026-05-13T02:40:07.816544Z,success,False,True
evt_d3ed6d7911dd,2026-05-13T02:40:53.851981Z,failure,False,True
evt_b0140eed6210,2026-05-13T22:41:06.915928Z,failure,False,False
evt_ad34ccb2313a,2026-05-13T03:37:38.952374Z,failure,False,False
evt_20743eefb16f,2026-05-13T14:41:52.979836Z,failure,False,True
evt_3605f12b4203,2026-05-13T15:37:46.800001Z,failure,False,False
evt_e91fadcc7670,2026-05-13T04:40:12.998705Z,success,False,True
evt_67800f3afb25,2026-05-13T12:42:52.863692Z,failure,False,True
evt_2ef874f5a3ce,2026-05-14T01:46:55.915330Z,failure,False,False
evt_3f61c2dc4e43,2026-05-13T08:44:43.809050Z,failure,False,True
evt_1df0d47193fc,2026-05-13T14:37:36.858511Z,failure,False,True
evt_746298dccd9e,2026-05-13T21:39:26.957233Z,success,False,False
evt_1b4f74732d64,2026-05-13T05:37:14.861093Z,success,False,False
evt_e2e3c38316bb,2026-05-13T22:39:47.808590Z,failure,False,True
evt_7bd3dbb177d8,2026-05-13T15:39:32.843940Z,failure,False,True
evt_675f45a83e02,2026-05-13T14:43:57.855271Z,failure,False,True
evt_b814ed9a6f0e,2026-05-13T15:43:00.980269Z,failure,False,False
evt_eee9f5d63472,2026-05-13T13:38:27.857042Z,failure,False,True
evt_f6549839f5c9,2026-05-13T06:38:42.005549Z,failure,False,True
evt_ccc624b69139,2026-05-13T18:41:45.986733Z,failure,False,True
evt_ad0077bf3aaf,2026-05-13T21:37:41.785913Z,success,False,True
evt_650b7e6ede5e,2026-05-14T01:39:45.852112Z,failure,False,False
evt_8f1b236870b7,2026-05-13T12:43:44.918956Z,failure,False,True
evt_07b0af228134,2026-05-13T13:37:22.999467Z,failure,False,True
evt_de79f76a73a2,2026-05-13T17:37:57.810021Z,failure,False,True
evt_0ead5d082b7b,2026-05-13T09:37:43.846727Z,failure,False,True
evt_e14f1b401f2d,2026-05-14T03:38:31.856617Z,failure,False,True
evt_47e4f7cac79d,2026-05-14T05:42:02.862959Z,failure,False,False
evt_c37cac2494ec,2026-05-13T11:42:36.887062Z,failure,False,True
evt_29a0bcdc0cba,2026-05-14T06:42:07.916383Z,failure,False,False
evt_056fe0e24b59,2026-05-13T20:38:03.884857Z,failure,False,True
evt_f0dba0282909,2026-05-13T16:39:37.888034Z,failure,False,False
evt_ea2f87bbef26,2026-05-13T23:37:39.949211Z,failure,False,True
evt_e22efdb5c6db,2026-05-13T21:38:03.798315Z,failure,False,True
evt_01b1b282312a,2026-05-14T10:38:33.910555Z,failure,False,True
evt_36e6f464fed2,2026-05-14T02:39:56.970043Z,failure,False,False
evt_5b78a682bbb2,2026-05-14T07:46:20.976992Z,failure,False,True
evt_db6d8d7be1e0,2026-05-14T11:38:44.001087Z,failure,False,False
evt_285dfa813229,2026-05-13T21:39:26.844328Z,failure,False,False
evt_d0a71b56070c,2026-05-13T13:39:52.913238Z,failure,False,False
evt_182ba97ce7ce,2026-05-13T23:38:22.983927Z,failure,False,True
evt_2ed77b74d37b,2026-05-14T05:45:58.994193Z,failure,False,False
evt_33ab1a14221e,2026-05-14T06:37:09.883673Z,failure,False,True
evt_123f162d75f6,2026-05-13T16:40:41.890533Z,failure,False,True
evt_b50b26348861,2026-05-14T03:45:54.918324Z,failure,False,False
evt_61934e56466f,2026-05-14T02:40:44.989124Z,success,False,False
evt_82182f7396fa,2026-05-13T23:38:59.782941Z,failure,False,True
evt_34f53d85652c,2026-05-13T21:40:48.937370Z,failure,False,False
evt_fbfc734c5a28,2026-05-13T22:37:28.982583Z,failure,False,True
evt_0516bfefc14c,2026-05-14T15:40:53.847742Z,failure,False,True
evt_0596c5909040,2026-05-13T21:37:41.957194Z,failure,False,True
evt_66f1a97a4261,2026-05-13T18:39:18.885489Z,failure,False,True
evt_24ca288dc17f,2026-05-14T06:43:49.967951Z,failure,False,False
evt_37cc98fcde96,2026-05-14T01:38:02.835063Z,failure,False,False
evt_0e55f06a98b9,2026-05-14T03:39:19.860834Z,failure,False,True
evt_e4f37503b0d3,2026-05-14T17:38:30.916506Z,failure,False,True
evt_58a850e7b0a7,2026-05-14T10:38:19.932379Z,failure,False,False
evt_9b595cab4f67,2026-05-14T01:38:39.934720Z,failure,False,False
evt_9687ec71f335,2026-05-14T12:37:14.837977Z,success,False,True
evt_267aa682d5ac,2026-05-14T19:38:27.891115Z,failure,False,True
evt_da65e6f140b8,2026-05-13T22:37:18.898563Z,failure,False,True
evt_8a75f086ba23,2026-05-14T04:44:36.935564Z,failure,False,True
evt_ba8a91b8e91d,2026-05-14T05:43:03.986905Z,failure,False,False
evt_0e733bd309e9,2026-05-14T04:47:45.801138Z,failure,False,True
evt_f19f92e5d7b3,2026-05-14T17:38:40.850046Z,failure,False,True
evt_c4e67435683d,2026-05-13T23:37:34.927167Z,failure,False,False
evt_052f55e142f8,2026-05-14T05:37:43.951796Z,failure,False,True
evt_e0c7869ac7a4,2026-05-14T03:41:45.793673Z,success,False,False
evt_1eb9f4703cd8,2026-05-14T01:44:42.862724Z,failure,False,False
evt_cdf857dcf9fd,2026-05-14T00:38:01.796601Z,failure,False,False
evt_50909f334e46,2026-05-14T18:39:48.860718Z,failure,False,True
evt_eb3f09570d05,2026-05-13T23:37:08.911150Z,failure,False,False
evt_600909cf6c02,2026-05-14T08:41:27.990252Z,failure,False,False
evt_f289ff15e3a3,2026-05-14T17:42:11.840738Z,failure,False,False
evt_f6feb21332f2,2026-05-14T18:42:56.861616Z,failure,False,True
evt_a0e6d77463b6,2026-05-14T22:37:31.861990Z,success,False,True
evt_212992691d6a,2026-05-14T07:42:34.879881Z,failure,False,True
evt_1a8ef4a5e54c,2026-05-14T13:41:02.931635Z,failure,False,False
evt_9f4f37fa2f9d,2026-05-14T05:40:59.987480Z,failure,False,True
evt_97a9f16ba365,2026-05-14T17:37:52.806535Z,failure,False,True
evt_b5599e5c2b28,2026-05-14T04:37:38.848563Z,success,False,True
evt_00978745d752,2026-05-14T07:40:43.976107Z,failure,False,False
evt_05b6b2e6f158,2026-05-14T21:46:02.855464Z,failure,False,True
evt_10e806d6ec6b,2026-05-14T20:48:47.923431Z,failure,False,False
evt_3796c2e79fe2,2026-05-14T14:37:32.937579Z,failure,False,False
evt_8e70640a886f,2026-05-14T23:41:09.861391Z,failure,False,False
evt_3a1c9f33edf5,2026-05-15T00:42:14.850735Z,failure,False,False
evt_7562da1be16b,2026-05-14T08:38:46.928734Z,failure,False,False
evt_89241e30516a,2026-05-14T23:37:59.934650Z,failure,False,True
evt_136b93bc9436,2026-05-14T15:38:03.952319Z,failure,False,False
evt_e61e7d93cbde,2026-05-14T20:38:01.976149Z,failure,False,True
evt_68b01dafd1e5,2026-05-14T21:38:20.815803Z,failure,False,False
evt_7b8d79976ebc,2026-05-15T02:46:14.823248Z,failure,False,True
evt_62255f29cb78,2026-05-14T16:44:29.879155Z,failure,False,False
evt_53b696da837b,2026-05-15T00:37:33.920020Z,failure,False,False
evt_0c0c45d8afc2,2026-05-15T05:44:47.933674Z,failure,False,True
evt_5dca05a024e2,2026-05-14T22:39:18.981114Z,failure,False,True
evt_19aeae251156,2026-05-15T00:42:59.002217Z,failure,False,True
evt_5772f6736256,2026-05-14T15:38:01.003016Z,success,False,False
evt_0813248c3082,2026-05-15T09:45:58.836658Z,failure,False,True
evt_475f0877ccc9,2026-05-15T02:39:42.800227Z,failure,False,True
evt_8d4b60849aae,2026-05-15T06:42:38.915452Z,failure,False,False
evt_59e0b599f047,2026-05-14T11:39:51.925528Z,failure,False,True
evt_a2841904ab4a,2026-05-14T12:37:06.867256Z,failure,False,False
evt_64f5a5176ed3,2026-05-14T18:42:48.877900Z,failure,False,True
evt_e9f833c9084e,2026-05-15T10:42:22.788028Z,failure,False,False
evt_7179a5d362e9,2026-05-14T18:38:00.809579Z,success,False,True
evt_c2f977748547,2026-05-15T10:37:19.009888Z,failure,False,False
evt_e74a6a6b846a,2026-05-15T07:37:29.016302Z,failure,False,True
evt_0d1329d7edf6,2026-05-15T05:37:26.833965Z,success,False,False
evt_f8a234316bae,2026-05-15T01:40:39.840484Z,failure,False,True
evt_12555c945cb7,2026-05-15T00:43:57.935697Z,failure,False,True
evt_97a047c8c792,2026-05-14T18:37:36.988459Z,failure,False,False
evt_50a20f6ce177,2026-05-14T17:37:05.793541Z,failure,False,False
evt_2ed24b0727fc,2026-05-14T21:37:23.824009Z,success,False,True
evt_cbd668a8f732,2026-05-14T17:47:16.843333Z,failure,False,True
evt_a5e78c4dbfb8,2026-05-15T07:37:54.014647Z,failure,False,True
evt_7c36bf79841f,2026-05-14T19:41:18.851160Z,failure,False,True
evt_88aa00eac849,2026-05-15T05:37:17.841208Z,failure,False,False
evt_602e88b27b7f,2026-05-15T18:42:19.008330Z,failure,False,True
evt_74e1272fc7b6,2026-05-15T10:38:38.892916Z,failure,False,True
evt_78ecaddfba33,2026-05-15T07:38:24.999349Z,failure,False,False
evt_e677b8eb9f54,2026-05-15T00:41:10.797017Z,failure,False,False
evt_3feb36d38b0a,2026-05-15T17:43:54.825993Z,failure,False,True
evt_3eae16a57bba,2026-05-15T01:42:06.810767Z,failure,False,False
evt_77f6639426c5,2026-05-15T03:41:57.850597Z,failure,False,True
evt_6f25ab9cb116,2026-05-15T23:37:50.958414Z,failure,False,True
evt_4b3848751433,2026-05-15T00:37:26.997910Z,failure,False,True
evt_b7bd655e013b,2026-05-15T04:41:30.826350Z,failure,False,True
evt_a41e99f36531,2026-05-15T13:37:51.959361Z,failure,False,False
evt_fba684902899,2026-05-15T12:38:01.882989Z,failure,False,True
evt_85d4fd9617a4,2026-05-15T02:37:59.898376Z,failure,False,False
evt_da3c07109324,2026-05-15T10:39:01.798151Z,failure,False,False
evt_b82ddc4bf8a1,2026-05-15T15:37:13.830294Z,failure,False,False
evt_03b14342a82a,2026-05-15T23:38:29.922970Z,failure,False,False
evt_f268440c2b17,2026-05-15T11:37:05.798709Z,failure,False,True
evt_71ff02c126c0,2026-05-15T18:38:00.805879Z,failure,False,True
evt_49f88f28dd39,2026-05-15T09:37:08.814522Z,failure,False,True
evt_b68923dde305,2026-05-15T14:44:15.881846Z,failure,False,False
evt_46dd187b5f0f,2026-05-16T01:40:12.832773Z,failure,False,True
evt_c0de3c84d5c3,2026-05-15T18:42:54.908637Z,failure,False,False
evt_a823e07fe9d4,2026-05-16T01:39:15.907920Z,failure,False,False
evt_954f423d7b26,2026-05-15T14:40:08.955536Z,failure,False,False
evt_a506d0b265b3,2026-05-15T14:39:49.791201Z,failure,False,False
evt_8711bfce33ce,2026-05-16T03:37:46.803020Z,failure,False,True
evt_61a0c0064e19,2026-05-16T07:39:56.813433Z,success,False,True
evt_4ef8b0f92e52,2026-05-15T17:45:33.850258Z,failure,False,True
evt_9ffde9ba36b4,2026-05-15T19:37:43.983601Z,failure,False,True
evt_3c1619b5af5e,2026-05-16T15:37:50.782118Z,failure,False,False
evt_af89fdbdbb12,2026-05-15T18:38:53.860074Z,failure,False,True
evt_2ad06bc36de1,2026-05-16T01:38:25.872810Z,failure,False,False
evt_e215f622772a,2026-05-16T15:37:54.998038Z,failure,False,True
evt_e2cfcf7364a0,2026-05-16T16:38:03.871659Z,failure,False,True
evt_fda05d4cbeef,2026-05-16T15:42:56.828410Z,failure,False,True
evt_9e2c0e5ec49f,2026-05-16T02:40:09.901492Z,failure,False,False
evt_f90f270a1f92,2026-05-16T08:44:51.952415Z,failure,False,False
evt_a66f4b4e4ce5,2026-05-16T05:38:18.959578Z,failure,False,False
evt_4122464ea647,2026-05-16T00:37:47.831954Z,failure,False,True
evt_0fdc96a6085d,2026-05-16T08:40:01.885468Z,failure,False,False
evt_8359e8fdeb81,2026-05-16T03:41:35.954831Z,failure,False,True
evt_fb82b6ff758e,2026-05-16T01:40:24.955871Z,success,False,True
evt_654ba5a0883b,2026-05-16T01:37:26.949398Z,failure,False,False
evt_a08495af2037,2026-05-16T22:38:14.990172Z,failure,False,False
evt_e46df04f8ba5,2026-05-16T17:37:24.935956Z,failure,False,False
evt_9e54e3428d77,2026-05-16T22:43:50.951537Z,failure,False,True
evt_b512aa9df903,2026-05-16T18:38:16.006738Z,failure,False,True
evt_c126bdc66b14,2026-05-16T06:41:09.794746Z,failure,False,True
evt_6787690ebba5,2026-05-16T09:44:17.793475Z,failure,False,True
evt_fdd30d61d9a0,2026-05-16T13:38:43.834874Z,failure,False,True
evt_5fa04be89171,2026-05-16T04:40:22.926300Z,failure,False,True
evt_47eef7b0f72d,2026-05-16T22:39:50.988823Z,failure,False,False
evt_3d75a6f267ec,2026-05-17T01:42:35.947432Z,failure,False,True
evt_0be26155e90a,2026-05-16T05:39:02.802022Z,failure,False,False
evt_984afc6eed77,2026-05-16T10:38:56.815139Z,success,False,True
evt_7ff4aace86d0,2026-05-16T14:37:33.867274Z,failure,False,False
evt_fb050d5ef409,2026-05-16T17:38:17.946343Z,failure,False,False
evt_4887651dfdd7,2026-05-17T00:44:28.946929Z,failure,False,False
evt_3bd7a2cbbb18,2026-05-16T20:42:28.947779Z,success,False,True
evt_d31e5019e3c9,2026-05-17T03:39:33.014456Z,failure,False,False
evt_707882bddaf1,2026-05-16T20:40:21.831142Z,failure,False,False
evt_e1eab5811136,2026-05-16T23:42:02.878325Z,failure,False,True
evt_87f6a7de0fe7,2026-05-16T21:41:33.947148Z,failure,False,True
evt_983d05f07faf,2026-05-16T09:37:29.011325Z,failure,False,False
evt_d6c1f5a94042,2026-05-16T10:38:13.901914Z,failure,False,True
evt_6f39273a77b0,2026-05-16T16:37:06.912853Z,failure,False,False
evt_18214fce1a6f,2026-05-17T04:40:52.940292Z,failure,False,True
evt_a9242faead8e,2026-05-16T14:39:13.815371Z,failure,False,True
evt_956ea1a8d92b,2026-05-17T05:46:52.824833Z,failure,False,True
evt_41e5127474b6,2026-05-16T16:42:44.892358Z,failure,False,True
evt_3982606a10e6,2026-05-16T18:39:16.918885Z,failure,False,False
evt_206473c7cbc4,2026-05-16T10:37:45.996712Z,failure,False,True
evt_e925bc0f2eba,2026-05-16T22:37:07.782270Z,failure,False,False
evt_5b0e1d6f8e65,2026-05-16T15:37:58.934884Z,failure,False,True
evt_3039ad12d3b0,2026-05-16T17:39:34.955474Z,failure,False,True
evt_571d30475969,2026-05-17T02:39:44.956730Z,success,False,True
evt_314025be5009,2026-05-17T03:37:52.893232Z,failure,False,False
evt_566a5dca4e31,2026-05-17T10:38:56.918626Z,failure,False,True
